layers,z_A,z_from_central_gap_A,planar_LVHAR_eV,macro_LVHAR_eV,planar_density_e_per_A3,lower_vacuum_eV,upper_vacuum_eV,macro_inside_slab
2,0,-20.7616462856,6.00578513679,6.00550407513,1.2301040735e-07,4.58083283089,7.43051484931,0
2,0.0649504552242,-20.6966958304,5.45775073454,5.99025921911,1.25872403798e-07,4.58083283089,7.43051484931,0
2,0.129900910448,-20.6317453752,4.99568762476,5.9750127273,1.30366494446e-07,4.58083283089,7.43051484931,0
2,0.194851365673,-20.5667949199,4.68838358922,5.9597651624,1.35859856182e-07,4.58083283089,7.43051484931,0
2,0.259801820897,-20.5018444647,4.58097956686,5.94451577397,1.41291649198e-07,4.58083283089,7.43051484931,0
2,0.324752276121,-20.4368940095,4.58094286123,5.92926505493,1.45709396063e-07,4.58083283089,7.43051484931,0
2,0.389702731345,-20.3719435543,4.58097841405,5.91401218173,1.48763604296e-07,4.58083283089,7.43051484931,0
2,0.454653186569,-20.306993099,4.58094168632,5.89875756243,1.5092516329e-07,4.58083283089,7.43051484931,0
2,0.519603641793,-20.2420426438,4.58097685428,5.88350027642,1.53260321925e-07,4.58083283089,7.43051484931,0
2,0.584554097018,-20.1770921886,4.5809400558,5.86824061797,1.56864687979e-07,4.58083283089,7.43051484931,0
2,0.649504552242,-20.1121417334,4.58097482502,5.85297753272,1.62275501686e-07,4.58083283089,7.43051484931,0
2,0.714455007466,-20.0471912781,4.58093793669,5.83771116308,1.69213376782e-07,4.58083283089,7.43051484931,0
2,0.77940546269,-19.9822408229,4.58097231603,5.82244026705,1.7675160735e-07,4.58083283089,7.43051484931,0
2,0.844355917914,-19.9172903677,4.58093532403,5.80716476879,1.83792854181e-07,4.58083283089,7.43051484931,0
2,0.909306373138,-19.8523399125,4.58096932839,5.79188315441,1.89612038285e-07,4.58083283089,7.43051484931,0
2,0.974256828363,-19.7873894572,4.58093220526,5.77659503114,1.9424542172e-07,4.58083283089,7.43051484931,0
2,1.03920728359,-19.722439002,4.58096579847,5.76129848864,1.98513988626e-07,4.58083283089,7.43051484931,0
2,1.10415773881,-19.6574885468,4.58092846441,5.74599267061,2.03624364101e-07,4.58083283089,7.43051484931,0
2,1.16910819404,-19.5925380916,4.58096161166,5.73067508879,2.10519817426e-07,4.58083283089,7.43051484931,0
2,1.23405864926,-19.5275876363,4.58092403443,5.71534420884,2.19371597272e-07,4.58083283089,7.43051484931,0
2,1.29900910448,-19.4626371811,4.58095677126,5.69999669894,2.29504039606e-07,4.58083283089,7.43051484931,0
2,1.36395955971,-19.3976867259,4.58091895755,5.68463002887,2.39778424901e-07,4.58083283089,7.43051484931,0
2,1.42891001493,-19.3327362707,4.58095128913,5.66923962562,2.49181599648e-07,4.58083283089,7.43051484931,0
2,1.49386047016,-19.2677858154,4.58091318539,5.65382148026,2.573342591e-07,4.58083283089,7.43051484931,0
2,1.55881092538,-19.2028353602,4.58094506588,5.63836917957,2.64692444645e-07,4.58083283089,7.43051484931,0
2,1.6237613806,-19.137884905,4.58090660822,5.62287651403,2.723564439e-07,4.58083283089,7.43051484931,0
2,1.68871183583,-19.0729344498,4.58093801913,5.60733434197,2.81528541694e-07,4.58083283089,7.43051484931,0
2,1.75366229105,-19.0079839946,4.58089917417,5.59173318229,2.92879489971e-07,4.58083283089,7.43051484931,0
2,1.81861274628,-18.9430335393,4.58093014396,5.57605984426,3.06170868427e-07,4.58083283089,7.43051484931,0
2,1.8835632015,-18.8780830841,4.58089089787,5.56029996895,3.20386133711e-07,4.58083283089,7.43051484931,0
2,1.94851365673,-18.8131326289,4.5809213659,5.54443432251,3.34289921039e-07,4.58083283089,7.43051484931,0
2,2.01346411195,-18.7481821737,4.58088160061,5.52844122788,3.47096763264e-07,4.58083283089,7.43051484931,0
2,2.07841456717,-18.6832317184,4.5809115226,5.51229238166,3.5887474959e-07,4.58083283089,7.43051484931,0
2,2.1433650224,-18.6182812632,4.58087122299,5.4959550989,3.70510578678e-07,4.58083283089,7.43051484931,0
2,2.20831547762,-18.553330808,4.58090062157,5.47938746186,3.83265320753e-07,4.58083283089,7.43051484931,0
2,2.27326593285,-18.4883803528,4.5808597248,5.46254026534,3.98149598906e-07,4.58083283089,7.43051484931,0
2,2.33821638807,-18.4234298975,4.58088855089,5.44535121023,4.15408795813e-07,4.58083283089,7.43051484931,0
2,2.40316684329,-18.3584794423,4.58084699386,5.42774636602,4.34400354677e-07,4.58083283089,7.43051484931,0
2,2.46811729852,-18.2935289871,4.58087520846,5.40963298127,4.53933767033e-07,4.58083283089,7.43051484931,0
2,2.53306775374,-18.2285785319,4.58083290334,5.39090021552,4.72907623814e-07,4.58083283089,7.43051484931,0
2,2.59801820897,-18.1636280766,4.58086049444,5.37141002636,4.9088773494e-07,4.58083283089,7.43051484931,0
2,2.66296866419,-18.0986776214,4.58081742067,5.35099694994,5.08343527596e-07,4.58083283089,7.43051484931,0
2,2.72791911942,-18.0337271662,4.580844339,5.3294565433,5.26431156827e-07,4.58083283089,7.43051484931,0
2,2.79286957464,-17.968776711,4.5808003721,5.30654621155,5.46445325158e-07,4.58083283089,7.43051484931,0
2,2.85782002986,-17.9038262557,4.58082655503,5.28201475371,5.69177691154e-07,4.58083283089,7.43051484931,0
2,2.92277048509,-17.8388758005,4.58078159004,5.25566855832,5.94509915211e-07,4.58083283089,7.43051484931,0
2,2.98772094031,-17.7739253453,4.58080699752,5.22703788626,6.21473833026e-07,4.58083283089,7.43051484931,0
2,3.05267139554,-17.7089748901,4.58076101312,5.19524572828,6.48795296348e-07,4.58083283089,7.43051484931,0
2,3.11762185076,-17.6440244348,4.5807856312,5.15921405346,6.75609230916e-07,4.58083283089,7.43051484931,0
2,3.18257230598,-17.5790739796,4.58073850635,5.11788679587,7.01943162718e-07,4.58083283089,7.43051484931,0
2,3.24752276121,-17.5141235244,4.58076224628,5.07040760636,7.28710914777e-07,4.58083283089,7.43051484931,0
2,3.31247321643,-17.4491730692,4.58071383821,5.01620966531,7.57282785445e-07,4.58083283089,7.43051484931,0
2,3.37742367166,-17.3842226139,4.58073657963,4.95504871987,7.88858642484e-07,4.58083283089,7.43051484931,0
2,3.44237412688,-17.3192721587,4.58068677975,4.88698742924,8.2393466591e-07,4.58083283089,7.43051484931,0
2,3.50732458211,-17.2543217035,4.58070849249,4.81235753709,8.62094800926e-07,4.58083283089,7.43051484931,0
2,3.57227503733,-17.1893712483,4.58065720941,4.73171097877,9.02283861878e-07,4.58083283089,7.43051484931,0
2,3.63722549255,-17.1244207931,4.58067784828,4.64577285585,9.43450230253e-07,4.58083283089,7.43051484931,0
2,3.70217594778,-17.0594703378,4.58062494858,4.55546012082,9.85208065237e-07,4.58083283089,7.43051484931,0
2,3.767126403,-16.9945198826,4.58064434213,4.46186770103,1.02811008867e-06,4.58083283089,7.43051484931,0
2,3.83207685823,-16.9295694274,4.58058961852,4.3660101865,1.07343347054e-06,4.58083283089,7.43051484931,0
2,3.89702731345,-16.8646189722,4.58060769086,4.26871338845,1.12267120658e-06,4.58083283089,7.43051484931,0
2,3.96197776867,-16.7996685169,4.58055098849,4.17049748236,1.17702644296e-06,4.58083283089,7.43051484931,0
2,4.0269282239,-16.7347180617,4.58056761811,4.07163242231,1.23706472651e-06,4.58083283089,7.43051484931,0
2,4.09187867912,-16.6697676065,4.580508778,3.97231628779,1.30264415991e-06,4.58083283089,7.43051484931,0
2,4.15682913435,-16.6048171513,4.58052377781,3.87264679571,1.37319878905e-06,4.58083283089,7.43051484931,0
2,4.22177958957,-16.539866696,4.58046252214,3.77263627208,1.44833083828e-06,4.58083283089,7.43051484931,0
2,4.2867300448,-16.4749162408,4.5804757431,3.67221264024,1.52837782722e-06,4.58083283089,7.43051484931,0
2,4.35168050002,-16.4099657856,4.58041182502,3.57123115386,1.61460890113e-06,4.58083283089,7.43051484931,0
2,4.41663095524,-16.3450153304,4.58042306149,3.46946243938,1.7089813637e-06,4.58083283089,7.43051484931,0
2,4.48158141047,-16.2800648751,4.58035638093,3.36659327763,1.81375294872e-06,4.58083283089,7.43051484931,0
2,4.54653186569,-16.2151144199,4.58036566228,3.26222075257,1.9311953574e-06,4.58083283089,7.43051484931,0
2,4.61148232092,-16.1501639647,4.58029575325,3.15590145142,2.06343605314e-06,4.58083283089,7.43051484931,0
2,4.67643277614,-16.0852135095,4.58030248253,3.04724253672,2.21234329321e-06,4.58083283089,7.43051484931,0
2,4.74138323136,-16.0202630542,4.58022884536,2.93608739246,2.37956478984e-06,4.58083283089,7.43051484931,0
2,4.80633368659,-15.955312599,4.58023257881,2.8227023371,2.56684953668e-06,4.58083283089,7.43051484931,0
2,4.87128414181,-15.8903621438,4.58015466928,2.70785814642,2.77659898751e-06,4.58083283089,7.43051484931,0
2,4.93623459704,-15.8254116886,4.5801550897,2.59247712903,3.01237907062e-06,4.58083283089,7.43051484931,0
2,5.00118505226,-15.7604612333,4.58007234883,2.47745390709,3.279282696e-06,4.58083283089,7.43051484931,0
2,5.06613550749,-15.6955107781,4.5800686177,2.36373689663,3.58417563637e-06,4.58083283089,7.43051484931,0
2,5.13108596271,-15.6305603229,4.57998002056,2.25229377476,3.93578284128e-06,4.58083283089,7.43051484931,0
2,5.19603641793,-15.5656098677,4.57997122417,2.14409329263,4.34433533141e-06,4.58083283089,7.43051484931,0
2,5.26098687316,-15.5006594124,4.57987566902,2.04006430413,4.82075342721e-06,4.58083283089,7.43051484931,0
2,5.32593732838,-15.4357089572,4.57986063316,1.94106935828,5.37589814594e-06,4.58083283089,7.43051484931,0
2,5.39088778361,-15.370758502,4.57975656968,1.84786234245,6.02074434666e-06,4.58083283089,7.43051484931,0
2,5.45583823883,-15.3058080468,4.57973366226,1.7610552985,6.76786015463e-06,4.58083283089,7.43051484931,0
2,5.52078869405,-15.2408575916,4.57961908273,1.68107631779,7.63388621042e-06,4.58083283089,7.43051484931,0
2,5.58573914928,-15.1759071363,4.57958608248,1.6081406058,8.64222076345e-06,4.58083283089,7.43051484931,0
2,5.6506896045,-15.1109566811,4.57945821803,1.54222595808,9.82501033185e-06,4.58083283089,7.43051484931,0
2,5.71564005973,-15.0460062259,4.57941205481,1.48307376127,1.12235026004e-05,4.58083283089,7.43051484931,0
2,5.78059051495,-14.9810557707,4.57926717743,1.4302068061,1.28863424088e-05,4.58083283089,7.43051484931,0
2,5.84554097018,-14.9161053154,4.57920363875,1.3830369364,1.48666835712e-05,4.58083283089,7.43051484931,0
2,5.9104914254,-14.8511548602,4.57903652364,1.34133013497,1.72205423392e-05,4.58083283089,7.43051484931,0
2,5.97544188062,-14.786204405,4.57894962001,1.30519313898,2.00090180291e-05,4.58083283089,7.43051484931,0
2,6.04039233585,-14.7212539498,4.5787529453,1.27451630315,2.33054182553e-05,4.58083283089,7.43051484931,0
2,6.10534279107,-14.6563034945,4.57863417494,1.24883736953,2.72057670987e-05,4.58083283089,7.43051484931,0
2,6.1702932463,-14.5913530393,4.57839766019,1.22748802192,3.18393138534e-05,4.58083283089,7.43051484931,0
2,6.23524370152,-14.5264025841,4.57823509351,1.20956726066,3.73751432126e-05,4.58083283089,7.43051484931,0
2,6.30019415674,-14.4614521289,4.57794427436,1.19396588125,4.40223799091e-05,4.58083283089,7.43051484931,0
2,6.36514461197,-14.3965016736,4.57772093491,1.17941461828,5.20248645712e-05,4.58083283089,7.43051484931,0
2,6.43009506719,-14.3315512184,4.57735515337,1.16494110306,6.16558603563e-05,4.58083283089,7.43051484931,0
2,6.49504552242,-14.2666007632,4.57704650313,1.15011824511,7.3221308177e-05,4.58083283089,7.43051484931,0
2,6.55999597764,-14.201650308,4.57657588509,1.1343318271,8.70785648798e-05,4.58083283089,7.43051484931,0
2,6.62494643287,-14.1366998527,4.57614641184,1.11658541589,0.000103671082696,4.58083283089,7.43051484931,0
2,6.68989688809,-14.0717493975,4.57552796884,1.09570627008,0.000123571633915,4.58083283089,7.43051484931,0
2,6.75484734331,-14.0067989423,4.57492658593,1.07056988294,0.000147521622914,4.58083283089,7.43051484931,0
2,6.81979779854,-13.9418484871,4.57409859409,1.04027400784,0.000176455112099,4.58083283089,7.43051484931,0
2,6.88474825376,-13.8768980318,4.57325148318,1.00422693332,0.000211504431684,4.58083283089,7.43051484931,0
2,6.94969870899,-13.8119475766,4.57212420011,0.962177596943,0.000253998156953,4.58083283089,7.43051484931,0
2,7.01464916421,-13.7469971214,4.57092329208,0.914197323699,0.000305475392635,4.58083283089,7.43051484931,0
2,7.07959961943,-13.6820466662,4.56936510221,0.860640895584,0.000367743849799,4.58083283089,7.43051484931,0
2,7.14455007466,-13.6170962109,4.56765168529,0.802093599414,0.000442997351483,4.58083283089,7.43051484931,0
2,7.20950052988,-13.5521457557,4.56546984877,0.739321070552,0.00053398511789,4.58083283089,7.43051484931,0
2,7.27445098511,-13.4871953005,4.5630117355,0.673220469773,0.000644202180966,4.58083283089,7.43051484931,0
2,7.33940144033,-13.4222448453,4.55992444201,0.604779766993,0.00077806150292,4.58083283089,7.43051484931,0
2,7.40435189556,-13.3572943901,4.55638111126,0.53503371902,0.000941022788006,4.58083283089,7.43051484931,0
2,7.46930235078,-13.2923439348,4.55197354435,0.465024883379,0.00113969106194,4.58083283089,7.43051484931,0
2,7.534252806,-13.2273934796,4.54684131768,0.395760902731,0.00138194663423,4.58083283089,7.43051484931,0
2,7.59920326123,-13.1624430244,4.54049818571,0.328180788028,0.00167720161643,4.58083283089,7.43051484931,0
2,7.66415371645,-13.0974925692,4.53302856591,0.263132353581,0.0020368700371,4.58083283089,7.43051484931,0
2,7.72910417168,-13.0325421139,4.52383586481,0.201430607481,0.00247508149575,4.58083283089,7.43051484931,0
2,7.7940546269,-12.9675916587,4.51291728634,0.14370974415,0.00300958421949,4.58083283089,7.43051484931,0
2,7.85900508212,-12.9026412035,4.49951778559,0.0902001115845,0.00366271676753,4.58083283089,7.43051484931,0
2,7.92395553735,-12.8376907483,4.48349678931,0.0406477828014,0.00446232383131,4.58083283089,7.43051484931,0
2,7.98890599257,-12.772740293,4.46386638423,-0.00578523148855,0.00544257639465,4.58083283089,7.43051484931,0
2,8.0538564478,-12.7077898378,4.44026849428,-0.0503199865845,0.00664481492865,4.58083283089,7.43051484931,0
2,8.11880690302,-12.6428393826,4.41136986749,-0.0944542102586,0.0081186994493,4.58083283089,7.43051484931,0
2,8.18375735825,-12.5778889274,4.37647614437,-0.139884686976,0.00992401685392,4.58083283089,7.43051484931,0
2,8.24870781347,-12.5129384721,4.33374499804,-0.188325223365,0.0121333744947,4.58083283089,7.43051484931,0
2,8.31365826869,-12.4479880169,4.28197267779,-0.241245497504,0.014835689268,4.58083283089,7.43051484931,0
2,8.37860872392,-12.3830375617,4.21856793192,-0.299601898543,0.0181399626902,4.58083283089,7.43051484931,0
2,8.44355917914,-12.3180871065,4.14156012985,-0.363710303127,0.0221784914243,4.58083283089,7.43051484931,0
2,8.50850963437,-12.2531366512,4.04725191886,-0.433565034246,0.027108584984,4.58083283089,7.43051484931,0
2,8.57346008959,-12.188186196,3.93252465402,-0.509003901398,0.033112149157,4.58083283089,7.43051484931,0
2,8.63841054481,-12.1232357408,3.7920678816,-0.589625471759,0.0403930648695,4.58083283089,7.43051484931,0
2,8.70336100004,-12.0582852856,3.62108004904,-0.674840867128,0.0491728265006,4.58083283089,7.43051484931,0
2,8.76831145526,-11.9933348303,3.41205770208,-0.763897760484,0.0596849201664,4.58083283089,7.43051484931,0
2,8.83326191049,-11.9283843751,3.15749106341,-0.855937336249,0.0721675413503,4.58083283089,7.43051484931,0
2,8.89821236571,-11.8634339199,2.85191399124,-0.950018509509,0.086852532841,4.58083283089,7.43051484931,0
2,8.96316282094,-11.7984834647,2.52073301185,-1.04516812895,0.103944415889,4.58083283089,7.43051484931,0
2,9.02811327616,-11.7335330094,2.10687512433,-1.14040207806,0.12350963836,4.58083283089,7.43051484931,0
2,9.09306373138,-11.6685825542,1.5241253312,-1.23477434992,0.145277556302,4.58083283089,7.43051484931,0
2,9.15801418661,-11.603632099,0.734933311385,-1.32739544584,0.168621574099,4.58083283089,7.43051484931,0
2,9.22296464183,-11.5386816438,-0.256719993365,-1.4174584653,0.19263002223,4.58083283089,7.43051484931,0
2,9.28791509706,-11.4737311885,-1.41142195775,-1.504167609,0.216218171188,4.58083283089,7.43051484931,0
2,9.35286555228,-11.4087807333,-2.67425382392,-1.58704378198,0.238273685007,4.58083283089,7.43051484931,0
2,9.41781600751,-11.3438302781,-3.98347383183,-1.66617894374,0.257826542181,4.58083283089,7.43051484931,0
2,9.48276646273,-11.2788798229,-5.28128403381,-1.74208968086,0.274224791047,4.58083283089,7.43051484931,0
2,9.54771691795,-11.2139293677,-6.51678185204,-1.81552288894,0.287282986973,4.58083283089,7.43051484931,0
2,9.61266737318,-11.1489789124,-7.64847079302,-1.88728108383,0.297363786754,4.58083283089,7.43051484931,0
2,9.6776178284,-11.0840284572,-8.64576860994,-1.95812667015,0.305349592196,4.58083283089,7.43051484931,0
2,9.74256828363,-11.019078002,-9.47336209922,-2.02871847136,0.312491783453,4.58083283089,7.43051484931,0
2,9.80751873885,-10.9541275468,-10.0883651536,-2.09958623408,0.320152684381,4.58083283089,7.43051484931,0
2,9.87246919407,-10.8891770915,-10.511616248,-2.17110836468,0.329495570516,4.58083283089,7.43051484931,0
2,9.9374196493,-10.8242266363,-10.7756918626,-2.24350894318,0.341198154271,4.58083283089,7.43051484931,0
2,10.0023701045,-10.7592761811,-10.9426313696,-2.31684835749,0.355280689388,4.58083283089,7.43051484931,0
2,10.0673205597,-10.6943257259,-11.0641176513,-2.39105594276,0.371490930836,4.58083283089,7.43051484931,0
2,10.132271015,-10.6293752706,-11.1464426673,-2.46578418988,0.39004222309,4.58083283089,7.43051484931,0
2,10.1972214702,-10.5644248154,-11.2108212148,-2.54029773387,0.411678822085,4.58083283089,7.43051484931,0
2,10.2621719254,-10.4994743602,-11.2724727098,-2.61360082648,0.437525442148,4.58083283089,7.43051484931,0
2,10.3271223806,-10.434523905,-11.3477011185,-2.68452098811,0.468858364579,4.58083283089,7.43051484931,0
2,10.3920728359,-10.3695734497,-11.4493039397,-2.75197084953,0.506820739491,4.58083283089,7.43051484931,0
2,10.4570232911,-10.3046229945,-11.5935779268,-2.81499936528,0.552108734062,4.58083283089,7.43051484931,0
2,10.5219737463,-10.2396725393,-11.7957277261,-2.87275703674,0.604663476698,4.58083283089,7.43051484931,0
2,10.5869242015,-10.1747220841,-12.0741594269,-2.92453391329,0.663408539323,4.58083283089,7.43051484931,0
2,10.6518746568,-10.1097716288,-12.437378391,-2.96980881544,0.726087235324,4.58083283089,7.43051484931,0
2,10.716825112,-10.0448211736,-12.8792367431,-3.00829843626,0.789247839254,4.58083283089,7.43051484931,0
2,10.7817755672,-9.97987071839,-13.356162145,-3.04000997828,0.848424263404,4.58083283089,7.43051484931,0
2,10.8467260224,-9.91492026317,-13.788974508,-3.06526996035,0.898521836808,4.58083283089,7.43051484931,0
2,10.9116764777,-9.84996980794,-14.0682971253,-3.08473550348,0.934391428935,4.58083283089,7.43051484931,0
2,10.9766269329,-9.78501935272,-14.1705489631,-3.09934098373,0.951579313749,4.58083283089,7.43051484931,0
2,11.0415773881,-9.7200688975,-14.109105159,-3.1101941378,0.947097387942,4.58083283089,7.43051484931,0
2,11.1065278433,-9.65511844227,-13.8687683453,-3.11837174852,0.919908924658,4.58083283089,7.43051484931,0
2,11.1714782986,-9.59016798705,-13.4474425752,-3.12470029305,0.871111056324,4.58083283089,7.43051484931,0
2,11.2364287538,-9.52521753182,-12.8435890286,-3.12959244767,0.803794924208,4.58083283089,7.43051484931,0
2,11.301379209,-9.4602670766,-12.0654362178,-3.13330545395,0.722613119981,4.58083283089,7.43051484931,0
2,11.3663296642,-9.39531662138,-11.1244032412,-3.13618106633,0.633146660223,4.58083283089,7.43051484931,0
2,11.4312801195,-9.33036616615,-10.0412915613,-3.13854212766,0.54119790237,4.58083283089,7.43051484931,0
2,11.4962305747,-9.26541571093,-8.84189272121,-3.14069145005,0.45213394954,4.58083283089,7.43051484931,0
2,11.5611810299,-9.2004652557,-7.56111543612,-3.14291202187,0.370380387833,4.58083283089,7.43051484931,0
2,11.6261314851,-9.13551480048,-6.23844426855,-3.14548147823,0.299100278067,4.58083283089,7.43051484931,0
2,11.6910819404,-9.07056434525,-4.9191437278,-3.14867464245,0.240069883578,4.58083283089,7.43051484931,0
2,11.7560323956,-9.00561389003,-3.64759378563,-3.15275957198,0.193716602163,4.58083283089,7.43051484931,0
2,11.8209828508,-8.94066343481,-2.46567952682,-3.15801230122,0.159295002938,4.58083283089,7.43051484931,0
2,11.885933306,-8.87571297958,-1.4063609052,-3.16477662055,0.135175649934,4.58083283089,7.43051484931,0
2,11.9508837612,-8.81076252436,-0.495442855407,-3.17356037961,0.119225028947,4.58083283089,7.43051484931,0
2,12.0158342165,-8.74581206913,0.253425957137,-3.18462774254,0.109245739486,4.58083283089,7.43051484931,0
2,12.0807846717,-8.68086161391,0.828079927948,-3.19801930255,0.103423958562,4.58083283089,7.43051484931,0
2,12.1457351269,-8.61591115869,1.22302456476,-3.21373122261,0.100708396195,4.58083283089,7.43051484931,0
2,12.2106855821,-8.55096070346,1.49188545264,-3.23170515959,0.100771999283,4.58083283089,7.43051484931,0
2,12.2756360374,-8.48601024824,1.67461800813,-3.25194630514,0.103422033697,4.58083283089,7.43051484931,0
2,12.3405864926,-8.42105979301,1.80363083003,-3.27442733886,0.108490526972,4.58083283089,7.43051484931,0
2,12.4055369478,-8.35610933779,1.88326686702,-3.2992324289,0.11588021999,4.58083283089,7.43051484931,0
2,12.470487403,-8.29115888256,1.88125046614,-3.32686721123,0.125574941863,4.58083283089,7.43051484931,0
2,12.5354378583,-8.22620842734,1.82462342272,-3.35816575471,0.137616732284,4.58083283089,7.43051484931,0
2,12.6003883135,-8.16125797212,1.65761270486,-3.39405434197,0.151999519556,4.58083283089,7.43051484931,0
2,12.6653387687,-8.09630751689,1.29953226563,-3.43534308567,0.168489332848,4.58083283089,7.43051484931,0
2,12.7302892239,-8.03135706167,0.716945021796,-3.48258937229,0.18657092397,4.58083283089,7.43051484931,0
2,12.7952396792,-7.96640660644,-0.0807105214412,-3.53603648779,0.205468014194,4.58083283089,7.43051484931,0
2,12.8601901344,-7.90145615122,-1.05023160853,-3.59560146105,0.224216621205,4.58083283089,7.43051484931,0
2,12.9251405896,-7.836505696,-2.13237712093,-3.66090020979,0.241793322705,4.58083283089,7.43051484931,0
2,12.9900910448,-7.77155524077,-3.26233894457,-3.73128555586,0.257286051279,4.58083283089,7.43051484931,0
2,13.0550415001,-7.70660478555,-4.37917708761,-3.805893745,0.270075554008,4.58083283089,7.43051484931,0
2,13.1199919553,-7.64165433032,-5.42942410388,-3.88368567306,0.279979122481,4.58083283089,7.43051484931,0
2,13.1849424105,-7.5767038751,-6.36977642576,-3.96348571425,0.287303258634,4.58083283089,7.43051484931,0
2,13.2498928657,-7.51175341987,-7.16641373065,-4.04401756555,0.292773472218,4.58083283089,7.43051484931,0
2,13.314843321,-7.44680296465,-7.79471419388,-4.12394097409,0.29734228335,4.58083283089,7.43051484931,0
2,13.3797937762,-7.38185250943,-8.23748078405,-4.2018870464,0.301921991663,4.58083283089,7.43051484931,0
2,13.4447442314,-7.3169020542,-8.48588677576,-4.27648473936,0.307117859918,4.58083283089,7.43051484931,0
2,13.5096946866,-7.25195159898,-8.53823231019,-4.34639471576,0.313042582009,4.58083283089,7.43051484931,0
2,13.5746451419,-7.18700114375,-8.40114707815,-4.41036301814,0.31927154089,4.58083283089,7.43051484931,0
2,13.6395955971,-7.12205068853,-8.08706540204,-4.46734553211,0.324955365094,4.58083283089,7.43051484931,0
2,13.7045460523,-7.05710023331,-7.61682408178,-4.51657257848,0.329058364862,4.58083283089,7.43051484931,0
2,13.7694965075,-6.99214977808,-6.98998821583,-4.55771419718,0.330653447301,4.58083283089,7.43051484931,0
2,13.8344469627,-6.92719932286,-6.23708458375,-4.59101262212,0.329187619738,4.58083283089,7.43051484931,0
2,13.899397418,-6.86224886763,-5.43862697318,-4.61687485572,0.324643164253,4.58083283089,7.43051484931,0
2,13.9643478732,-6.79729841241,-4.68126672875,-4.63596290223,0.31754941252,4.58083283089,7.43051484931,0
2,14.0292983284,-6.73234795718,-4.08530595413,-4.64921970886,0.308970847973,4.58083283089,7.43051484931,0
2,14.0942487836,-6.66739750196,-3.71850902162,-4.65779576414,0.300961886204,4.58083283089,7.43051484931,0
2,14.1591992389,-6.60244704674,-3.63228420572,-4.6628555201,0.296560659521,4.58083283089,7.43051484931,0
2,14.2241496941,-6.53749659151,-3.86721862281,-4.66535874576,0.299223484803,4.58083283089,7.43051484931,0
2,14.2891001493,-6.47254613629,-4.42947706742,-4.66584784333,0.312205269031,4.58083283089,7.43051484931,0
2,14.3540506045,-6.40759568106,-5.27460613479,-4.66456873866,0.337999329543,4.58083283089,7.43051484931,0
2,14.4190010598,-6.34264522584,-6.3058581152,-4.66180625836,0.377899929677,4.58083283089,7.43051484931,0
2,14.483951515,-6.27769477062,-7.38818341292,-4.65783516163,0.431718831388,4.58083283089,7.43051484931,0
2,14.5489019702,-6.21274431539,-8.46602349472,-4.65287422817,0.497740846891,4.58083283089,7.43051484931,0
2,14.6138524254,-6.14779386017,-9.51783594947,-4.64709716325,0.572870070687,4.58083283089,7.43051484931,0
2,14.6788028807,-6.08284340494,-10.4933472095,-4.64063181094,0.652788768334,4.58083283089,7.43051484931,0
2,14.7437533359,-6.01789294972,-11.3592166896,-4.63357037229,0.732248189498,4.58083283089,7.43051484931,0
2,14.8087037911,-5.95294249449,-12.0832457919,-4.62596620753,0.805515598595,4.58083283089,7.43051484931,0
2,14.8736542463,-5.88799203927,-12.6467180386,-4.6178427804,0.866962647808,4.58083283089,7.43051484931,0
2,14.9386047016,-5.82304158405,-13.0329572235,-4.60918898777,0.911723573656,4.58083283089,7.43051484931,0
2,15.0035551568,-5.75809112882,-13.2370351592,-4.60000909521,0.936317502929,4.58083283089,7.43051484931,0
2,15.068505612,-5.6931406736,-13.2555655875,-4.5903893374,0.93911809855,4.58083283089,7.43051484931,0
2,15.1334560672,-5.62819021837,-13.0968355692,-4.58017572438,0.920573086578,4.58083283089,7.43051484931,0
2,15.1984065225,-5.56323976315,-12.7699495124,-4.56872219727,0.88312662683,4.58083283089,7.43051484931,0
2,15.2633569777,-5.49828930793,-12.2960294904,-4.55534607992,0.830860815703,4.58083283089,7.43051484931,0
2,15.3283074329,-5.4333388527,-11.664017382,-4.53979485191,0.768929745742,4.58083283089,7.43051484931,0
2,15.3932578881,-5.36838839748,-10.9329897144,-4.52226178681,0.70285351532,4.58083283089,7.43051484931,0
2,15.4582083434,-5.30343794225,-10.2220728831,-4.50325308909,0.63773220702,4.58083283089,7.43051484931,0
2,15.5231587986,-5.23848748703,-9.61095012731,-4.48342902056,0.577686528935,4.58083283089,7.43051484931,0
2,15.5881092538,-5.1735370318,-9.14345569162,-4.46348154908,0.525538005985,4.58083283089,7.43051484931,0
2,15.653059709,-5.10858657658,-8.82801298603,-4.44405363008,0.482683229162,4.58083283089,7.43051484931,0
2,15.7180101642,-5.04363612136,-8.6571290889,-4.42569563797,0.449146471344,4.58083283089,7.43051484931,0
2,15.7829606195,-4.97868566613,-8.61029423091,-4.40885452316,0.423790850537,4.58083283089,7.43051484931,0
2,15.8479110747,-4.91373521091,-8.66381818981,-4.39393369794,0.40466742803,4.58083283089,7.43051484931,0
2,15.9128615299,-4.84878475568,-8.78851604918,-4.38133223362,0.389474874455,4.58083283089,7.43051484931,0
2,15.9778119851,-4.78383430046,-8.95648803621,-4.37114416597,0.376075725986,4.58083283089,7.43051484931,1
2,16.0427624404,-4.71888384524,-9.13434033636,-4.36314564612,0.362980575604,4.58083283089,7.43051484931,1
2,16.1077128956,-4.65393339001,-9.3039621847,-4.35692131884,0.349704507354,4.58083283089,7.43051484931,1
2,16.1726633508,-4.58898293479,-9.41351950175,-4.35199113134,0.336839408518,4.58083283089,7.43051484931,1
2,16.237613806,-4.52403247956,-9.38246381698,-4.34810610157,0.325324579255,4.58083283089,7.43051484931,1
2,16.3025642613,-4.45908202434,-9.16549959721,-4.3450801493,0.315696625092,4.58083283089,7.43051484931,1
2,16.3675147165,-4.39413156911,-8.72151026249,-4.34268908885,0.307919067315,4.58083283089,7.43051484931,1
2,16.4324651717,-4.32918111389,-8.07291362792,-4.34070768933,0.301382809225,4.58083283089,7.43051484931,1
2,16.4974156269,-4.26423065867,-7.24745084612,-4.3388969115,0.295049090943,4.58083283089,7.43051484931,1
2,16.5623660822,-4.19928020344,-6.26138860177,-4.33699246357,0.287700944728,4.58083283089,7.43051484931,1
2,16.6273165374,-4.13432974822,-5.140825021,-4.33469508297,0.278232607367,4.58083283089,7.43051484931,1
2,16.6922669926,-4.06937929299,-3.920770602,-4.33168385442,0.265896158157,4.58083283089,7.43051484931,1
2,16.7572174478,-4.00442883777,-2.64541120598,-4.32767358714,0.250445403857,4.58083283089,7.43051484931,1
2,16.8221679031,-3.93947838255,-1.36953253876,-4.32252485287,0.232157191219,4.58083283089,7.43051484931,1
2,16.8871183583,-3.87452792732,-0.153016718719,-4.31639479066,0.211743857329,4.58083283089,7.43051484931,1
2,16.9520688135,-3.8095774721,0.940515420549,-4.30985512716,0.19019957803,4.58083283089,7.43051484931,1
2,17.0170192687,-3.74462701687,1.85801722795,-4.30381645646,0.168624077017,4.58083283089,7.43051484931,1
2,17.081969724,-3.67967656165,2.56357507371,-4.29899614848,0.148057627605,4.58083283089,7.43051484931,1
2,17.1469201792,-3.61472610642,3.06209518865,-4.29558079291,0.129346728318,4.58083283089,7.43051484931,1
2,17.2118706344,-3.5497756512,3.39897088752,-4.29356974501,0.113049194954,4.58083283089,7.43051484931,1
2,17.2768210896,-3.48482519598,3.6649806097,-4.29302841033,0.0993841363985,4.58083283089,7.43051484931,1
2,17.3417715449,-3.41987474075,3.89005638897,-4.29399274017,0.0882965610531,4.58083283089,7.43051484931,1
2,17.4067220001,-3.35492428553,4.04687199027,-4.29644466195,0.0796569718892,4.58083283089,7.43051484931,1
2,17.4716724553,-3.2899738303,4.14394539986,-4.30030799722,0.0733376457931,4.58083283089,7.43051484931,1
2,17.5366229105,-3.22502337508,4.18403223685,-4.30544474811,0.0692356176421,4.58083283089,7.43051484931,1
2,17.6015733658,-3.16007291985,4.17169047451,-4.3116521614,0.0672914045265,4.58083283089,7.43051484931,1
2,17.666523821,-3.09512246463,4.10735997662,-4.31866127291,0.0675063022501,4.58083283089,7.43051484931,1
2,17.7314742762,-3.03017200941,3.99149508281,-4.32614358771,0.069956141169,4.58083283089,7.43051484931,1
2,17.7964247314,-2.96522155418,3.82572569499,-4.33372507498,0.0747939692477,4.58083283089,7.43051484931,1
2,17.8613751866,-2.90027109896,3.60933732986,-4.34101494932,0.0822303308251,4.58083283089,7.43051484931,1
2,17.9263256419,-2.83532064373,3.3345429396,-4.34764045148,0.0924816004344,4.58083283089,7.43051484931,1
2,17.9912760971,-2.77037018851,2.95086471007,-4.35328265367,0.105857608832,4.58083283089,7.43051484931,1
2,18.0562265523,-2.70541973329,2.51828867579,-4.35769437523,0.124005759117,4.58083283089,7.43051484931,1
2,18.1211770075,-2.64046927806,2.08341482332,-4.36071100747,0.150559312234,4.58083283089,7.43051484931,1
2,18.1861274628,-2.57551882284,1.64690533367,-4.36222414504,0.190307778345,4.58083283089,7.43051484931,1
2,18.251077918,-2.51056836761,1.22621517191,-4.36219492413,0.248012478908,4.58083283089,7.43051484931,1
2,18.3160283732,-2.44561791239,0.800161660228,-4.36087883577,0.327173545907,4.58083283089,7.43051484931,1
2,18.3809788284,-2.38066745716,0.382687712053,-4.35867709255,0.428957879121,4.58083283089,7.43051484931,1
2,18.4459292837,-2.31571700194,-0.0398032149139,-4.35588278947,0.551450340261,4.58083283089,7.43051484931,1
2,18.5108797389,-2.25076654672,-0.558502655775,-4.35262847225,0.689259556756,4.58083283089,7.43051484931,1
2,18.5758301941,-2.18581609149,-1.23846332775,-4.34878909663,0.833743501853,4.58083283089,7.43051484931,1
2,18.6407806493,-2.12086563627,-2.09668667924,-4.34435352841,0.973880831312,4.58083283089,7.43051484931,1
2,18.7057311046,-2.05591518104,-3.11059192756,-4.33910349624,1.09765357603,4.58083283089,7.43051484931,1
2,18.7706815598,-1.99096472582,-4.23120277459,-4.3324460627,1.19369605563,4.58083283089,7.43051484931,1
2,18.835632015,-1.9260142706,-5.3990626539,-4.32396690111,1.25297079599,4.58083283089,7.43051484931,1
2,18.9005824702,-1.86106381537,-6.55194623465,-4.31361536302,1.27016702656,4.58083283089,7.43051484931,1
2,18.9655329255,-1.79611336015,-7.63344316105,-4.30166164445,1.24455640313,4.58083283089,7.43051484931,1
2,19.0304833807,-1.73116290492,-8.59369676059,-4.2885665391,1.18013056269,4.58083283089,7.43051484931,1
2,19.0954338359,-1.6662124497,-9.39248798369,-4.27487443915,1.0849763681,4.58083283089,7.43051484931,1
2,19.1603842911,-1.60126199447,-9.99668366206,-4.26112463805,0.969994026236,4.58083283089,7.43051484931,1
2,19.2253347464,-1.53631153925,-10.3809844571,-4.24780481631,0.847193339553,4.58083283089,7.43051484931,1
2,19.2902852016,-1.47136108403,-10.5261758442,-4.23532223692,0.727898349886,4.58083283089,7.43051484931,1
2,19.3552356568,-1.4064106288,-10.4204577046,-4.22400072913,0.621158789767,4.58083283089,7.43051484931,1
2,19.420186112,-1.34146017358,-10.0584866571,-4.21408262103,0.532680355173,4.58083283089,7.43051484931,1
2,19.4851365673,-1.27650971835,-9.43983672891,-4.20573968043,0.464391447767,4.58083283089,7.43051484931,1
2,19.5500870225,-1.21155926313,-8.57003439635,-4.19907363561,0.414715037182,4.58083283089,7.43051484931,1
2,19.6150374777,-1.14660880791,-7.46236654375,-4.19412000852,0.379438058396,4.58083283089,7.43051484931,1
2,19.6799879329,-1.08165835268,-6.15844059359,-4.19084676471,0.353006418636,4.58083283089,7.43051484931,1
2,19.7449383881,-1.01670789746,-4.7065053839,-4.18916253915,0.329995578689,4.58083283089,7.43051484931,1
2,19.8098888434,-0.951757442233,-3.18563885203,-4.18892889079,0.306478581153,4.58083283089,7.43051484931,1
2,19.8748392986,-0.886806987009,-1.72491205537,-4.19005750774,0.280979787855,4.58083283089,7.43051484931,1
2,19.9397897538,-0.821856531785,-0.33635968317,-4.19234699163,0.253964053677,4.58083283089,7.43051484931,1
2,20.004740209,-0.756906076561,0.927318720599,-4.19525597033,0.226329576392,4.58083283089,7.43051484931,1
2,20.0696906643,-0.691955621336,2.01159138194,-4.19807517251,0.199060457132,4.58083283089,7.43051484931,1
2,20.1346411195,-0.627005166112,2.87263575505,-4.19993813919,0.173110053732,4.58083283089,7.43051484931,1
2,20.1995915747,-0.562054710888,3.50669373993,-4.20013811798,0.14928550282,4.58083283089,7.43051484931,1
2,20.2645420299,-0.497104255664,3.94829257116,-4.19819389582,0.128149150177,4.58083283089,7.43051484931,1
2,20.3294924852,-0.43215380044,4.2837710704,-4.19372123915,0.109950584546,4.58083283089,7.43051484931,1
2,20.3944429404,-0.367203345216,4.57559538867,-4.18657483556,0.094633778676,4.58083283089,7.43051484931,1
2,20.4593933956,-0.302252889991,4.80240163926,-4.17697851814,0.0820178143819,4.58083283089,7.43051484931,1
2,20.5243438508,-0.237302434767,4.96503735346,-4.16559118859,0.0719131286178,4.58083283089,7.43051484931,1
2,20.5892943061,-0.172351979543,5.0735993407,-4.15337278587,0.0641455239369,4.58083283089,7.43051484931,1
2,20.6542447613,-0.107401524319,5.13215731777,-4.14102408498,0.0585699795179,4.58083283089,7.43051484931,1
2,20.7191952165,-0.0424510690947,5.146788512,-4.12882212302,0.0550801901849,4.58083283089,7.43051484931,1
2,20.7841456717,0.0224993861295,5.11827841615,-4.11707443444,0.0536151361259,4.58083283089,7.43051484931,1
2,20.849096127,0.0874498413537,5.04976339763,-4.10608870233,0.0541626597722,4.58083283089,7.43051484931,1
2,20.9140465822,0.152400296578,4.93860998092,-4.09611759672,0.0567595949124,4.58083283089,7.43051484931,1
2,20.9789970374,0.217350751802,4.78531891197,-4.08734582546,0.0614883768886,4.58083283089,7.43051484931,1
2,21.0439474926,0.282301207026,4.58338770253,-4.07990510196,0.0684705680438,4.58083283089,7.43051484931,1
2,21.1088979479,0.34725166225,4.3309273158,-4.07386523366,0.0778575215355,4.58083283089,7.43051484931,1
2,21.1738484031,0.412202117475,4.01746583876,-4.06925035319,0.0898171063237,4.58083283089,7.43051484931,1
2,21.2387988583,0.477152572699,3.67075535045,-4.06602469907,0.104513145593,4.58083283089,7.43051484931,1
2,21.3037493135,0.542103027923,3.25954680641,-4.06411061001,0.122026174865,4.58083283089,7.43051484931,1
2,21.3686997688,0.607053483147,2.69317134292,-4.06339041768,0.142140307037,4.58083283089,7.43051484931,1
2,21.433650224,0.672003938371,1.9237812957,-4.06382064249,0.164277441146,4.58083283089,7.43051484931,1
2,21.4986006792,0.736954393595,0.94609159357,-4.06510287854,0.187556461032,4.58083283089,7.43051484931,1
2,21.5635511344,0.80190484882,-0.20653177316,-4.06645221413,0.210896956598,4.58083283089,7.43051484931,1
2,21.6285015896,0.866855304044,-1.48139469612,-4.06713186509,0.233158407881,4.58083283089,7.43051484931,1
2,21.6934520449,0.931805759268,-2.81742598513,-4.06670403683,0.253305501626,4.58083283089,7.43051484931,1
2,21.7584025001,0.996756214492,-4.15491430904,-4.06501867522,0.27058332135,4.58083283089,7.43051484931,1
2,21.8233529553,1.06170666972,-5.44176123494,-4.06211493974,0.284674057881,4.58083283089,7.43051484931,1
2,21.8883034105,1.12665712494,-6.63340932955,-4.05814527389,0.295796545484,4.58083283089,7.43051484931,1
2,21.9532538658,1.19160758016,-7.69812298758,-4.0533177646,0.304706089111,4.58083283089,7.43051484931,1
2,22.018204321,1.25655803539,-8.58834316626,-4.0478731222,0.31257385261,4.58083283089,7.43051484931,1
2,22.0831547762,1.32150849061,-9.27297814713,-4.04206115898,0.320751535285,4.58083283089,7.43051484931,1
2,22.1481052314,1.38645894584,-9.77914461281,-4.03614034759,0.330464585953,4.58083283089,7.43051484931,1
2,22.2130556867,1.45140940106,-10.138404166,-4.0303317554,0.342504049023,4.58083283089,7.43051484931,1
2,22.2780061419,1.51635985629,-10.4171459417,-4.02497788476,0.357061966486,4.58083283089,7.43051484931,1
2,22.3429565971,1.58131031151,-10.6448164816,-4.02063533746,0.374256937172,4.58083283089,7.43051484931,1
2,22.4079070523,1.64626076673,-10.8256364194,-4.01774908322,0.394618917677,4.58083283089,7.43051484931,1
2,22.4728575076,1.71121122196,-10.9779287809,-4.01661983827,0.419006327697,4.58083283089,7.43051484931,1
2,22.5378079628,1.77616167718,-11.111573533,-4.01723813838,0.448442529397,4.58083283089,7.43051484931,1
2,22.602758418,1.84111213241,-11.2382394877,-4.01939684731,0.48392278997,4.58083283089,7.43051484931,1
2,22.6677088732,1.90606258763,-11.3659832021,-4.02293711976,0.526191283912,4.58083283089,7.43051484931,1
2,22.7326593285,1.97101304285,-11.508082583,-4.02766122801,0.575494575124,4.58083283089,7.43051484931,1
2,22.7976097837,2.03596349808,-11.6786029091,-4.03330322134,0.63132634683,4.58083283089,7.43051484931,1
2,22.8625602389,2.1009139533,-11.8980428306,-4.03951558867,0.692204680373,4.58083283089,7.43051484931,1
2,22.9275106941,2.16586440853,-12.1798609737,-4.04587491097,0.755537772628,4.58083283089,7.43051484931,1
2,22.9924611494,2.23081486375,-12.5273165011,-4.05189524535,0.817643779252,4.58083283089,7.43051484931,1
2,23.0574116046,2.29576531898,-12.9089752353,-4.05706773785,0.873966459744,4.58083283089,7.43051484931,1
2,23.1223620598,2.3607157742,-13.2594987062,-4.06092736664,0.919498302751,4.58083283089,7.43051484931,1
2,23.187312515,2.42566622942,-13.4717565669,-4.06314916754,0.949370871764,4.58083283089,7.43051484931,1
2,23.2522629703,2.49061668465,-13.4986201224,-4.06366974612,0.959565033659,4.58083283089,7.43051484931,1
2,23.3172134255,2.55556713987,-13.3606568901,-4.06276993872,0.947646467166,4.58083283089,7.43051484931,1
2,23.3821638807,2.6205175951,-13.0471049706,-4.06102160406,0.91320135982,4.58083283089,7.43051484931,1
2,23.4471143359,2.68546805032,-12.5557744907,-4.05882797398,0.857931998336,4.58083283089,7.43051484931,1
2,23.5120647912,2.75041850554,-11.8869823932,-4.05613949548,0.785430161865,4.58083283089,7.43051484931,1
2,23.5770152464,2.81536896077,-11.0496484821,-4.05292232077,0.700678254341,4.58083283089,7.43051484931,1
2,23.6419657016,2.88031941599,-10.0571725177,-4.04920940151,0.609384201668,4.58083283089,7.43051484931,1
2,23.7069161568,2.94526987122,-8.93154242869,-4.04502451222,0.517278837975,4.58083283089,7.43051484931,1
2,23.771866612,3.01022032644,-7.70073377195,-4.04037528473,0.429496958558,4.58083283089,7.43051484931,1
2,23.8368170673,3.07517078167,-6.40087159294,-4.03525848588,0.350122984374,4.58083283089,7.43051484931,1
2,23.9017675225,3.14012123689,-5.0730428444,-4.02967006497,0.281927142458,4.58083283089,7.43051484931,1
2,23.9667179777,3.20507169211,-3.7624823502,-4.02360248595,0.226289550265,4.58083283089,7.43051484931,1
2,24.0316684329,3.27002214734,-2.51303574099,-4.01697624465,0.183279322975,4.58083283089,7.43051484931,1
2,24.0966188882,3.33497260256,-1.36421357286,-4.00955342982,0.15186285644,4.58083283089,7.43051484931,1
2,24.1615693434,3.39992305779,-0.346607419794,-4.00138707923,0.13022011677,4.58083283089,7.43051484931,1
2,24.2265197986,3.46487351301,0.516894663305,-3.99293517346,0.116146570046,4.58083283089,7.43051484931,1
2,24.2914702538,3.52982396823,1.21564377872,-3.98447369382,0.107503072687,4.58083283089,7.43051484931,1
2,24.3564207091,3.59477442346,1.7348382334,-3.97610233385,0.102654985266,4.58083283089,7.43051484931,1
2,24.4213711643,3.65972487868,2.08406679174,-3.96781111739,0.100797240117,4.58083283089,7.43051484931,1
2,24.4863216195,3.72467533391,2.32379203563,-3.95956635032,0.10168648816,4.58083283089,7.43051484931,1
2,24.5512720747,3.78962578913,2.48358381188,-3.95129692095,0.1051269519,4.58083283089,7.43051484931,1
2,24.61622253,3.85457624436,2.59932334212,-3.94250163425,0.110964052176,4.58083283089,7.43051484931,1
2,24.6811729852,3.91952669958,2.6517656885,-3.93240262006,0.119120772434,4.58083283089,7.43051484931,1
2,24.7461234404,3.9844771548,2.62975928731,-3.92051792236,0.129597916999,4.58083283089,7.43051484931,1
2,24.8110738956,4.04942761003,2.54737449281,-3.90683360948,0.142435792112,4.58083283089,7.43051484931,1
2,24.8760243509,4.11437806525,2.32297281202,-3.8917089199,0.15756376529,4.58083283089,7.43051484931,1
2,24.9409748061,4.17932852048,1.89202415831,-3.8757248015,0.174652009736,4.58083283089,7.43051484931,1
2,25.0059252613,4.2442789757,1.23405025613,-3.85954845424,0.193091283304,4.58083283089,7.43051484931,1
2,25.0708757165,4.30922943092,0.372758066571,-3.84383841121,0.212030282348,4.58083283089,7.43051484931,1
2,25.1358261718,4.37417988615,-0.64290399681,-3.8291885118,0.230467892514,4.58083283089,7.43051484931,1
2,25.200776627,4.43913034137,-1.74980810366,-3.81610232217,0.24739813489,4.58083283089,7.43051484931,1
2,25.2657270822,4.5040807966,-2.88438014761,-3.8049893404,0.261989577442,4.58083283089,7.43051484931,1
2,25.3306775374,4.56903125182,-3.98714258232,-3.79617147604,0.273760416549,4.58083283089,7.43051484931,1
2,25.3956279927,4.63398170705,-5.00830600687,-3.78989076256,0.282697669097,4.58083283089,7.43051484931,1
2,25.4605784479,4.69893216227,-5.90727225523,-3.78631084951,0.289270804324,4.58083283089,7.43051484931,1
2,25.5255289031,4.76388261749,-6.65371560982,-3.78551923746,0.294317682431,4.58083283089,7.43051484931,1
2,25.5904793583,4.82883307272,-7.225163875,-3.78753586204,0.298818788353,4.58083283089,7.43051484931,0
2,25.6554298135,4.89378352794,-7.60748076624,-3.79231726135,0.303619180201,4.58083283089,7.43051484931,0
2,25.7203802688,4.95873398317,-7.7939075707,-3.79973047273,0.309178747976,4.58083283089,7.43051484931,0
2,25.785330724,5.02368443839,-7.78606885554,-3.80946363151,0.315428316772,4.58083283089,7.43051484931,0
2,25.8502811792,5.08863489361,-7.59187885107,-3.82101180991,0.321778601251,4.58083283089,7.43051484931,0
2,25.9152316344,5.15358534884,-7.22852624467,-3.83364047734,0.327282104787,4.58083283089,7.43051484931,0
2,25.9801820897,5.21853580406,-6.70772370211,-3.84630286897,0.330901406502,4.58083283089,7.43051484931,0
2,26.0451325449,5.28348625929,-6.03067548505,-3.858200915,0.331804913271,4.58083283089,7.43051484931,0
2,26.1100830001,5.34843671451,-5.26082852031,-3.86886052602,0.329603871789,4.58083283089,7.43051484931,0
2,26.1750334553,5.41338716974,-4.47622818361,-3.8776990596,0.324463377781,4.58083283089,7.43051484931,0
2,26.2399839106,5.47833762496,-3.78394957134,-3.8841610925,0.317071852637,4.58083283089,7.43051484931,0
2,26.3049343658,5.54328808018,-3.28472938267,-3.88795913264,0.30886102672,4.58083283089,7.43051484931,0
2,26.369884821,5.60823853541,-3.0284509026,-3.8892159107,0.302401453817,4.58083283089,7.43051484931,0
2,26.4348352762,5.67318899063,-3.06881819253,-3.88851343403,0.301019574204,4.58083283089,7.43051484931,0
2,26.4997857315,5.73813944586,-3.43330246236,-3.8865594421,0.308177202893,4.58083283089,7.43051484931,0
2,26.5647361867,5.80308990108,-4.11226183116,-3.88363129113,0.326863501176,4.58083283089,7.43051484931,0
2,26.6296866419,5.86804035631,-5.04222905744,-3.87965498075,0.359082936423,4.58083283089,7.43051484931,0
2,26.6946370971,5.93299081153,-6.10711973932,-3.87461624373,0.405482941746,4.58083283089,7.43051484931,0
2,26.7595875524,5.99794126675,-7.18448105583,-3.86854040384,0.465154148096,4.58083283089,7.43051484931,0
2,26.8245380076,6.06289172198,-8.24780893825,-3.86142852137,0.535695924727,4.58083283089,7.43051484931,0
2,26.8894884628,6.1278421772,-9.26169843905,-3.85325301753,0.613389536839,4.58083283089,7.43051484931,0
2,26.954438918,6.19279263243,-10.1826700105,-3.84395927789,0.693414005942,4.58083283089,7.43051484931,0
2,27.0193893733,6.25774308765,-10.9779912686,-3.83345814965,0.770216000084,4.58083283089,7.43051484931,0
2,27.0843398285,6.32269354287,-11.6218941196,-3.8216300168,0.838030381705,4.58083283089,7.43051484931,0
2,27.1492902837,6.3876439981,-12.0963672111,-3.80831061285,0.891515731696,4.58083283089,7.43051484931,0
2,27.2142407389,6.45259445332,-12.3906182528,-3.79329860205,0.926409627169,4.58083283089,7.43051484931,0
2,27.2791911942,6.51754490855,-12.4999263805,-3.77635471351,0.940091088298,4.58083283089,7.43051484931,0
2,27.3441416494,6.58249536377,-12.4270439468,-3.75731133496,0.93193797317,4.58083283089,7.43051484931,0
2,27.4090921046,6.647445819,-12.1794605361,-3.73583264222,0.903403473175,4.58083283089,7.43051484931,0
2,27.4740425598,6.71239627422,-11.7747587097,-3.71115842993,0.857795334681,4.58083283089,7.43051484931,0
2,27.538993015,6.77734672944,-11.2217596271,-3.68226317318,0.799804161463,4.58083283089,7.43051484931,0
2,27.6039434703,6.84229718467,-10.5215614383,-3.64807954326,0.734870143696,4.58083283089,7.43051484931,0
2,27.6688939255,6.90724763989,-9.77461683161,-3.60769975781,0.668422917927,4.58083283089,7.43051484931,0
2,27.7338443807,6.97219809512,-9.08781875708,-3.56048420974,0.605165400977,4.58083283089,7.43051484931,0
2,27.7987948359,7.03714855034,-8.52675648847,-3.50611146198,0.54863740858,4.58083283089,7.43051484931,0
2,27.8637452912,7.10209900556,-8.11929568429,-3.44457212155,0.500985830888,4.58083283089,7.43051484931,0
2,27.9286957464,7.16704946079,-7.86648738362,-3.37613560993,0.46292733751,4.58083283089,7.43051484931,0
2,27.9936462016,7.23199991601,-7.75425540594,-3.30130445586,0.433875565023,4.58083283089,7.43051484931,0
2,28.0585966568,7.29695037124,-7.76009317166,-3.22076979306,0.412221007376,4.58083283089,7.43051484931,0
2,28.1235471121,7.36190082646,-7.85668716733,-3.13545328548,0.395741450678,4.58083283089,7.43051484931,0
2,28.1884975673,7.42685128169,-8.01494700827,-3.04641930432,0.382102062589,4.58083283089,7.43051484931,0
2,28.2534480225,7.49180173691,-8.20292342251,-2.95462494123,0.369378280959,4.58083283089,7.43051484931,0
2,28.3183984777,7.55675219213,-8.39286339272,-2.86084088757,0.35650007607,4.58083283089,7.43051484931,0
2,28.383348933,7.62170264736,-8.55988840095,-2.76552931489,0.343515946955,4.58083283089,7.43051484931,0
2,28.4482993882,7.68665310258,-8.62489765489,-2.6689843046,0.33132796625,4.58083283089,7.43051484931,0
2,28.5132498434,7.75160355781,-8.52647901139,-2.57144911073,0.320744168327,4.58083283089,7.43051484931,0
2,28.5782002986,7.81655401303,-8.21851829223,-2.47308515494,0.312069902152,4.58083283089,7.43051484931,0
2,28.6431507539,7.88150446825,-7.68637624681,-2.37399264041,0.305023818752,4.58083283089,7.43051484931,0
2,28.7081012091,7.94645492348,-6.96690569782,-2.27421367017,0.298796369186,4.58083283089,7.43051484931,0
2,28.7730516643,8.0114053787,-6.07516050515,-2.17374037594,0.292243163889,4.58083283089,7.43051484931,0
2,28.8380021195,8.07635583393,-5.03326462083,-2.0724979986,0.284161429343,4.58083283089,7.43051484931,0
2,28.9029525748,8.14130628915,-3.86911607266,-1.97033220587,0.2735708576,4.58083283089,7.43051484931,0
2,28.96790303,8.20625674438,-2.6229189478,-1.86698886176,0.259922496297,4.58083283089,7.43051484931,0
2,29.0328534852,8.2712071996,-1.3418438796,-1.76214209676,0.243192794198,4.58083283089,7.43051484931,0
2,29.0978039404,8.33615765482,-0.084530119278,-1.65546332356,0.223855234607,4.58083283089,7.43051484931,0
2,29.1627543957,8.40110811005,1.08822974124,-1.54678678962,0.202760776101,4.58083283089,7.43051484931,0
2,29.2277048509,8.46605856527,2.11441729617,-1.43629794002,0.180969258354,4.58083283089,7.43051484931,0
2,29.2926553061,8.5310090205,2.94773339884,-1.32468699836,0.159574642614,4.58083283089,7.43051484931,0
2,29.3576057613,8.59595947572,3.56547762404,-1.21289887852,0.139551089037,4.58083283089,7.43051484931,0
2,29.4225562166,8.66090993094,3.99022730488,-1.10183602872,0.121634380569,4.58083283089,7.43051484931,0
2,29.4875066718,8.72586038617,4.28752284588,-0.992431226825,0.106244132082,4.58083283089,7.43051484931,0
2,29.552457127,8.79081084139,4.54164458485,-0.885632846449,0.0934632820499,4.58083283089,7.43051484931,0
2,29.6174075822,8.85576129662,4.7418525412,-0.78238485464,0.0831814648591,4.58083283089,7.43051484931,0
2,29.6823580374,8.92071175184,4.87657331773,-0.6835862529,0.0752595787151,4.58083283089,7.43051484931,0
2,29.7473084927,8.98566220707,4.95434689067,-0.590063113631,0.0695678239905,4.58083283089,7.43051484931,0
2,29.8122589479,9.05061266229,4.97874906413,-0.50252576229,0.0660045278451,4.58083283089,7.43051484931,0
2,29.8772094031,9.11556311751,4.95242239583,-0.421535013599,0.0645127620488,4.58083283089,7.43051484931,0
2,29.9421598583,9.18051357274,4.87704967511,-0.347460683908,0.0650967795569,4.58083283089,7.43051484931,0
2,30.0071103136,9.24546402796,4.75107764746,-0.280454675801,0.0678356551686,4.58083283089,7.43051484931,0
2,30.0720607688,9.31041448319,4.57756098921,-0.220430206994,0.0728863025599,4.58083283089,7.43051484931,0
2,30.137011224,9.37536493841,4.35369350424,-0.167068422652,0.0804644065118,4.58083283089,7.43051484931,0
2,30.2019616792,9.44031539363,4.07488157633,-0.119840875824,0.0907935025307,4.58083283089,7.43051484931,0
2,30.2669121345,9.50526584886,3.68814499687,-0.0780545021115,0.104168653014,4.58083283089,7.43051484931,0
2,30.3318625897,9.57021630408,3.24981641513,-0.0408951278564,0.122156250981,4.58083283089,7.43051484931,0
2,30.3968130449,9.63516675931,2.80945089383,-0.00748088332765,0.148322847453,4.58083283089,7.43051484931,0
2,30.4617635001,9.70011721453,2.36778999643,0.0231319069815,0.187433536576,4.58083283089,7.43051484931,0
2,30.5267139554,9.76506766976,1.94221269729,0.0518214564828,0.244270640458,4.58083283089,7.43051484931,0
2,30.5916644106,9.83001812498,1.51311608101,0.0791992101627,0.32239699809,4.58083283089,7.43051484931,0
2,30.6566148658,9.8949685802,1.08731621856,0.105691616745,0.42307586652,4.58083283089,7.43051484931,0
2,30.721565321,9.95991903543,0.664203081335,0.13157233594,0.544518579883,4.58083283089,7.43051484931,0
2,30.7865157763,10.0248694907,0.1578250975,0.157172363952,0.681491134508,4.58083283089,7.43051484931,0
2,30.8514662315,10.0898199459,-0.504262482319,0.182873315677,0.825499715359,4.58083283089,7.43051484931,0
2,30.9164166867,10.1547704011,-1.34509325891,0.209058015835,0.965636075213,4.58083283089,7.43051484931,0
2,30.9813671419,10.2197208563,-2.3470689106,0.236466474736,1.08993953186,4.58083283089,7.43051484931,0
2,31.0463175972,10.2846713115,-3.4634467472,0.266168468167,1.18702931135,4.58083283089,7.43051484931,0
2,31.1112680524,10.3496217668,-4.63529092111,0.299348658418,1.24777175606,4.58083283089,7.43051484931,0
2,31.1762185076,10.414572222,-5.79974469458,0.337080911488,1.26668461232,4.58083283089,7.43051484931,0
2,31.2411689628,10.4795226772,-6.89887335521,0.380187570171,1.24281620228,4.58083283089,7.43051484931,0
2,31.3061194181,10.5444731324,-7.88140020635,0.429162900635,1.17992251596,4.58083283089,7.43051484931,0
2,31.3710698733,10.6094235877,-8.70528267542,0.484164685024,1.08588976432,4.58083283089,7.43051484931,0
2,31.4360203285,10.6743740429,-9.33627573468,0.545035127033,0.971495765686,4.58083283089,7.43051484931,0
2,31.5009707837,10.7393244981,-9.74759789844,0.61134941564,0.848731942188,4.58083283089,7.43051484931,0
2,31.5659212389,10.8042749533,-9.91920357691,0.682464773081,0.729008775866,4.58083283089,7.43051484931,0
2,31.6308716942,10.8692254086,-9.83784519074,0.757574213292,0.621543498763,4.58083283089,7.43051484931,0
2,31.6958221494,10.9341758638,-9.49751328781,0.835749482222,0.532247669203,4.58083283089,7.43051484931,0
2,31.7607726046,10.999126319,-8.89657225098,0.915985775662,0.463246578174,4.58083283089,7.43051484931,0
2,31.8257230598,11.0640767742,-8.03990674552,0.997241415159,0.413109017923,4.58083283089,7.43051484931,0
2,31.8906735151,11.1290272295,-6.93927260882,1.07848172503,0.377688229707,4.58083283089,7.43051484931,0
2,31.9556239703,11.1939776847,-5.6345284395,1.15871494709,0.351406649736,4.58083283089,7.43051484931,0
2,32.0205744255,11.2589281399,-4.17336061488,1.23703166025,0.328734849654,4.58083283089,7.43051484931,0
2,32.0855248807,11.3238785951,-2.63047826176,1.31258206141,0.305581834642,4.58083283089,7.43051484931,0
2,32.150475336,11.3888290504,-1.13578705238,1.38456913421,0.280291294529,4.58083283089,7.43051484931,0
2,32.2154257912,11.4537795056,0.295658293409,1.45249840007,0.253228392506,4.58083283089,7.43051484931,0
2,32.2803762464,11.5187299608,1.61556941648,1.51630039098,0.225251817435,4.58083283089,7.43051484931,0
2,32.3453267016,11.583680416,2.76612188833,1.57645266302,0.197334623295,4.58083283089,7.43051484931,0
2,32.4102771569,11.6486308713,3.70291758477,1.63394522834,0.170445797932,4.58083283089,7.43051484931,0
2,32.4752276121,11.7135813265,4.41471804588,1.69007350993,0.14542806188,4.58083283089,7.43051484931,0
2,32.5401780673,11.7785317817,4.93242489,1.74640167437,0.122888010132,4.58083283089,7.43051484931,0
2,32.6051285225,11.8434822369,5.33485446552,1.80463650194,0.10311397848,4.58083283089,7.43051484931,0
2,32.6700789778,11.9084326922,5.69890092326,1.86642757277,0.086057148445,4.58083283089,7.43051484931,0
2,32.735029433,11.9733831474,6.00928438723,1.93309137901,0.0714947545084,4.58083283089,7.43051484931,0
2,32.7999798882,12.0383336026,6.26306556604,2.00535849684,0.0591709820136,4.58083283089,7.43051484931,0
2,32.8649303434,12.1032840578,6.47256116271,2.08336786419,0.048823185694,4.58083283089,7.43051484931,0
2,32.9298807987,12.168234513,6.64397279373,2.16704216816,0.0401936748997,4.58083283089,7.43051484931,0
2,32.9948312539,12.2331849683,6.78516789355,2.25611582957,0.0330374026374,4.58083283089,7.43051484931,0
2,33.0597817091,12.2981354235,6.90058968731,2.35010373147,0.0271277647907,4.58083283089,7.43051484931,0
2,33.1247321643,12.3630858787,6.99565855562,2.44834177365,0.0222611268335,4.58083283089,7.43051484931,0
2,33.1896826196,12.4280363339,7.07329685747,2.55002826632,0.0182597262637,4.58083283089,7.43051484931,0
2,33.2546330748,12.4929867892,7.13730606092,2.65426357122,0.0149724575717,4.58083283089,7.43051484931,0
2,33.31958353,12.5579372444,7.18951691708,2.76008930229,0.0122734852229,4.58083283089,7.43051484931,0
2,33.3845339852,12.6228876996,7.23264235463,2.86652156453,0.0100592050632,4.58083283089,7.43051484931,0
2,33.4494844404,12.6878381548,7.26776523798,2.97258912163,0.00824443132788,4.58083283089,7.43051484931,0
2,33.5144348957,12.7527886101,7.29685993053,3.07736309104,0.0067586931284,4.58083283089,7.43051484931,0
2,33.5793853509,12.8177390653,7.32050410371,3.17999634562,0.00554324073229,4.58083283089,7.43051484931,0
2,33.6443358061,12.8826895205,7.34016755989,3.27969008466,0.00454895066888,4.58083283089,7.43051484931,0
2,33.7092862613,12.9476399757,7.35609181872,3.3757184177,0.00373496217458,4.58083283089,7.43051484931,0
2,33.7742367166,13.012590431,7.36940326831,3.46782399865,0.00306770273483,4.58083283089,7.43051484931,0
2,33.8391871718,13.0775408862,7.38012547566,3.55629138625,0.00251998808873,4.58083283089,7.43051484931,0
2,33.904137627,13.1424913414,7.38915137093,3.64176215433,0.0020700359293,4.58083283089,7.43051484931,0
2,33.9690880822,13.2074417966,7.39636522999,3.72503817805,0.00170040379024,4.58083283089,7.43051484931,0
2,34.0340385375,13.2723922519,7.40249806192,3.80693667299,0.00139697024361,4.58083283089,7.43051484931,0
2,34.0989889927,13.3373427071,7.40734534474,3.88820581858,0.00114809581896,4.58083283089,7.43051484931,0
2,34.1639394479,13.4022931623,7.41152405713,3.9694761981,0.000944041218623,4.58083283089,7.43051484931,0
2,34.2288899031,13.4672436175,7.41477396049,4.05123518537,0.000776629638462,4.58083283089,7.43051484931,0
2,34.2938403584,13.5321940728,7.41763050772,4.13381373459,0.000639068498298,4.58083283089,7.43051484931,0
2,34.3587908136,13.597144528,7.41980059745,4.21737705651,0.000525825522835,4.58083283089,7.43051484931,0
2,34.4237412688,13.6620949832,7.42176112845,4.30194028591,0.000432482686148,4.58083283089,7.43051484931,0
2,34.488691724,13.7270454384,7.42320125539,4.38735059195,0.000355542971361,4.58083283089,7.43051484931,0
2,34.5536421793,13.7919958937,7.42455474794,4.47308199233,0.000292210581268,4.58083283089,7.43051484931,0
2,34.6185926345,13.8569463489,7.4255023365,4.55827715281,0.000240187845613,4.58083283089,7.43051484931,0
2,34.6835430897,13.9218968041,7.42644482842,4.64184001437,0.000197527240662,4.58083283089,7.43051484931,0
2,34.7484935449,13.9868472593,7.4270604467,4.72260545541,0.000162552326626,4.58083283089,7.43051484931,0
2,34.8134440002,14.0517977146,7.42772426453,4.79955426178,0.000133833052363,4.58083283089,7.43051484931,0
2,34.8783944554,14.1167481698,7.42811596336,4.8717682551,0.000110184718828,4.58083283089,7.43051484931,0
2,34.9433449106,14.181698625,7.42859025207,4.93844555401,9.0661555193e-05,4.58083283089,7.43051484931,0
2,35.0082953658,14.2466490802,7.42883092359,4.99893720481,7.45297541741e-05,4.58083283089,7.43051484931,0
2,35.0732458211,14.3115995354,7.42917621118,5.05280415366,6.12210797864e-05,4.58083283089,7.43051484931,0
2,35.1381962763,14.3765499907,7.42931550707,5.09986193187,5.02796865262e-05,4.58083283089,7.43051484931,0
2,35.2031467315,14.4415004459,7.42957308429,5.14023218742,4.13179328941e-05,4.58083283089,7.43051484931,0
2,35.2680971867,14.5064509011,7.42964464221,5.17428328865,3.39915881036e-05,4.58083283089,7.43051484931,0
2,35.3330476419,14.5714013563,7.4298424349,5.20220669877,2.79946113435e-05,4.58083283089,7.43051484931,0
2,35.3979980972,14.6363518116,7.42986882909,5.22403513654,2.3065210817e-05,4.58083283089,7.43051484931,0
2,35.4629485524,14.7013022668,7.43002554763,5.24008517703,1.89925602774e-05,4.58083283089,7.43051484931,0
2,35.5278990076,14.766252722,7.43002184284,5.2509256806,1.5616910929e-05,4.58083283089,7.43051484931,0
2,35.5928494628,14.8312031772,7.43015017495,5.25724318394,1.28212439311e-05,4.58083283089,7.43051484931,0
2,35.6577999181,14.8961536325,7.43012666654,5.2597928878,1.05173231929e-05,4.58083283089,7.43051484931,0
2,35.7227503733,14.9611040877,7.43023537779,5.25968025609,8.63157328929e-06,4.58083283089,7.43051484931,0
2,35.7877008285,15.0260545429,7.43019911617,5.25821572565,7.09589317921e-06,4.58083283089,7.43051484931,0
2,35.8526512837,15.0910049981,7.43029417311,5.2562608071,5.84537928929e-06,4.58083283089,7.43051484931,0
2,35.917601739,15.1559554534,7.43024978605,5.25416796904,4.82114148967e-06,4.58083283089,7.43051484931,0
2,35.9825521942,15.2209059086,7.43033515317,5.25220911796,3.97444932851e-06,4.58083283089,7.43051484931,0
2,36.0475026494,15.2858563638,7.43028617667,5.2506488391,3.26910014743e-06,4.58083283089,7.43051484931,0
2,36.1124531046,15.350806819,7.43036505697,5.24975446309,2.68067753451e-06,4.58083283089,7.43051484931,0
2,36.1774035599,15.4157572743,7.43031314295,5.24978431087,2.19306450698e-06,4.58083283089,7.43051484931,0
2,36.2423540151,15.4807077295,7.43038684429,5.25100817259,1.79379802806e-06,4.58083283089,7.43051484931,0
2,36.3073044703,15.5456581847,7.43033333295,5.25374918941,1.47043874971e-06,4.58083283089,7.43051484931,0
2,36.3722549255,15.6106086399,7.43040317522,5.25851118574,1.20941099978e-06,4.58083283089,7.43051484931,0
2,36.4372053808,15.6755590952,7.43034898916,5.26558059886,9.9711390165e-07,4.58083283089,7.43051484931,0
2,36.502155836,15.7405095504,7.4304158434,5.27500359983,8.21814929568e-07,4.58083283089,7.43051484931,0
2,36.5671062912,15.8054600056,7.43036158129,5.28677717066,6.74956609253e-07,4.58083283089,7.43051484931,0
2,36.6320567464,15.8704104608,7.4304260841,5.30083976638,5.51344974889e-07,4.58083283089,7.43051484931,0
2,36.6970072017,15.9353609161,7.43037224613,5.31719199407,4.48322443415e-07,4.58083283089,7.43051484931,0
2,36.7619576569,16.0003113713,7.430434983,5.33582135477,3.64277013775e-07,4.58083283089,7.43051484931,0
2,36.8269081121,16.0652618265,7.43038171816,5.35676599756,2.9719080817e-07,4.58083283089,7.43051484931,0
2,36.8918585673,16.1302122817,7.43044277038,5.38045306477,2.44034666506e-07,4.58083283089,7.43051484931,0
2,36.9568090226,16.1951627369,7.4303901881,5.40767685023,2.0127649998e-07,4.58083283089,7.43051484931,0
2,37.0217594778,16.2601131922,7.4304498292,5.4393652962,1.65874383204e-07,4.58083283089,7.43051484931,0
2,37.086709933,16.3250636474,7.43039805851,5.47636419633,1.35918925676e-07,4.58083283089,7.43051484931,0
2,37.1516603882,16.3900141026,7.43045646236,5.51928270758,1.10620799531e-07,4.58083283089,7.43051484931,0
2,37.2166108435,16.4549645578,7.43040553869,5.56842169865,8.98970917276e-08,4.58083283089,7.43051484931,0
2,37.2815612987,16.5199150131,7.43046279696,5.62375147104,7.38065167726e-08,4.58083283089,7.43051484931,0
2,37.3465117539,16.5848654683,7.43041269093,5.68493347676,6.20043918234e-08,4.58083283089,7.43051484931,0
2,37.4114622091,16.6498159235,7.43046888685,5.75135549029,5.34778241766e-08,4.58083283089,7.43051484931,0
2,37.4764126643,16.7147663787,7.43041960866,5.82217897541,4.68344515923e-08,4.58083283089,7.43051484931,0
2,37.5413631196,16.779716834,7.43047482022,5.89638086369,4.09654090969e-08,4.58083283089,7.43051484931,0
2,37.6063135748,16.8446672892,7.43042636395,5.97279399989,3.5533613241e-08,4.58083283089,7.43051484931,0
2,37.67126403,16.9096177444,7.43048067149,6.05014297371,3.09048257249e-08,4.58083283089,7.43051484931,0
2,37.7362144852,16.9745681996,7.43043299002,6.12708143659,2.76948423261e-08,4.58083283089,7.43051484931,0
2,37.8011649405,17.0395186549,7.4304864099,6.20222797514,2.6300512703e-08,4.58083283089,7.43051484931,0
2,37.8661153957,17.1044691101,7.43043951467,6.27419363702,2.66197780719e-08,4.58083283089,7.43051484931,0
2,37.9310658509,17.1694195653,7.43049212895,6.34161470275,2.79915262837e-08,4.58083283089,7.43051484931,0
2,37.9960163061,17.2343700205,7.4304460022,6.40320295004,2.94356893287e-08,4.58083283089,7.43051484931,0
2,38.0609667614,17.2993204758,7.43049783471,6.45786731441,3.01525768863e-08,4.58083283089,7.43051484931,0
2,38.1259172166,17.364270931,7.43045239496,6.50478297194,2.99896485527e-08,4.58083283089,7.43051484931,0
2,38.1908676718,17.4292213862,7.43050341656,6.54353844504,2.94982029164e-08,4.58083283089,7.43051484931,0
2,38.255818127,17.4941718414,7.43045861512,6.57430663299,2.95528823758e-08,4.58083283089,7.43051484931,0
2,38.3207685823,17.5591222967,7.43050885755,6.59744421508,3.0826608165e-08,4.58083283089,7.43051484931,0
2,38.3857190375,17.6240727519,7.4304647057,6.61354817696,3.34397777275e-08,4.58083283089,7.43051484931,0
2,38.4506694927,17.6890232071,7.43051426912,6.62350912384,3.68845661605e-08,4.58083283089,7.43051484931,0
2,38.5156199479,17.7539736623,7.430470755,6.62844478488,4.02444959746e-08,4.58083283089,7.43051484931,0
2,38.5805704032,17.8189241176,7.43051963325,6.62953076512,4.26489725015e-08,4.58083283089,7.43051484931,0
2,38.6455208584,17.8838745728,7.43047667764,6.62777896997,4.376482752e-08,4.58083283089,7.43051484931,0
2,38.7104713136,17.948825028,7.43052482863,6.62381545783,4.39907555486e-08,4.58083283089,7.43051484931,0
2,38.7754217688,18.0137754832,7.43048236511,6.61791075528,4.4218020445e-08,4.58083283089,7.43051484931,0
2,38.8403722241,18.0787259384,7.4305298447,6.6103422994,4.53265991406e-08,4.58083283089,7.43051484931,0
2,38.9053226793,18.1436763937,7.43048790768,6.60140320469,4.77399203692e-08,4.58083283089,7.43051484931,0
2,38.9702731345,18.2086268489,7.43053476507,6.59133516662,5.12162427354e-08,4.58083283089,7.43051484931,0
2,39.0352235897,18.2735773041,7.43049334085,6.5803416526,5.49460184763e-08,4.58083283089,7.43051484931,0
2,39.100174045,18.3385277593,7.43053957392,6.56858699184,5.79394127534e-08,4.58083283089,7.43051484931,0
2,39.1651245002,18.4034782146,7.43049858848,6.5562090625,5.95715427622e-08,4.58083283089,7.43051484931,0
2,39.2300749554,18.4684286698,7.43054419197,6.54331861694,5.99492258149e-08,4.58083283089,7.43051484931,0
2,39.2950254106,18.533379125,7.43050364306,6.53000882167,5.98416484707e-08,4.58083283089,7.43051484931,0
2,39.3599758658,18.5983295802,7.43054867408,6.51635397555,6.02285609786e-08,4.58083283089,7.43051484931,0
2,39.4249263211,18.6632800355,7.43050854996,6.50241701103,6.17990825904e-08,4.58083283089,7.43051484931,0
2,39.4898767763,18.7282304907,7.43055302561,6.48824760265,6.46422020425e-08,4.58083283089,7.43051484931,0
2,39.5548272315,18.7931809459,7.43051328172,6.47388830149,6.82031176722e-08,4.58083283089,7.43051484931,0
2,39.6197776867,18.8581314011,7.43055715907,6.45937220954,7.15066868265e-08,4.58083283089,7.43051484931,0
2,39.684728142,18.9230818564,7.43051775082,6.44472817822,7.36466466249e-08,4.58083283089,7.43051484931,0
2,39.7496785972,18.9880323116,7.43056108213,6.42997820108,7.43197791938e-08,4.58083283089,7.43051484931,0
2,39.8146290524,19.0529827668,7.43052201945,6.41514194868,7.40359665246e-08,4.58083283089,7.43051484931,0
2,39.8795795076,19.117933222,7.43056482763,6.40023398338,7.38046474055e-08,4.58083283089,7.43051484931,0
2,39.9445299629,19.1828836773,7.43052607836,6.38526781454,7.45493867992e-08,4.58083283089,7.43051484931,0
2,40.0094804181,19.2478341325,7.43056833767,6.37025301868,7.66531302303e-08,4.58083283089,7.43051484931,0
2,40.0744308733,19.3127845877,7.43052985393,6.35519895018,7.98346664796e-08,4.58083283089,7.43051484931,0
2,40.1393813285,19.3777350429,7.4305715993,6.340111829,8.32867484628e-08,4.58083283089,7.43051484931,0
2,40.2043317838,19.4426854982,7.43053337401,6.32499820141,8.6021814598e-08,4.58083283089,7.43051484931,0
2,40.269282239,19.5076359534,7.43057465221,6.30986203,8.73646355878e-08,4.58083283089,7.43051484931,0
2,40.3342326942,19.5725864086,7.43053671082,6.29470796468,8.73809661454e-08,4.58083283089,7.43051484931,0
2,40.3991831494,19.6375368638,7.43057749194,6.27953845374,8.6892665963e-08,4.58083283089,7.43051484931,0
2,40.4641336047,19.7024873191,7.43053976527,6.26435686548,8.70058234214e-08,4.58083283089,7.43051484931,0
2,40.5290840599,19.7674377743,7.43058005859,6.24916462896,8.84737995198e-08,4.58083283089,7.43051484931,0
2,40.5940345151,19.8323882295,7.43054252667,6.23396423887,9.133661007e-08,4.58083283089,7.43051484931,0
2,40.6589849703,19.8973386847,7.43058235661,6.21875643512,9.49654317016e-08,4.58083283089,7.43051484931,0
2,40.7239354256,19.96228914,7.43054501574,6.20354311512,9.83895435086e-08,4.58083283089,7.43051484931,0
2,40.7888858808,20.0272395952,7.43058438728,6.18832455392,1.00737399443e-07,4.58083283089,7.43051484931,0
2,40.853836336,20.0921900504,7.4305471923,6.17310224044,1.01678498119e-07,4.58083283089,7.43051484931,0
2,40.9187867912,20.1571405056,7.43058609472,6.15787613706,1.01650189217e-07,4.58083283089,7.43051484931,0
2,40.9837372465,20.2220909608,7.43054902169,6.14264745276,1.01672451889e-07,4.58083283089,7.43051484931,0
2,41.0486877017,20.2870414161,7.43058750008,6.12741593885,1.02786745875e-07,4.58083283089,7.43051484931,0
2,41.1136381569,20.3519918713,7.43055057862,6.11218260933,1.05481383041e-07,4.58083283089,7.43051484931,0
2,41.1785886121,20.4169423265,7.43058865532,6.09694706992,1.09451973986e-07,4.58083283089,7.43051484931,0
2,41.2435390673,20.4818927817,7.43055184292,6.0817101953,1.13796814246e-07,4.58083283089,7.43051484931,0
2,41.3084895226,20.546843237,7.43058944961,6.06647148852,1.1747949195e-07,4.58083283089,7.43051484931,0
2,41.3734399778,20.6117936922,7.32311262652,6.05123172207,1.19846654806e-07,4.58083283089,7.43051484931,0
2,41.438390433,20.6767441474,7.01588238883,6.03599032316,1.20972977053e-07,4.58083283089,7.43051484931,0
2,41.5033408882,20.7416946026,6.55374612923,6.02074798542,1.21656471797e-07,4.58083283089,7.43051484931,0
4,0,-32.9218232979,7.55879794672,7.55789022796,8.09056965593e-07,5.97671163849,9.13988424293,0
4,0.0686095391771,-32.8532137587,6.95153147502,7.54002629387,8.06606495522e-07,5.97671163849,9.13988424293,0
4,0.137219078354,-32.7846042195,6.43849402914,7.52216064577,8.04318809097e-07,5.97671163849,9.13988424293,0
4,0.205828617531,-32.7159946804,6.09684545527,7.50429367928,8.0205395271e-07,5.97671163849,9.13988424293,0
4,0.274438156708,-32.6473851412,5.97717496402,7.48642481529,7.99692275153e-07,5.97671163849,9.13988424293,0
4,0.343047695886,-32.578775602,5.97719908676,7.46855438857,7.97200889739e-07,5.97671163849,9.13988424293,0
4,0.411657235063,-32.5101660628,5.97716788122,7.45068172752,7.94634867483e-07,5.97671163849,9.13988424293,0
4,0.48026677424,-32.4415565237,5.97719098009,7.43280708568,7.92126717454e-07,5.97671163849,9.13988424293,0
4,0.548876313417,-32.3729469845,5.97715808036,7.41492966888,7.89805645605e-07,5.97671163849,9.13988424293,0
4,0.617485852594,-32.3043374453,5.97718013236,7.39704962025,7.87707892936e-07,5.97671163849,9.13988424293,0
4,0.686095391771,-32.2357279061,5.97714551749,7.37916597937,7.85734407733e-07,5.97671163849,9.13988424293,0
4,0.754704930948,-32.167118367,5.97716656782,7.36127872534,7.83737908531e-07,5.97671163849,9.13988424293,0
4,0.823314470125,-32.0985088278,5.97713030373,7.34338666156,7.81618000078e-07,5.97671163849,9.13988424293,0
4,0.891924009302,-32.0298992886,5.97715039018,7.32548952345,7.79369778902e-07,5.97671163849,9.13988424293,0
4,0.960533548479,-31.9612897494,5.97711243612,7.30758577248,7.77059109249e-07,5.97671163849,9.13988424293,0
4,1.02914308766,-31.8926802102,5.97713154135,7.2896747761,7.74803884139e-07,5.97671163849,9.13988424293,0
4,1.09775262683,-31.8240706711,5.97709188173,7.27175449263,7.72709786734e-07,5.97671163849,9.13988424293,0
4,1.16636216601,-31.7554611319,5.97710996581,7.25382373232,7.70794326767e-07,5.97671163849,9.13988424293,0
4,1.23497170519,-31.6868515927,5.97706855378,7.2358797106,7.6894362191e-07,5.97671163849,9.13988424293,0
4,1.30358124436,-31.6182420535,5.97708571255,7.2179203999,7.66999983937e-07,5.97671163849,9.13988424293,0
4,1.37219078354,-31.5496325144,5.97704263253,7.19994191639,7.6487315106e-07,5.97671163849,9.13988424293,0
4,1.44080032272,-31.4810229752,5.97705889162,7.1819409658,7.62590697924e-07,5.97671163849,9.13988424293,0
4,1.5094098619,-31.412413436,5.97701413557,7.1639120174,7.60241977954e-07,5.97671163849,9.13988424293,0
4,1.57801940107,-31.3438038968,5.9770295044,7.14584984818,7.57928296947e-07,5.97671163849,9.13988424293,0
4,1.64662894025,-31.2751943576,5.97698303515,7.12774644144,7.55715864599e-07,5.97671163849,9.13988424293,0
4,1.71523847943,-31.2065848185,5.97699748606,7.10959363395,7.53599518762e-07,5.97671163849,9.13988424293,0
4,1.7838480186,-31.1379752793,5.97694930055,7.09137965193,7.51464796571e-07,5.97671163849,9.13988424293,0
4,1.85245755778,-31.0693657401,5.97696287803,7.07309185622,7.49149443352e-07,5.97671163849,9.13988424293,0
4,1.92106709696,-31.0007562009,5.97691298842,7.05471277844,7.46559457666e-07,5.97671163849,9.13988424293,0
4,1.98967663614,-30.9321466618,5.97692568544,7.03622293859,7.43753537654e-07,5.97671163849,9.13988424293,0
4,2.05828617531,-30.8635371226,5.97687407524,7.01759617154,7.40880333251e-07,5.97671163849,9.13988424293,0
4,2.12689571449,-30.7949275834,5.97688597099,6.99880247947,7.38060696965e-07,5.97671163849,9.13988424293,0
4,2.19550525367,-30.7263180442,5.97683264633,6.97980234967,7.35301274187e-07,5.97671163849,9.13988424293,0
4,2.26411479284,-30.6577085051,5.9768437234,6.96054960865,7.3251039079e-07,5.97671163849,9.13988424293,0
4,2.33272433202,-30.5890989659,5.97678865921,6.94098427881,7.29544900187e-07,5.97671163849,9.13988424293,0
4,2.4013338712,-30.5204894267,5.97679892942,6.92103540241,7.2628838425e-07,5.97671163849,9.13988424293,0
4,2.46994341038,-30.4518798875,5.97674212511,6.90061168704,7.22717342666e-07,5.97671163849,9.13988424293,0
4,2.53855294955,-30.3832703483,5.97675164766,6.87960433,7.18938882654e-07,5.97671163849,9.13988424293,0
4,2.60716248873,-30.3146608092,5.97669315191,6.85787419252,7.15118130799e-07,5.97671163849,9.13988424293,0
4,2.67577202791,-30.24605127,5.97670197564,6.83525511814,7.11362705624e-07,5.97671163849,9.13988424293,0
4,2.74438156708,-30.1774417308,5.97664172789,6.81153540539,7.0764300453e-07,5.97671163849,9.13988424293,0
4,2.81299110626,-30.1088321916,5.97664982467,6.78646396339,7.03828481358e-07,5.97671163849,9.13988424293,0
4,2.88160064544,-30.0402226525,5.9765878124,6.75973492745,6.99763069633e-07,5.97671163849,9.13988424293,0
4,2.95021018462,-29.9716131133,5.97659521543,6.73109624797,6.95359465695e-07,5.97671163849,9.13988424293,0
4,3.01881972379,-29.9030035741,5.97653147211,6.70020331053,6.90672266941e-07,5.97671163849,9.13988424293,0
4,3.08742926297,-29.8343940349,5.97653826452,6.66621599887,6.85928635778e-07,5.97671163849,9.13988424293,0
4,3.15603880215,-29.7657844958,5.97647280482,6.62792905161,6.81411517644e-07,5.97671163849,9.13988424293,0
4,3.22464834132,-29.6971749566,5.97647901954,6.58406646321,6.77269324084e-07,5.97671163849,9.13988424293,0
4,3.2932578805,-29.6285654174,5.97641178306,6.53354478819,6.73409497906e-07,5.97671163849,9.13988424293,0
4,3.36186741968,-29.5599558782,5.97641737866,6.47561836323,6.69607193691e-07,5.97671163849,9.13988424293,0
4,3.43047695886,-29.491346339,5.97634834282,6.40993953767,6.65695569388e-07,5.97671163849,9.13988424293,0
4,3.49908649803,-29.4227367999,5.9763534142,6.33654605877,6.6171524006e-07,5.97671163849,9.13988424293,0
4,3.56769603721,-29.3541272607,5.97628263967,6.25581412346,6.57966140137e-07,5.97671163849,9.13988424293,0
4,3.63630557639,-29.2855177215,5.97628726587,6.1683954733,6.54979343777e-07,5.97671163849,9.13988424293,0
4,3.70491511556,-29.2169081823,5.97621472385,6.075159452,6.5331527427e-07,5.97671163849,9.13988424293,0
4,3.77352465474,-29.1482986432,5.97621888822,5.97722697414,6.53267966397e-07,5.97671163849,9.13988424293,0
4,3.84213419392,-29.079689104,5.9761445266,5.87588148859,6.54723050728e-07,5.97671163849,9.13988424293,0
4,3.91074373309,-29.0110795648,5.97614825275,5.77225445347,6.57389382466e-07,5.97671163849,9.13988424293,0
4,3.97935327227,-28.9424700256,5.97607201614,5.66720890664,6.61210529536e-07,5.97671163849,9.13988424293,0
4,4.04796281145,-28.8738604864,5.97607533082,5.56121367175,6.66653613275e-07,5.97671163849,9.13988424293,0
4,4.11657235063,-28.8052509473,5.97599719125,5.45454785709,6.7473006564e-07,5.97671163849,9.13988424293,0
4,4.1851818898,-28.7366414081,5.97600012903,5.34739545847,6.86822053632e-07,5.97671163849,9.13988424293,0
4,4.25379142898,-28.6680318689,5.97592002868,5.23982154259,7.04300555085e-07,5.97671163849,9.13988424293,0
4,4.32240096816,-28.5994223297,5.97592258862,5.1317918124,7.28057022488e-07,5.97671163849,9.13988424293,0
4,4.39101050733,-28.5308127906,5.97584046019,5.02317851203,7.58305750317e-07,5.97671163849,9.13988424293,0
4,4.45962004651,-28.4622032514,5.97584258993,4.91375779155,7.9502468429e-07,5.97671163849,9.13988424293,0
4,4.52822958569,-28.3935937122,5.97575838429,4.80320088108,8.38821102156e-07,5.97671163849,9.13988424293,0
4,4.59683912487,-28.324984173,5.97576034464,4.69106811352,8.91635149301e-07,5.97671163849,9.13988424293,0
4,4.66544866404,-28.2563746339,5.97567384633,4.57685309145,9.56827687992e-07,5.97671163849,9.13988424293,0
4,4.73405820322,-28.1877650947,5.97567515227,4.4600978379,1.03866696732e-06,5.97671163849,9.13988424293,0
4,4.8026677424,-28.1191555555,5.97558600876,4.3406189464,1.14141401007e-06,5.97671163849,9.13988424293,0
4,4.87127728157,-28.0505460163,5.97558649758,4.21875731562,1.26844247398e-06,5.97671163849,9.13988424293,0
4,4.93988682075,-27.9819364771,5.97549430916,4.09544741625,1.42205053257e-06,5.97671163849,9.13988424293,0
4,5.00849635993,-27.913326938,5.97549376933,3.97177189208,1.60450783379e-06,5.97671163849,9.13988424293,0
4,5.07710589911,-27.8447173988,5.97539804881,3.84879483934,1.82000397628e-06,5.97671163849,9.13988424293,0
4,5.14571543828,-27.7761078596,5.97539573617,3.72764365942,2.07640209118e-06,5.97671163849,9.13988424293,0
4,5.21432497746,-27.7074983204,5.97529551263,3.60945670034,2.38569825677e-06,5.97671163849,9.13988424293,0
4,5.28293451664,-27.6388887813,5.97529063493,3.49535928839,2.76288553566e-06,5.97671163849,9.13988424293,0
4,5.35154405581,-27.5702792421,5.97518480636,3.38640778614,3.22376354938e-06,5.97671163849,9.13988424293,0
4,5.42015359499,-27.5016697029,5.97517619908,3.2835546124,3.78301929142e-06,5.97671163849,9.13988424293,0
4,5.48876313417,-27.4330601637,5.97506310311,3.1875894361,4.45421995282e-06,5.97671163849,9.13988424293,0
4,5.55737267335,-27.3644506246,5.97504893095,3.09909746389,5.25274530187e-06,5.97671163849,9.13988424293,0
4,5.62598221252,-27.2958410854,5.97492609696,3.01840580014,6.20090695712e-06,5.97671163849,9.13988424293,0
4,5.6945917517,-27.2272315462,5.97490368463,2.94555764348,7.33285009711e-06,5.97671163849,9.13988424293,0
4,5.76320129088,-27.158622007,5.97476773175,2.88029645543,8.69653827225e-06,5.97671163849,9.13988424293,0
4,5.83181083005,-27.0900124678,5.97473332397,2.82216738259,1.03516235493e-05,5.97671163849,9.13988424293,0
4,5.90042036923,-27.0214029287,5.97457944963,2.77105549754,1.23644596787e-05,5.97671163849,9.13988424293,0
4,5.96902990841,-26.9527933895,5.97452752636,2.72718018501,1.48039818045e-05,5.97671163849,9.13988424293,0
4,6.03763944759,-26.8841838503,5.97434863087,2.69047828638,1.77430322707e-05,5.97671163849,9.13988424293,0
4,6.10624898676,-26.8155743111,5.97427092161,2.66039266576,2.12677580906e-05,5.97671163849,9.13988424293,0
4,6.17485852594,-26.746964772,5.97405666879,2.63589447505,2.5493224669e-05,5.97671163849,9.13988424293,0
4,6.24346806512,-26.6783552328,5.97394123258,2.6157504567,3.05791853642e-05,5.97671163849,9.13988424293,0
4,6.31207760429,-26.6097456936,5.97367684355,2.59853121526,3.67388759015e-05,5.97671163849,9.13988424293,0
4,6.38068714347,-26.5411361544,5.97350638875,2.58276910388,4.42371159489e-05,5.97671163849,9.13988424293,0
4,6.44929668265,-26.4725266153,5.97317037325,2.56737782774,5.33808081064e-05,5.97671163849,9.13988424293,0
4,6.51790622182,-26.4039170761,5.97291927079,2.5518139813,6.4512252827e-05,5.97671163849,9.13988424293,0
4,6.586515761,-26.3353075369,5.97247974107,2.53558849012,7.80186806188e-05,5.97671163849,9.13988424293,0
4,6.65512530018,-26.2666979977,5.97210993005,2.51775170486,9.43662653099e-05,5.97671163849,9.13988424293,0
4,6.72373483936,-26.1980884585,5.9715199638,2.496996925,0.00011415462302,5.97671163849,9.13988424293,0
4,6.79234437853,-26.1294789194,5.97097544003,2.47194943703,0.000138175526509,5.97671163849,9.13988424293,0
4,6.86095391771,-26.0608693802,5.97016630378,2.44143904491,0.000167455568625,5.97671163849,9.13988424293,0
4,6.92956345689,-25.992259841,5.96936456696,2.40464872045,0.000203271470693,5.97671163849,9.13988424293,0
4,6.99817299606,-25.9236503018,5.96823452829,2.36118265199,0.0002471467375,5.97671163849,9.13988424293,0
4,7.06678253524,-25.8550407627,5.96705241252,2.31105119932,0.000300860669443,5.97671163849,9.13988424293,0
4,7.13539207442,-25.7864312235,5.96544931074,2.25462876646,0.000366511096541,5.97671163849,9.13988424293,0
4,7.2040016136,-25.7178216843,5.96370213936,2.19258228481,0.000446659150372,5.97671163849,9.13988424293,0
4,7.27261115277,-25.6492121451,5.96139854424,2.12580828733,0.000544549789947,5.97671163849,9.13988424293,0
4,7.34122069195,-25.5806026059,5.95881048632,2.05536576144,0.000664364253339,5.97671163849,9.13988424293,0
4,7.40983023113,-25.5119930668,5.95546706763,1.98242468947,0.000811445286543,5.97671163849,9.13988424293,0
4,7.4784397703,-25.4433835276,5.95162502392,1.90820649902,0.000992460417012,5.97671163849,9.13988424293,0
4,7.54704930948,-25.3747739884,5.94673173194,1.83393358621,0.00121553091188,5.97671163849,9.13988424293,0
4,7.61565884866,-25.3061644492,5.9410113382,1.76077456166,0.00149042822906,5.97671163849,9.13988424293,0
4,7.68426838784,-25.2375549101,5.93379528932,1.6898015264,0.00182898042749,5.97671163849,9.13988424293,0
4,7.75287792701,-25.1689453709,5.9252486841,1.62200992778,0.00224579867993,5.97671163849,9.13988424293,0
4,7.82148746619,-25.1003358317,5.91453726547,1.55830428193,0.00275932788807,5.97671163849,9.13988424293,0
4,7.89009700537,-25.0317262925,5.90172627665,1.4991792089,0.00339309698352,5.97671163849,9.13988424293,0
4,7.95870654454,-24.9631167534,5.88573952784,1.44457742503,0.00417697540594,5.97671163849,9.13988424293,0
4,8.02731608372,-24.8945072142,5.86647522397,1.39373872154,0.00514830162695,5.97671163849,9.13988424293,0
4,8.0959256229,-24.825897675,5.84249472725,1.34535357192,0.00635294987786,5.97671163849,9.13988424293,0
4,8.16453516208,-24.7572881358,5.81342218082,1.2977571815,0.00784666655,5.97671163849,9.13988424293,0
4,8.23314470125,-24.6886785966,5.77727189929,1.24900371463,0.00969717809894,5.97671163849,9.13988424293,0
4,8.30175424043,-24.6200690575,5.7332355235,1.19708407037,0.0119874764554,5.97671163849,9.13988424293,0
4,8.37036377961,-24.5514595183,5.6785019529,1.14024725843,0.0148202621961,5.97671163849,9.13988424293,0
4,8.43897331878,-24.4828499791,5.61160068135,1.07735472477,0.0183228948121,5.97671163849,9.13988424293,0
4,8.50758285796,-24.4142404399,5.52846065734,1.00805213806,0.0226516483433,5.97671163849,9.13988424293,0
4,8.57619239714,-24.3456309008,5.42662275439,0.932388733725,0.0279939210246,5.97671163849,9.13988424293,0
4,8.64480193632,-24.2770213616,5.30005460066,0.850616815858,0.0345674822043,5.97671163849,9.13988424293,0
4,8.71341147549,-24.2084118224,5.14493072734,0.763275810712,0.0426167167215,5.97671163849,9.13988424293,0
4,8.78202101467,-24.1398022832,4.95207603651,0.671125326574,0.0524065804545,5.97671163849,9.13988424293,0
4,8.85063055385,-24.0711927441,4.71632598022,0.575107687475,0.0642147969647,5.97671163849,9.13988424293,0
4,8.91924009302,-24.0025832049,4.42255647423,0.476281597,0.0783211578607,5.97671163849,9.13988424293,0
4,8.9878496322,-23.9339736657,4.08648315952,0.37578245873,0.0949899691562,5.97671163849,9.13988424293,0
4,9.05645917138,-23.8653641265,3.7036377937,0.274768852663,0.114414082444,5.97671163849,9.13988424293,0
4,9.12506871055,-23.7967545873,3.17048084555,0.174380206983,0.136481132187,5.97671163849,9.13988424293,0
4,9.19367824973,-23.7281450482,2.4183920734,0.0756918811961,0.160624999786,5.97671163849,9.13988424293,0
4,9.26228778891,-23.659535509,1.43373875146,-0.0203218146896,0.185884424252,5.97671163849,9.13988424293,0
4,9.33089732809,-23.5909259698,0.252541453145,-0.112726102274,0.211030996559,5.97671163849,9.13988424293,0
4,9.39950686726,-23.5223164306,-1.06433737993,-0.200846227165,0.234747621147,5.97671163849,9.13988424293,0
4,9.46811640644,-23.4537068915,-2.44469588449,-0.284701138521,0.255845020086,5.97671163849,9.13988424293,0
4,9.53672594562,-23.3850973523,-3.81948318047,-0.364865779335,0.273493137285,5.97671163849,9.13988424293,0
4,9.60533548479,-23.3164878131,-5.12807210037,-0.442231233991,0.287423932648,5.97671163849,9.13988424293,0
4,9.67394502397,-23.2478782739,-6.32090696288,-0.517758884841,0.298047230899,5.97671163849,9.13988424293,0
4,9.74255456315,-23.1792687347,-7.36262385253,-0.592364823751,0.306418175998,5.97671163849,9.13988424293,0
4,9.81116410233,-23.1106591956,-8.20615243782,-0.666823602606,0.314034892698,5.97671163849,9.13988424293,0
4,9.8797736415,-23.0420496564,-8.81352930215,-0.741747715499,0.322491176569,5.97671163849,9.13988424293,0
4,9.94838318068,-22.9734401172,-9.21808894593,-0.817548431827,0.333067633595,5.97671163849,9.13988424293,0
4,10.0169927199,-22.904830578,-9.46297046102,-0.894442564869,0.346372384249,5.97671163849,9.13988424293,0
4,10.085602259,-22.8362210389,-9.62940186706,-0.97244801345,0.362251956039,5.97671163849,9.13988424293,0
4,10.1542117982,-22.7676114997,-9.74773705279,-1.05137290985,0.380617265271,5.97671163849,9.13988424293,0
4,10.2228213374,-22.6990019605,-9.83178139281,-1.13055859115,0.402036337744,5.97671163849,9.13988424293,0
4,10.2914308766,-22.6303924213,-9.9043315382,-1.20895629896,0.427630956043,5.97671163849,9.13988424293,0
4,10.3600404157,-22.5617828822,-9.9825258986,-1.28523718855,0.458828320301,5.97671163849,9.13988424293,0
4,10.4286499549,-22.493173343,-10.0826918862,-1.35806694343,0.497023333763,5.97671163849,9.13988424293,0
4,10.4972594941,-22.4245638038,-10.2217656804,-1.42628548516,0.543188734743,5.97671163849,9.13988424293,0
4,10.5658690333,-22.3559542646,-10.4180311256,-1.48885811631,0.597470414479,5.97671163849,9.13988424293,0
4,10.6344785725,-22.2873447254,-10.6925464758,-1.54491011365,0.658827847823,5.97671163849,9.13988424293,0
4,10.7030881116,-22.2187351863,-11.0588196446,-1.59379287269,0.724791372564,5.97671163849,9.13988424293,0
4,10.7716976508,-22.1501256471,-11.5123292909,-1.63514521267,0.791410925897,5.97671163849,9.13988424293,0
4,10.84030719,-22.0815161079,-12.0065433613,-1.66896595134,0.853470043741,5.97671163849,9.13988424293,0
4,10.9089167292,-22.0129065687,-12.4477038011,-1.69564943153,0.904983988993,5.97671163849,9.13988424293,0
4,10.9775262683,-21.9442970296,-12.7126515499,-1.71600077995,0.939957618757,5.97671163849,9.13988424293,0
4,11.0461358075,-21.8756874904,-12.7824102147,-1.73115681587,0.953376395808,5.97671163849,9.13988424293,0
4,11.1147453467,-21.8070779512,-12.6671556471,-1.74243631499,0.942173778458,5.97671163849,9.13988424293,0
4,11.1833548859,-21.738468412,-12.3505852439,-1.7510568626,0.905791244355,5.97671163849,9.13988424293,0
4,11.251964425,-21.6698588729,-11.8322726656,-1.75785591574,0.846306798854,5.97671163849,9.13988424293,0
4,11.3205739642,-21.6012493337,-11.1129844618,-1.76320979384,0.768120617064,5.97671163849,9.13988424293,0
4,11.3891835034,-21.5326397945,-10.2055787208,-1.76747395617,0.677273183478,5.97671163849,9.13988424293,0
4,11.4577930426,-21.4640302553,-9.1272869124,-1.77105540341,0.580554926169,5.97671163849,9.13988424293,0
4,11.5264025818,-21.3954207161,-7.9073014506,-1.7743301858,0.484594406918,5.97671163849,9.13988424293,0
4,11.5950121209,-21.326811177,-6.58099877962,-1.77764743529,0.395095924371,5.97671163849,9.13988424293,0
4,11.6636216601,-21.2582016378,-5.19466989342,-1.7813494897,0.31631834331,5.97671163849,9.13988424293,0
4,11.7322311993,-21.1895920986,-3.79847129027,-1.78576214024,0.250825317451,5.97671163849,9.13988424293,0
4,11.8008407385,-21.1209825594,-2.44668064186,-1.79121348469,0.199475905683,5.97671163849,9.13988424293,0
4,11.8694502776,-21.0523730203,-1.18790264814,-1.79803154174,0.161616149052,5.97671163849,9.13988424293,0
4,11.9380598168,-20.9837634811,-0.063583139524,-1.8067048818,0.135433023892,5.97671163849,9.13988424293,0
4,12.006669356,-20.9151539419,0.896851214093,-1.81775230453,0.118440696191,5.97671163849,9.13988424293,0
4,12.0752788952,-20.8465444027,1.67609140498,-1.83131154835,0.108055313467,5.97671163849,9.13988424293,0
4,12.1438884343,-20.7779348636,2.26011578804,-1.84738739411,0.10218268185,5.97671163849,9.13988424293,0
4,12.2124979735,-20.7093253244,2.64930073886,-1.86590795619,0.099697254695,5.97671163849,9.13988424293,0
4,12.2811075127,-20.6407157852,2.9112656949,-1.88682131844,0.100269285732,5.97671163849,9.13988424293,0
4,12.3497170519,-20.572106246,3.08454966891,-1.91014756539,0.103672537412,5.97671163849,9.13988424293,0
4,12.4183265911,-20.5034967068,3.20941102616,-1.935875507,0.109728189535,5.97671163849,9.13988424293,0
4,12.4869361302,-20.4348871677,3.261789376,-1.96425097661,0.118353267228,5.97671163849,9.13988424293,0
4,12.5555456694,-20.3662776285,3.23248867028,-1.99605119549,0.129560448588,5.97671163849,9.13988424293,0
4,12.6241552086,-20.2976680893,3.13158656015,-2.03233428712,0.143404110136,5.97671163849,9.13988424293,0
4,12.6927647478,-20.2290585501,2.86146666065,-2.07415636876,0.159780601368,5.97671163849,9.13988424293,0
4,12.7613742869,-20.160449011,2.35457253654,-2.12232323333,0.178253785343,5.97671163849,9.13988424293,0
4,12.8299838261,-20.0918394718,1.59729364046,-2.17728042379,0.198041952252,5.97671163849,9.13988424293,0
4,12.8985933653,-20.0232299326,0.628033488208,-2.23906112286,0.218082707573,5.97671163849,9.13988424293,0
4,12.9672029045,-19.9546203934,-0.489932501256,-2.30731454942,0.237173783521,5.97671163849,9.13988424293,0
4,13.0358124436,-19.8860108542,-1.67986616855,-2.38134372432,0.254181024773,5.97671163849,9.13988424293,0
4,13.1044219828,-19.8174013151,-2.86946990421,-2.46017264395,0.268277445146,5.97671163849,9.13988424293,0
4,13.173031522,-19.7487917759,-3.99291512715,-2.54259544349,0.2791484891,5.97671163849,9.13988424293,0
4,13.2416410612,-19.6801822367,-4.9985621608,-2.62723448429,0.287086300753,5.97671163849,9.13988424293,0
4,13.3102506004,-19.6115726975,-5.84495418,-2.71258097022,0.292918662375,5.97671163849,9.13988424293,0
4,13.3788601395,-19.5429631584,-6.50368028093,-2.79704858699,0.297767796339,5.97671163849,9.13988424293,0
4,13.4474696787,-19.4743536192,-6.95425261598,-2.87900807706,0.30270169535,5.97671163849,9.13988424293,0
4,13.5160792179,-19.40574408,-7.18771755537,-2.95683094574,0.308387434621,5.97671163849,9.13988424293,0
4,13.5846887571,-19.3371345408,-7.20328895516,-3.02894195242,0.314863623662,5.97671163849,9.13988424293,0
4,13.6532982962,-19.2685250017,-7.01035080191,-3.09396073583,0.321513639242,5.97671163849,9.13988424293,0
4,13.7219078354,-19.1999154625,-6.62749115548,-3.15081254734,0.327253083116,5.97671163849,9.13988424293,0
4,13.7905173746,-19.1313059233,-6.06938093009,-3.19889462514,0.33087207615,5.97671163849,9.13988424293,0
4,13.8591269138,-19.0626963841,-5.34038683433,-3.23827860371,0.331420474971,5.97671163849,9.13988424293,0
4,13.927736453,-18.9940868449,-4.51911441112,-3.26926975329,0.328511052293,5.97671163849,9.13988424293,0
4,13.9963459921,-18.9254773058,-3.69912899257,-3.29247452589,0.322444583005,5.97671163849,9.13988424293,0
4,14.0649555313,-18.8568677666,-3.0142938659,-3.30888235481,0.314175633489,5.97671163849,9.13988424293,0
4,14.1335650705,-18.7882582274,-2.56367770684,-3.3197818302,0.30573388205,5.97671163849,9.13988424293,0
4,14.2021746097,-18.7196486882,-2.4065343352,-3.32655832627,0.300487128235,5.97671163849,9.13988424293,0
4,14.2707841488,-18.6510391491,-2.59772655967,-3.33041160506,0.302481968058,5.97671163849,9.13988424293,0
4,14.339393688,-18.5824296099,-3.15241397564,-3.33207173242,0.315623501518,5.97671163849,9.13988424293,0
4,14.4080032272,-18.5138200707,-4.02790932302,-3.33185953769,0.342923396888,5.97671163849,9.13988424293,0
4,14.4766127664,-18.4452105315,-5.11548694651,-3.33011104379,0.385913048429,5.97671163849,9.13988424293,0
4,14.5452223055,-18.3766009924,-6.25822889487,-3.3271620392,0.444269357299,5.97671163849,9.13988424293,0
4,14.6138318447,-18.3079914532,-7.38887192252,-3.32327996294,0.515757627651,5.97671163849,9.13988424293,0
4,14.6824413839,-18.239381914,-8.47985816396,-3.31868431477,0.596439263988,5.97671163849,9.13988424293,0
4,14.7510509231,-18.1707723748,-9.47451283026,-3.31353951792,0.680919007326,5.97671163849,9.13988424293,0
4,14.8196604623,-18.1021628356,-10.3353622621,-3.30797752179,0.762780876838,5.97671163849,9.13988424293,0
4,14.8882700014,-18.0335532965,-11.0285367921,-3.30208322503,0.835236776636,5.97671163849,9.13988424293,0
4,14.9568795406,-17.9649437573,-11.5340829208,-3.29592356911,0.891946011944,5.97671163849,9.13988424293,0
4,15.0254890798,-17.8963342181,-11.8376405629,-3.28952662345,0.927876286493,5.97671163849,9.13988424293,0
4,15.094098619,-17.8277246789,-11.9351071301,-3.28300559677,0.940042444029,5.97671163849,9.13988424293,0
4,15.1627081581,-17.7591151398,-11.8297496178,-3.27632703265,0.927959792886,5.97671163849,9.13988424293,0
4,15.2313176973,-17.6905056006,-11.531853194,-3.26909538457,0.893705073653,5.97671163849,9.13988424293,0
4,15.2999272365,-17.6218960614,-11.064042635,-3.26103276264,0.841570440514,5.97671163849,9.13988424293,0
4,15.3685367757,-17.5532865222,-10.4256060843,-3.25209820998,0.77739072148,5.97671163849,9.13988424293,0
4,15.4371463148,-17.4846769831,-9.65169490529,-3.24246996895,0.70766494541,5.97671163849,9.13988424293,0
4,15.505755854,-17.4160674439,-8.88210640406,-3.23243874018,0.638532078673,5.97671163849,9.13988424293,0
4,15.5743653932,-17.3474579047,-8.21699575,-3.22234518744,0.574969260392,5.97671163849,9.13988424293,0
4,15.6429749324,-17.2788483655,-7.714616814,-3.21251353166,0.520345621489,5.97671163849,9.13988424293,0
4,15.7115844716,-17.2102388263,-7.38455112054,-3.20323108517,0.47624850572,5.97671163849,9.13988424293,0
4,15.7801940107,-17.1416292872,-7.21974380336,-3.19472909235,0.442556997414,5.97671163849,9.13988424293,0
4,15.8488035499,-17.073019748,-7.19306338984,-3.18719018501,0.417734711803,5.97671163849,9.13988424293,0
4,15.9174130891,-17.0044102088,-7.27707862116,-3.1807755062,0.399313509287,5.97671163849,9.13988424293,0
4,15.9860226283,-16.9358006696,-7.43469649296,-3.17556843906,0.384523675064,5.97671163849,9.13988424293,0
4,16.0546321674,-16.8671911305,-7.63225239217,-3.17156295057,0.37098215277,5.97671163849,9.13988424293,1
4,16.1232417066,-16.7985815913,-7.83276488468,-3.1687031096,0.357301432175,5.97671163849,9.13988424293,1
4,16.1918512458,-16.7299720521,-8.00965041923,-3.1668793372,0.343467611298,5.97671163849,9.13988424293,1
4,16.260460785,-16.6613625129,-8.06943833625,-3.1660161758,0.330534491629,5.97671163849,9.13988424293,1
4,16.3290703242,-16.5927529737,-7.94404183196,-3.16599192403,0.319438274992,5.97671163849,9.13988424293,1
4,16.3976798633,-16.5241434346,-7.57733441469,-3.16666300239,0.310480027124,5.97671163849,9.13988424293,1
4,16.4662894025,-16.4555338954,-6.96890714545,-3.16784545563,0.303232158119,5.97671163849,9.13988424293,1
4,16.5348989417,-16.3869243562,-6.15656217339,-3.16932640695,0.296643757425,5.97671163849,9.13988424293,1
4,16.6035084809,-16.318314817,-5.15908420263,-3.17084569369,0.289323137489,5.97671163849,9.13988424293,1
4,16.67211802,-16.2497052779,-4.00411885359,-3.17212132456,0.279911355515,5.97671163849,9.13988424293,1
4,16.7407275592,-16.1810957387,-2.73149321293,-3.17285848554,0.26742899526,5.97671163849,9.13988424293,1
4,16.8093370984,-16.1124861995,-1.39125644578,-3.17282040358,0.251496548685,5.97671163849,9.13988424293,1
4,16.8779466376,-16.0438766603,-0.0478481701721,-3.17188714456,0.23238696215,5.97671163849,9.13988424293,1
4,16.9465561767,-15.9752671212,1.22877082848,-3.17016448221,0.210922535505,5.97671163849,9.13988424293,1
4,17.0151657159,-15.906657582,2.36326420346,-3.16799561054,0.188275829772,5.97671163849,9.13988424293,1
4,17.0837752551,-15.8380480428,3.29510244624,-3.1658172843,0.16573825487,5.97671163849,9.13988424293,1
4,17.1523847943,-15.7694385036,3.98712463978,-3.16369077637,0.144506172146,5.97671163849,9.13988424293,1
4,17.2209943335,-15.7008289644,4.45551827518,-3.16158045544,0.125511802764,5.97671163849,9.13988424293,1
4,17.2896038726,-15.6322194253,4.76890331623,-3.15953740596,0.109310515232,5.97671163849,9.13988424293,1
4,17.3582134118,-15.5636098861,5.02753954446,-3.15759155592,0.0960416610856,5.97671163849,9.13988424293,1
4,17.426822951,-15.4950003469,5.22433975336,-3.15577047827,0.0855924766529,5.97671163849,9.13988424293,1
4,17.4954324902,-15.4263908077,5.34642817917,-3.15408124608,0.0778149458033,5.97671163849,9.13988424293,1
4,17.5640420293,-15.3577812686,5.40218531338,-3.15252320976,0.072582041311,5.97671163849,9.13988424293,1
4,17.6326515685,-15.2891717294,5.39657876336,-3.15107792047,0.0698161279056,5.97671163849,9.13988424293,1
4,17.7012611077,-15.2205621902,5.32983342943,-3.14971696963,0.0695125762101,5.97671163849,9.13988424293,1
4,17.7698706469,-15.151952651,5.20613076997,-3.14839768908,0.0717568273409,5.97671163849,9.13988424293,1
4,17.838480186,-15.0833431119,5.0231489944,-3.14707117441,0.0767248261528,5.97671163849,9.13988424293,1
4,17.9070897252,-15.0147335727,4.78777311942,-3.14568469478,0.0846510158401,5.97671163849,9.13988424293,1
4,17.9756992644,-14.9461240335,4.46484518104,-3.14419066785,0.0957594076003,5.97671163849,9.13988424293,1
4,18.0443088036,-14.8775144943,4.03506879201,-3.14255054785,0.110778921386,5.97671163849,9.13988424293,1
4,18.1129183428,-14.8089049551,3.58865345535,-3.14073634112,0.132680129093,5.97671163849,9.13988424293,1
4,18.1815278819,-14.740295416,3.14056979127,-3.13873367208,0.166534545447,5.97671163849,9.13988424293,1
4,18.2501374211,-14.6716858768,2.70759268466,-3.1365260699,0.218134384228,5.97671163849,9.13988424293,1
4,18.3187469603,-14.6030763376,2.28615499741,-3.13414375141,0.292370680622,5.97671163849,9.13988424293,1
4,18.3873564995,-14.5344667984,1.85646405064,-3.13165652949,0.391712904544,5.97671163849,9.13988424293,1
4,18.4559660386,-14.4658572593,1.43666205492,-3.12910053535,0.515072055703,5.97671163849,9.13988424293,1
4,18.5245755778,-14.3972477201,0.984404208889,-3.12650558838,0.657211941573,5.97671163849,9.13988424293,1
4,18.593185117,-14.3286381809,0.38951489107,-3.12382926105,0.808781040973,5.97671163849,9.13988424293,1
4,18.6617946562,-14.2600286417,-0.397949679044,-3.12108993335,0.957239799962,5.97671163849,9.13988424293,1
4,18.7304041953,-14.1914191025,-1.37944235428,-3.11824570439,1.08857851742,5.97671163849,9.13988424293,1
4,18.7990137345,-14.1228095634,-2.50749514603,-3.11518193575,1.18944516458,5.97671163849,9.13988424293,1
4,18.8676232737,-14.0542000242,-3.71838002457,-3.1118435414,1.24932249287,5.97671163849,9.13988424293,1
4,18.9362328129,-13.985590485,-4.93654147833,-3.10823681692,1.2623222614,5.97671163849,9.13988424293,1
4,19.0048423521,-13.9169809458,-6.09435779251,-3.1044235228,1.22822509607,5.97671163849,9.13988424293,1
4,19.0734518912,-13.8483714067,-7.1288810237,-3.10048839204,1.15253896644,5.97671163849,9.13988424293,1
4,19.1420614304,-13.7797618675,-7.99147825034,-3.09652639675,1.04554611041,5.97671163849,9.13988424293,1
4,19.2106709696,-13.7111523283,-8.64034183739,-3.09262431242,0.920521914053,5.97671163849,9.13988424293,1
4,19.2792805088,-13.6425427891,-9.04585127526,-3.08885841872,0.791485761238,5.97671163849,9.13988424293,1
4,19.3478900479,-13.57393325,-9.1835952423,-3.08528793213,0.670932231357,5.97671163849,9.13988424293,1
4,19.4164995871,-13.5053237108,-9.04074143472,-3.08195889488,0.567973722912,5.97671163849,9.13988424293,1
4,19.4851091263,-13.4367141716,-8.60873779387,-3.07890280465,0.487252267872,5.97671163849,9.13988424293,1
4,19.5537186655,-13.3681046324,-7.88832800553,-3.0761406508,0.428773690739,5.97671163849,9.13988424293,1
4,19.6223282047,-13.2994950932,-6.88511505196,-3.07368056729,0.388662523869,5.97671163849,9.13988424293,1
4,19.6909377438,-13.2308855541,-5.63489716246,-3.07152090104,0.36065762102,5.97671163849,9.13988424293,1
4,19.759547283,-13.1622760149,-4.19002472817,-3.06964921988,0.338024597425,5.97671163849,9.13988424293,1
4,19.8281568222,-13.0936664757,-2.62783483334,-3.06804209635,0.315470811402,5.97671163849,9.13988424293,1
4,19.8967663614,-13.0250569365,-1.0918811634,-3.06666045325,0.290601878402,5.97671163849,9.13988424293,1
4,19.9653759005,-12.9564473974,0.392936559877,-3.06546566233,0.263602859484,5.97671163849,9.13988424293,1
4,20.0339854397,-12.8878378582,1.77264522657,-3.06442039069,0.235370522588,5.97671163849,9.13988424293,1
4,20.1025949789,-12.819228319,2.97419007761,-3.06348206311,0.207016756323,5.97671163849,9.13988424293,1
4,20.1712045181,-12.7506187798,3.94108285109,-3.06259292185,0.179704038932,5.97671163849,9.13988424293,1
4,20.2398140572,-12.6820092407,4.65157825891,-3.06167223354,0.154474133019,5.97671163849,9.13988424293,1
4,20.3084235964,-12.6133997015,5.13503179333,-3.0606331685,0.132099039169,5.97671163849,9.13988424293,1
4,20.3770331356,-12.5447901623,5.47974836057,-3.05940501779,0.112976327668,5.97671163849,9.13988424293,1
4,20.4456426748,-12.4761806231,5.77163073941,-3.05795131209,0.0971113430208,5.97671163849,9.13988424293,1
4,20.514252214,-12.4075710839,5.99175646634,-3.0562935147,0.0843238111097,5.97671163849,9.13988424293,1
4,20.5828617531,-12.3389615448,6.13828205744,-3.0545148942,0.0744216634846,5.97671163849,9.13988424293,1
4,20.6514712923,-12.2703520056,6.22204420406,-3.05269814151,0.0672376898855,5.97671163849,9.13988424293,1
4,20.7200808315,-12.2017424664,6.24770033819,-3.05081100565,0.0626467591174,5.97671163849,9.13988424293,1
4,20.7886903707,-12.1331329272,6.22047002964,-3.04883655545,0.060575316389,5.97671163849,9.13988424293,1
4,20.8572999098,-12.0645233881,6.14071624539,-3.04677225518,0.0610058040716,5.97671163849,9.13988424293,1
4,20.925909449,-11.9959138489,6.00975619077,-3.04461571967,0.0639770530536,5.97671163849,9.13988424293,1
4,20.9945189882,-11.9273043097,5.82285620706,-3.04236525535,0.0695808700794,5.97671163849,9.13988424293,1
4,21.0631285274,-11.8586947705,5.57833556164,-3.04002017636,0.0779544955034,5.97671163849,9.13988424293,1
4,21.1317380665,-11.7900852314,5.2643017082,-3.03758007101,0.0892673584836,5.97671163849,9.13988424293,1
4,21.2003476057,-11.7214756922,4.90290317509,-3.03504633032,0.10369833441,5.97671163849,9.13988424293,1
4,21.2689571449,-11.652866153,4.48204303841,-3.03242040008,0.12136277538,5.97671163849,9.13988424293,1
4,21.3375666841,-11.5842566138,3.89690395074,-3.02970667846,0.142056717097,5.97671163849,9.13988424293,1
4,21.4061762233,-11.5156470746,3.08692562848,-3.02690834274,0.165127575418,5.97671163849,9.13988424293,1
4,21.4747857624,-11.4470375355,2.04359024702,-3.02403868841,0.189541655168,5.97671163849,9.13988424293,1
4,21.5433953016,-11.3784279963,0.807982699327,-3.02110097026,0.214018492967,5.97671163849,9.13988424293,1
4,21.6120048408,-11.3098184571,-0.55786523462,-3.01810017911,0.237214729954,5.97671163849,9.13988424293,1
4,21.68061438,-11.2412089179,-1.98030093444,-3.01504931028,0.257943170933,5.97671163849,9.13988424293,1
4,21.7492239191,-11.1725993788,-3.39196302388,-3.01196645831,0.275402047236,5.97671163849,9.13988424293,1
4,21.8178334583,-11.1039898396,-4.73178244441,-3.00887387824,0.289369313316,5.97671163849,9.13988424293,1
4,21.8864429975,-11.0353803004,-5.95448665329,-3.00579426306,0.300304974833,5.97671163849,9.13988424293,1
4,21.9550525367,-10.9667707612,-7.01290304355,-3.00274842751,0.309302678676,5.97671163849,9.13988424293,1
4,22.0236620759,-10.898161222,-7.85103747152,-2.99975319209,0.317872669923,5.97671163849,9.13988424293,1
4,22.092271615,-10.8295516829,-8.48169609163,-2.99682044526,0.327581718436,5.97671163849,9.13988424293,1
4,22.1608811542,-10.7609421437,-8.93971576977,-2.99395792379,0.33963230215,5.97671163849,9.13988424293,1
4,22.2294906934,-10.6923326045,-9.29248588639,-2.99117060261,0.354534224885,5.97671163849,9.13988424293,1
4,22.2981002326,-10.6237230653,-9.58579129163,-2.98844972694,0.372530697717,5.97671163849,9.13988424293,1
4,22.3667097717,-10.5551135262,-9.82095917701,-2.98577511843,0.394288572237,5.97671163849,9.13988424293,1
4,22.4353193109,-10.486503987,-10.0188526841,-2.98312998439,0.420815720997,5.97671163849,9.13988424293,1
4,22.5039288501,-10.4178944478,-10.1883328996,-2.98050578546,0.4532458925,5.97671163849,9.13988424293,1
4,22.5725383893,-10.3492849086,-10.3420309146,-2.97790766203,0.492608071911,5.97671163849,9.13988424293,1
4,22.6411479284,-10.2806753695,-10.4867215372,-2.97533951753,0.539569418053,5.97671163849,9.13988424293,1
4,22.7097574676,-10.2120658303,-10.637699475,-2.97279973187,0.594147011971,5.97671163849,9.13988424293,1
4,22.7783670068,-10.1434562911,-10.811409615,-2.97028550671,0.655402057126,5.97671163849,9.13988424293,1
4,22.846976546,-10.0748467519,-11.0331006377,-2.96779406011,0.72117958742,5.97671163849,9.13988424293,1
4,22.9155860852,-10.0062372127,-11.3181964572,-2.96532124297,0.787978631314,5.97671163849,9.13988424293,1
4,22.9841956243,-9.93762767357,-11.6656238817,-2.96286330562,0.851054644356,5.97671163849,9.13988424293,1
4,23.0528051635,-9.86901813439,-12.0287908143,-2.96041528693,0.904800048171,5.97671163849,9.13988424293,1
4,23.1214147027,-9.80040859521,-12.3147951777,-2.95797396443,0.943400014382,5.97671163849,9.13988424293,1
4,23.1900242419,-9.73179905604,-12.4081821256,-2.95553614991,0.961669841311,5.97671163849,9.13988424293,1
4,23.258633781,-9.66318951686,-12.3054346249,-2.95310337827,0.956012070879,5.97671163849,9.13988424293,1
4,23.3272433202,-9.59457997768,-12.0150386583,-2.95067911777,0.92518529709,5.97671163849,9.13988424293,1
4,23.3958528594,-9.52597043851,-11.5269533377,-2.94827454735,0.870573263861,5.97671163849,9.13988424293,1
4,23.4644623986,-9.45736089933,-10.8432630532,-2.94589747688,0.795993912097,5.97671163849,9.13988424293,1
4,23.5330719377,-9.38875136015,-9.97122421507,-2.94354644243,0.707109759705,5.97671163849,9.13988424293,1
4,23.6016814769,-9.32014182097,-8.92719809737,-2.94122707678,0.610580905058,5.97671163849,9.13988424293,1
4,23.6702910161,-9.2515322818,-7.73582979658,-2.93894382925,0.513146297953,5.97671163849,9.13988424293,1
4,23.7389005553,-9.18292274262,-6.43072061163,-2.93670152742,0.420811027037,5.97671163849,9.13988424293,1
4,23.8075100945,-9.11431320344,-5.05460914996,-2.93450624038,0.338258106466,5.97671163849,9.13988424293,1
4,23.8761196336,-9.04570366427,-3.65652220203,-2.93235944572,0.268523824137,5.97671163849,9.13988424293,1
4,23.9447291728,-8.97709412509,-2.28978367494,-2.93026496111,0.212925005439,5.97671163849,9.13988424293,1
4,24.013338712,-8.90848458591,-1.00448494205,-2.92823710353,0.171195823944,5.97671163849,9.13988424293,1
4,24.0819482512,-8.83987504674,0.155625794951,-2.92632199323,0.141796071086,5.97671163849,9.13988424293,1
4,24.1505577903,-8.77126550756,1.15866621855,-2.92445318907,0.122363785155,5.97671163849,9.13988424293,1
4,24.2191673295,-8.70265596838,1.98326099379,-2.92256273708,0.110272841464,5.97671163849,9.13988424293,1
4,24.2877768687,-8.6340464292,2.61814273204,-2.92062947258,0.103230304299,5.97671163849,9.13988424293,1
4,24.3563864079,-8.56543689003,3.05078055728,-2.91863251823,0.0998109364981,5.97671163849,9.13988424293,1
4,24.424995947,-8.49682735085,3.33750210959,-2.91658165387,0.0995448374399,5.97671163849,9.13988424293,1
4,24.4936054862,-8.42821781167,3.52802184023,-2.91448090467,0.102197272877,5.97671163849,9.13988424293,1
4,24.5622150254,-8.3596082725,3.66070834652,-2.91234262218,0.107563358427,5.97671163849,9.13988424293,1
4,24.6308245646,-8.29099873332,3.7353432879,-2.91017490502,0.115526270572,5.97671163849,9.13988424293,1
4,24.6994341038,-8.22238919414,3.72007893111,-2.9079938145,0.126069651101,5.97671163849,9.13988424293,1
4,24.7680436429,-8.15377965496,3.64235852274,-2.90580297882,0.139243535015,5.97671163849,9.13988424293,1
4,24.8366531821,-8.08517011579,3.4261394178,-2.9036042872,0.155009859447,5.97671163849,9.13988424293,1
4,24.9052627213,-8.01656057661,2.98557858265,-2.90138987836,0.173024775672,5.97671163849,9.13988424293,1
4,24.9738722605,-7.94795103743,2.29310855458,-2.89915389644,0.19259282318,5.97671163849,9.13988424293,1
4,25.0424817996,-7.87934149826,1.37353340067,-2.89688478775,0.212713052207,5.97671163849,9.13988424293,1
4,25.1110913388,-7.81073195908,0.28547278021,-2.89457567982,0.232200136168,5.97671163849,9.13988424293,1
4,25.179700878,-7.7421224199,-0.896927527449,-2.89221570608,0.249877021134,5.97671163849,9.13988424293,1
4,25.2483104172,-7.67351288072,-2.09899815494,-2.88979970061,0.26481158533,5.97671163849,9.13988424293,1
4,25.3169199564,-7.60490334155,-3.25266579546,-2.88731860224,0.276539240905,5.97671163849,9.13988424293,1
4,25.3855294955,-7.53629380237,-4.30204706341,-2.88476942188,0.285195584957,5.97671163849,9.13988424293,1
4,25.4541390347,-7.46768426319,-5.20283002447,-2.88214445506,0.291493587679,5.97671163849,9.13988424293,1
4,25.5227485739,-7.39907472402,-5.92307593931,-2.87944151257,0.296524640735,5.97671163849,9.13988424293,1
4,25.5913581131,-7.33046518484,-6.4400686246,-2.87665013887,0.301427229665,5.97671163849,9.13988424293,1
4,25.6599676522,-7.26185564566,-6.74167528847,-2.8737658333,0.307024311165,5.97671163849,9.13988424293,1
4,25.7285771914,-7.19324610648,-6.82496327833,-2.87078764511,0.313549680541,5.97671163849,9.13988424293,1
4,25.7971867306,-7.12463656731,-6.69659841777,-2.86774774794,0.320560369992,5.97671163849,9.13988424293,1
4,25.8657962698,-7.05602702813,-6.37319347394,-2.86467557453,0.327069511175,5.97671163849,9.13988424293,1
4,25.9344058089,-6.98741748895,-5.86698149259,-2.86166910361,0.331858447916,5.97671163849,9.13988424293,1
4,26.0030153481,-6.91880794978,-5.1805064782,-2.85875597001,0.333865105724,5.97671163849,9.13988424293,1
4,26.0716248873,-6.8501984106,-4.38950791121,-2.85589870639,0.332519488281,5.97671163849,9.13988424293,1
4,26.1402344265,-6.78158887142,-3.58487820367,-2.85310452813,0.327917210755,5.97671163849,9.13988424293,1
4,26.2088439657,-6.71297933224,-2.89735455771,-2.85037763592,0.320832667441,5.97671163849,9.13988424293,1
4,26.2774535048,-6.64436979307,-2.42432990191,-2.84772342609,0.313172744411,5.97671163849,9.13988424293,1
4,26.346063044,-6.57576025389,-2.22504780154,-2.84513584454,0.3082536149,5.97671163849,9.13988424293,1
4,26.4146725832,-6.50715071471,-2.35841701498,-2.84260549627,0.310137490953,5.97671163849,9.13988424293,1
4,26.4832821224,-6.43854117554,-2.84864610197,-2.84011906576,0.322798423024,5.97671163849,9.13988424293,1
4,26.5518916615,-6.36993163636,-3.66765483626,-2.83767098004,0.349353013173,5.97671163849,9.13988424293,1
4,26.6205012007,-6.30132209718,-4.7238559096,-2.83525836545,0.391456990622,5.97671163849,9.13988424293,1
4,26.6891107399,-6.23271255801,-5.86244241176,-2.83288197057,0.44891109973,5.97671163849,9.13988424293,1
4,26.7577202791,-6.16410301883,-6.98149893374,-2.83053826501,0.519545487155,5.97671163849,9.13988424293,1
4,26.8263298182,-6.09549347965,-8.0610976122,-2.82822717789,0.599440678916,5.97671163849,9.13988424293,1
4,26.8949393574,-6.02688394047,-9.04755075049,-2.82594677792,0.683212147943,5.97671163849,9.13988424293,1
4,26.9635488966,-5.9582744013,-9.90203873498,-2.82369745255,0.764448523775,5.97671163849,9.13988424293,1
4,27.0321584358,-5.88966486212,-10.5903666867,-2.82147845649,0.836360179679,5.97671163849,9.13988424293,1
4,27.100767975,-5.82105532294,-11.0921056835,-2.81929068473,0.892598627802,5.97671163849,9.13988424293,1
4,27.1693775141,-5.75244578377,-11.3923591457,-2.81713469691,0.928118362266,5.97671163849,9.13988424293,1
4,27.2379870533,-5.68383624459,-11.4868638222,-2.8150085206,0.939917748502,5.97671163849,9.13988424293,1
4,27.3065965925,-5.61522670541,-11.378282761,-2.81291105803,0.927495417426,5.97671163849,9.13988424293,1
4,27.3752061317,-5.54661716623,-11.0769221675,-2.81085478727,0.892914465492,5.97671163849,9.13988424293,1
4,27.4438156708,-5.47800762706,-10.604926227,-2.80885761696,0.840459104357,5.97671163849,9.13988424293,1
4,27.51242521,-5.40939808788,-9.96514136496,-2.80692766415,0.775963621674,5.97671163849,9.13988424293,1
4,27.5810347492,-5.3407885487,-9.18402340116,-2.80505975179,0.705940657652,5.97671163849,9.13988424293,1
4,27.6496442884,-5.27217900953,-8.39920769282,-2.80324129465,0.636564056315,5.97671163849,9.13988424293,1
4,27.7182538276,-5.20356947035,-7.7159248855,-2.80145478026,0.572848760398,5.97671163849,9.13988424293,1
4,27.7868633667,-5.13495993117,-7.19631769422,-2.79968300329,0.518195741697,5.97671163849,9.13988424293,1
4,27.8554729059,-5.06635039199,-6.85304388844,-2.7979093459,0.474211822389,5.97671163849,9.13988424293,1
4,27.9240824451,-4.99774085282,-6.68025943744,-2.79612090833,0.440777575342,5.97671163849,9.13988424293,1
4,27.9926919843,-4.92913131364,-6.65119455536,-2.79430527565,0.416336193035,5.97671163849,9.13988424293,1
4,28.0613015234,-4.86052177446,-6.73799199917,-2.79245046432,0.398376582444,5.97671163849,9.13988424293,1
4,28.1299110626,-4.79191223529,-6.90287110852,-2.79055077942,0.384068511701,5.97671163849,9.13988424293,1
4,28.1985206018,-4.72330269611,-7.11142535229,-2.78861073388,0.37096185036,5.97671163849,9.13988424293,1
4,28.267130141,-4.65469315693,-7.32591156754,-2.7866423173,0.357611004615,5.97671163849,9.13988424293,1
4,28.3357396801,-4.58608361775,-7.51923792622,-2.78465727348,0.343968582349,5.97671163849,9.13988424293,1
4,28.4043492193,-4.51747407858,-7.59725485705,-2.78266167905,0.331090252731,5.97671163849,9.13988424293,1
4,28.4729587585,-4.4488645394,-7.49128236742,-2.78065744027,0.319950023692,5.97671163849,9.13988424293,1
4,28.5415682977,-4.38025500022,-7.14435570191,-2.7786475692,0.310911475841,5.97671163849,9.13988424293,1
4,28.6101778369,-4.31164546105,-6.55544894222,-2.77663412954,0.303615243213,5.97671163849,9.13988424293,1
4,28.678787376,-4.24303592187,-5.76141234793,-2.77461900108,0.297063962564,5.97671163849,9.13988424293,1
4,28.7473969152,-4.17442638269,-4.78050560395,-2.77260440034,0.289890153602,5.97671163849,9.13988424293,1
4,28.8160064544,-4.10581684351,-3.63935607209,-2.7705938594,0.280725412657,5.97671163849,9.13988424293,1
4,28.8846159936,-4.03720730434,-2.37718735476,-2.76859202497,0.268553677722,5.97671163849,9.13988424293,1
4,28.9532255327,-3.96859776516,-1.04280894315,-2.76660368564,0.252944926764,5.97671163849,9.13988424293,1
4,29.0218350719,-3.89998822598,0.299783437544,-2.76463033461,0.234122563897,5.97671163849,9.13988424293,1
4,29.0904446111,-3.83137868681,1.58148187296,-2.76266653642,0.21287139551,5.97671163849,9.13988424293,1
4,29.1590541503,-3.76276914763,2.72616412371,-2.76069558343,0.190344118367,5.97671163849,9.13988424293,1
4,29.2276636894,-3.69415960845,3.6724237224,-2.75869362049,0.167830124612,5.97671163849,9.13988424293,1
4,29.2962732286,-3.62555006928,4.37938409272,-2.75664694663,0.146538876426,5.97671163849,9.13988424293,1
4,29.3648827678,-3.5569405301,4.85972187673,-2.75455490685,0.127426865459,5.97671163849,9.13988424293,1
4,29.433492307,-3.48833099092,5.17634626353,-2.75241849764,0.111080871085,5.97671163849,9.13988424293,1
4,29.5021018462,-3.41972145174,5.43310357423,-2.75023664892,0.0976710938325,5.97671163849,9.13988424293,1
4,29.5707113853,-3.35111191257,5.63022786653,-2.74801098496,0.087096203562,5.97671163849,9.13988424293,1
4,29.6393209245,-3.28250237339,5.75143274084,-2.74574438714,0.0792118497899,5.97671163849,9.13988424293,1
4,29.7079304637,-3.21389283421,5.80501018042,-2.74344210642,0.0738949003764,5.97671163849,9.13988424293,1
4,29.7765400029,-3.14528329504,5.79632596675,-2.74111112805,0.0710731455576,5.97671163849,9.13988424293,1
4,29.845149542,-3.07667375586,5.72500397153,-2.73876072545,0.0707489709204,5.97671163849,9.13988424293,1
4,29.9137590812,-3.00806421668,5.59672395613,-2.73640172951,0.0730147318409,5.97671163849,9.13988424293,1
4,29.9823686204,-2.9394546775,5.40804363062,-2.73404626583,0.0780492920119,5.97671163849,9.13988424293,1
4,30.0509781596,-2.87084513833,5.1670580796,-2.73170636805,0.0860801908866,5.97671163849,9.13988424293,1
4,30.1195876987,-2.80223559915,4.82766245621,-2.72939294296,0.0973248177412,5.97671163849,9.13988424293,1
4,30.1881972379,-2.73362605997,4.39379693989,-2.72711463941,0.112759240198,5.97671163849,9.13988424293,1
4,30.2568067771,-2.6650165208,3.95264377733,-2.72487733954,0.135751886456,5.97671163849,9.13988424293,1
4,30.3254163163,-2.59640698162,3.51120466608,-2.7226846106,0.171589646964,5.97671163849,9.13988424293,1
4,30.3940258555,-2.52779744244,3.08938758056,-2.72053854761,0.226032269383,5.97671163849,9.13988424293,1
4,30.4626353946,-2.45918790326,2.67718827473,-2.71843296748,0.30368426524,5.97671163849,9.13988424293,1
4,30.5312449338,-2.39057836409,2.25665821361,-2.71635602738,0.406518425883,5.97671163849,9.13988424293,1
4,30.599854473,-2.32196882491,1.84326861682,-2.71429528382,0.532822718534,5.97671163849,9.13988424293,1
4,30.6684640122,-2.25335928573,1.40221768588,-2.71224678194,0.676725748049,5.97671163849,9.13988424293,1
4,30.7370735513,-2.18474974656,0.820832213721,-2.71021136778,0.828355514428,5.97671163849,9.13988424293,1
4,30.8056830905,-2.11614020738,0.0483951103032,-2.70819165896,0.974873844278,5.97671163849,9.13988424293,1
4,30.8742926297,-2.0475306682,-0.920403241969,-2.70619182164,1.10227718111,5.97671163849,9.13988424293,1
4,30.9429021689,-1.97892112902,-2.03771302921,-2.7042201049,1.1975494777,5.97671163849,9.13988424293,1
4,31.0115117081,-1.91031158985,-3.24190258072,-2.70228512235,1.25079873283,5.97671163849,9.13988424293,1
4,31.0801212472,-1.84170205067,-4.45570645686,-2.70038642423,1.25694493663,5.97671163849,9.13988424293,1
4,31.1487307864,-1.77309251149,-5.61271434412,-2.69851870017,1.21661251546,5.97671163849,9.13988424293,1
4,31.2173403256,-1.70448297232,-6.64780013987,-2.69667216063,1.13603542352,5.97671163849,9.13988424293,1
4,31.2859498648,-1.63587343314,-7.51347844721,-2.69483664103,1.0259805701,5.97671163849,9.13988424293,1
4,31.3545594039,-1.56726389396,-8.16574075193,-2.69300163483,0.89989923384,5.97671163849,9.13988424293,1
4,31.4231689431,-1.49865435478,-8.5764003952,-2.69115858476,0.771678867799,5.97671163849,9.13988424293,1
4,31.4917784823,-1.43004481561,-8.71868911126,-2.68929999935,0.653424698262,5.97671163849,9.13988424293,1
4,31.5603880215,-1.36143527643,-8.58130780803,-2.68742062416,0.553701555547,5.97671163849,9.13988424293,1
4,31.6289975606,-1.29282573725,-8.15260793996,-2.68551624708,0.47654744292,5.97671163849,9.13988424293,1
4,31.6976070998,-1.22421619808,-7.43501177263,-2.68358453839,0.421416916507,5.97671163849,9.13988424293,1
4,31.766216639,-1.1556066589,-6.4317718428,-2.68162419568,0.384025705743,5.97671163849,9.13988424293,1
4,31.8348261782,-1.08699711972,-5.18603899942,-2.67963555967,0.35791316188,5.97671163849,9.13988424293,1
4,31.9034357174,-1.01838758055,-3.74359619368,-2.67762032469,0.336385595647,5.97671163849,9.13988424293,1
4,31.9720452565,-0.949778041368,-2.19765525035,-2.67557992175,0.314416335291,5.97671163849,9.13988424293,1
4,32.0406547957,-0.881168502191,-0.677299617451,-2.67351469617,0.289987578653,5.97671163849,9.13988424293,1
4,32.1092643349,-0.812558963014,0.803915555384,-2.67143084535,0.263377788268,5.97671163849,9.13988424293,1
4,32.1778738741,-0.743949423837,2.18137324114,-2.669341694,0.235448792645,5.97671163849,9.13988424293,1
4,32.2464834132,-0.67533988466,3.38495961374,-2.66726764742,0.207300950582,5.97671163849,9.13988424293,1
4,32.3150929524,-0.606730345483,4.35519360821,-2.66522634448,0.180102708318,5.97671163849,9.13988424293,1
4,32.3837024916,-0.538120806305,5.07039822052,-2.66323128354,0.154912146293,5.97671163849,9.13988424293,1
4,32.4523120308,-0.469511267128,5.55612471935,-2.66128922851,0.132522611059,5.97671163849,9.13988424293,1
4,32.5209215699,-0.400901727951,5.89918792537,-2.65940580755,0.113354570581,5.97671163849,9.13988424293,1
4,32.5895311091,-0.332292188774,6.18796680892,-2.65757831494,0.0974315768821,5.97671163849,9.13988424293,1
4,32.6581406483,-0.263682649597,6.40697578846,-2.6557967832,0.0845792246024,5.97671163849,9.13988424293,1
4,32.7267501875,-0.19507311042,6.55144702534,-2.65404030384,0.0746077171157,5.97671163849,9.13988424293,1
4,32.7953597267,-0.126463571243,6.63354355593,-2.65229057106,0.0673510617393,5.97671163849,9.13988424293,1
4,32.8639692658,-0.0578540320657,6.6569922989,-2.65053297389,0.0626847651252,5.97671163849,9.13988424293,1
4,32.932578805,0.0107555071114,6.62789794161,-2.64876003218,0.0605355007737,5.97671163849,9.13988424293,1
4,33.0011883442,0.0793650462885,6.5459915258,-2.64696279852,0.0608856189443,5.97671163849,9.13988424293,1
4,33.0697978834,0.147974585466,6.4132619739,-2.64513422718,0.0637736780742,5.97671163849,9.13988424293,1
4,33.1384074225,0.216584124643,6.22451961691,-2.64326861024,0.0692912387216,5.97671163849,9.13988424293,1
4,33.2070169617,0.28519366382,5.97862658773,-2.64136260794,0.0775755535433,5.97671163849,9.13988424293,1
4,33.2756265009,0.353803202997,5.66326553876,-2.63941366385,0.0887965582721,5.97671163849,9.13988424293,1
4,33.3442360401,0.422412742174,5.3000085808,-2.6374217174,0.103134412511,5.97671163849,9.13988424293,1
4,33.4128455792,0.491022281351,4.87908006422,-2.63538700497,0.120709451024,5.97671163849,9.13988424293,1
4,33.4814551184,0.559631820528,4.29654722763,-2.63331292468,0.141328895953,5.97671163849,9.13988424293,1
4,33.5500646576,0.628241359705,3.48993626531,-2.6312003227,0.164350762881,5.97671163849,9.13988424293,1
4,33.6186741968,0.696850898882,2.44989164973,-2.62905533498,0.188749145103,5.97671163849,9.13988424293,1
4,33.687283736,0.76546043806,1.21625522062,-2.62688905522,0.213247373687,5.97671163849,9.13988424293,1
4,33.7558932751,0.834069977237,-0.148959829209,-2.62471897071,0.23650090334,5.97671163849,9.13988424293,1
4,33.8245028143,0.902679516414,-1.57250050131,-2.62255950471,0.257315610328,5.97671163849,9.13988424293,1
4,33.8931123535,0.971289055591,-2.98651004911,-2.6204192863,0.274876922244,5.97671163849,9.13988424293,1
4,33.9617218927,1.03989859477,-4.33002275404,-2.61830262394,0.28894537215,5.97671163849,9.13988424293,1
4,34.0303314318,1.10850813395,-5.55708602543,-2.61621123164,0.299961901914,5.97671163849,9.13988424293,1
4,34.098940971,1.17711767312,-6.62139719403,-2.61414452814,0.309003875418,5.97671163849,9.13988424293,1
4,34.1675505102,1.2457272123,-7.46593545715,-2.61210092763,0.317572766096,5.97671163849,9.13988424293,1
4,34.2361600494,1.31433675148,-8.10210703271,-2.61007685247,0.327237515623,5.97671163849,9.13988424293,1
4,34.3047695886,1.38294629065,-8.56446345972,-2.60806898264,0.339214418816,5.97671163849,9.13988424293,1
4,34.3733791277,1.45155582983,-8.91956606623,-2.60607271207,0.354031689106,5.97671163849,9.13988424293,1
4,34.4419886669,1.52016536901,-9.21492451085,-2.60407796492,0.37192968332,5.97671163849,9.13988424293,1
4,34.5105982061,1.58877490818,-9.45174667884,-2.60207057139,0.393567636019,5.97671163849,9.13988424293,1
4,34.5792077453,1.65738444736,-9.65081371513,-2.60003783045,0.419950928535,5.97671163849,9.13988424293,1
4,34.6478172844,1.72599398654,-9.82113223785,-2.59797507666,0.452215577928,5.97671163849,9.13988424293,1
4,34.7164268236,1.79460352572,-9.97536624331,-2.59588435965,0.491397731179,5.97671163849,9.13988424293,1
4,34.7850363628,1.86321306489,-10.1202625446,-2.59377049719,0.538177142339,5.97671163849,9.13988424293,1
4,34.853645902,1.93182260407,-10.2710369932,-2.59163655111,0.59258985467,5.97671163849,9.13988424293,1
4,34.9222554411,2.00043214325,-10.4439569084,-2.58948653655,0.653722512724,5.97671163849,9.13988424293,1
4,34.9908649803,2.06904168242,-10.6643361867,-2.58732637223,0.719450310147,5.97671163849,9.13988424293,1
4,35.0594745195,2.1376512216,-10.9478059701,-2.5851631964,0.786303064399,5.97671163849,9.13988424293,1
4,35.1280840587,2.20626076078,-11.2941795211,-2.5830059619,0.849561474365,5.97671163849,9.13988424293,1
4,35.1966935979,2.27487029996,-11.6578547901,-2.58086392821,0.903630828013,5.97671163849,9.13988424293,1
4,35.265303137,2.34347983913,-11.9473890197,-2.5787464135,0.942691147337,5.97671163849,9.13988424293,1
4,35.3339126762,2.41208937831,-12.0460210627,-2.57665981207,0.961531185599,5.97671163849,9.13988424293,1
4,35.4025222154,2.48069891749,-11.9478186543,-2.57460642342,0.95650377971,5.97671163849,9.13988424293,1
4,35.4711317546,2.54930845666,-11.6623670406,-2.57258101293,0.926304549938,5.97671163849,9.13988424293,1
4,35.5397412937,2.61791799584,-11.1792628899,-2.57057398746,0.872252740816,5.97671163849,9.13988424293,1
4,35.6083508329,2.68652753502,-10.5005745821,-2.56857986094,0.798111150242,5.97671163849,9.13988424293,1
4,35.6769603721,2.7551370742,-9.63324667295,-2.56659718348,0.709505147175,5.97671163849,9.13988424293,1
4,35.7455699113,2.82374661337,-8.59353513821,-2.56462817047,0.613080176648,5.97671163849,9.13988424293,1
4,35.8141794504,2.89235615255,-7.40577902161,-2.56267171984,0.515582991697,5.97671163849,9.13988424293,1
4,35.8827889896,2.96096569173,-6.10341615773,-2.56072815148,0.423044766618,5.97671163849,9.13988424293,1
4,35.9513985288,3.0295752309,-4.72891549417,-2.55879703706,0.340186914645,5.97671163849,9.13988424293,1
4,36.020008068,3.09818477008,-3.33119576776,-2.55687865857,0.270089582851,5.97671163849,9.13988424293,1
4,36.0886176072,3.16679430926,-1.9635033249,-2.55497211702,0.214113029666,5.97671163849,9.13988424293,1
4,36.1572271463,3.23540384844,-0.676058459061,-2.55308279536,0.172029199297,5.97671163849,9.13988424293,1
4,36.2258366855,3.30401338761,0.487182900779,-2.55121324501,0.142325664451,5.97671163849,9.13988424293,1
4,36.2944462247,3.37262292679,1.49410152261,-2.54935398054,0.122654833491,5.97671163849,9.13988424293,1
4,36.3630557639,3.44123246597,2.3229629836,-2.54749236383,0.110389635064,5.97671163849,9.13988424293,1
4,36.431665303,3.50984200514,2.96265375017,-2.54562340277,0.103221225949,5.97671163849,9.13988424293,1
4,36.5002748422,3.57845154432,3.39988062197,-2.54374507469,0.0996974029636,5.97671163849,9.13988424293,1
4,36.5688843814,3.6470610835,3.68943132792,-2.54185811922,0.0993321213032,5.97671163849,9.13988424293,1
4,36.6374939206,3.71567062268,3.88226520113,-2.5399632639,0.101890020647,5.97671163849,9.13988424293,1
4,36.7061034598,3.78428016185,4.01630539515,-2.53806514733,0.10716423893,5.97671163849,9.13988424293,1
4,36.7747129989,3.85288970103,4.09378691338,-2.53616512906,0.115035016456,5.97671163849,9.13988424293,1
4,36.8433225381,3.92149924021,4.08065751563,-2.53426705883,0.125483451692,5.97671163849,9.13988424293,1
4,36.9119320773,3.99010877938,4.00544227546,-2.5323733384,0.138559447581,5.97671163849,9.13988424293,1
4,36.9805416165,4.05871831856,3.79645876424,-2.53048329654,0.154234241997,5.97671163849,9.13988424293,1
4,37.0491511556,4.12732785774,3.36537157353,-2.52859519397,0.172178430909,5.97671163849,9.13988424293,1
4,37.1177606948,4.19593739691,2.68265197911,-2.52670555865,0.191710314094,5.97671163849,9.13988424293,1
4,37.186370234,4.26454693609,1.77085658837,-2.52481134022,0.211839315992,5.97671163849,9.13988424293,1
4,37.2549797732,4.33315647527,0.687922575846,-2.52290876826,0.231384096679,5.97671163849,9.13988424293,1
4,37.3235893123,4.40176601445,-0.49260258039,-2.52099520015,0.249162698673,5.97671163849,9.13988424293,1
4,37.3921988515,4.47037555362,-1.69564636108,-2.5190675374,0.264228306519,5.97671163849,9.13988424293,1
4,37.4608083907,4.5389850928,-2.85295983,-2.51712397246,0.276093814783,5.97671163849,9.13988424293,1
4,37.5294179299,4.60759463198,-3.90794487166,-2.51516215488,0.284869699406,5.97671163849,9.13988424293,1
4,37.5980274691,4.67620417115,-4.81598092046,-2.51318103798,0.291248392334,5.97671163849,9.13988424293,1
4,37.6666370082,4.74481371033,-5.54451061629,-2.51117859808,0.296312282661,5.97671163849,9.13988424293,1
4,37.7352465474,4.81342324951,-6.0705801819,-2.50915383909,0.301206115502,5.97671163849,9.13988424293,1
4,37.8038560866,4.88203278869,-6.38151277268,-2.50710461301,0.306773181619,5.97671163849,9.13988424293,1
4,37.8724656258,4.95064232786,-6.47409438734,-2.50503338338,0.31327559512,5.97671163849,9.13988424293,1
4,37.9410751649,5.01925186704,-6.35455682672,-2.50294379309,0.320297654829,5.97671163849,9.13988424293,1
4,38.0096847041,5.08786140622,-6.0391472587,-2.5008468285,0.326869857262,5.97671163849,9.13988424293,1
4,38.0782942433,5.15647094539,-5.54073264608,-2.4987574034,0.3317753865,5.97671163849,9.13988424293,1
4,38.1469037825,5.22508048457,-4.86072284907,-2.49668191768,0.333937975692,5.97671163849,9.13988424293,1
4,38.2155133216,5.29369002375,-4.07283874791,-2.4946171621,0.332761996646,5.97671163849,9.13988424293,1
4,38.2841228608,5.36229956293,-3.26777044721,-2.49256423744,0.328313978365,5.97671163849,9.13988424293,1
4,38.3527324,5.4309091021,-2.5748739914,-2.49052665054,0.321337647508,5.97671163849,9.13988424293,1
4,38.4213419392,5.49951864128,-2.09401406023,-2.48850519818,0.313689975597,5.97671163849,9.13988424293,1
4,38.4899514784,5.56812818046,-1.88397090089,-2.48649986494,0.308649530493,5.97671163849,9.13988424293,1
4,38.5585610175,5.63673771963,-2.00477734781,-2.48450674837,0.310268228509,5.97671163849,9.13988424293,1
4,38.6271705567,5.70534725881,-2.48182363943,-2.48252424845,0.322536773712,5.97671163849,9.13988424293,1
4,38.6957800959,5.77395679799,-3.28982993347,-2.4805505841,0.348611110659,5.97671163849,9.13988424293,1
4,38.7643896351,5.84256633717,-4.33948421514,-2.47858371431,0.390202411028,5.97671163849,9.13988424293,1
4,38.8329991742,5.91117587634,-5.47774393461,-2.47662623864,0.447175684972,5.97671163849,9.13988424293,1
4,38.9016087134,5.97978541552,-6.59730055739,-2.4746772873,0.517421320223,5.97671163849,9.13988424293,1
4,38.9702182526,6.0483949547,-7.67846318951,-2.47273868143,0.597069443447,5.97671163849,9.13988424293,1
4,39.0388277918,6.11700449387,-8.66807638547,-2.47081095744,0.680774773995,5.97671163849,9.13988424293,1
4,39.1074373309,6.18561403305,-9.52690863496,-2.46889670153,0.762148574545,5.97671163849,9.13988424293,1
4,39.1760468701,6.25422357223,-10.2203539778,-2.46699782975,0.834401097881,5.97671163849,9.13988424293,1
4,39.2446564093,6.32283311141,-10.7278465077,-2.46511811139,0.891157410538,5.97671163849,9.13988424293,1
4,39.3132659485,6.39144265058,-11.0339798082,-2.46326128281,0.927320307952,5.97671163849,9.13988424293,1
4,39.3818754877,6.46005218976,-11.1344909609,-2.46142718259,0.939817513293,5.97671163849,9.13988424293,1
4,39.4504850268,6.52866172894,-11.0314496179,-2.45961212947,0.928068787075,5.97671163849,9.13988424293,1
4,39.519094566,6.59727126811,-10.7352632694,-2.45784595199,0.894062831248,5.97671163849,9.13988424293,1
4,39.5877041052,6.66588080729,-10.2673967031,-2.45616925443,0.84202562929,5.97671163849,9.13988424293,1
4,39.6563136444,6.73449034647,-9.63275786501,-2.45459993714,0.777757482655,5.97671163849,9.13988424293,1
4,39.7249231835,6.80309988564,-8.8530457227,-2.45313024005,0.707767267659,5.97671163849,9.13988424293,1
4,39.7935327227,6.87170942482,-8.06414612087,-2.45173596891,0.638258517559,5.97671163849,9.13988424293,1
4,39.8621422619,6.940318964,-7.37376468572,-2.45038400998,0.574294897506,5.97671163849,9.13988424293,1
4,39.9307518011,7.00892850318,-6.84611961741,-2.4490407118,0.519334847381,5.97671163849,9.13988424293,1
4,39.9993613403,7.07753804235,-6.49538849432,-2.44767451762,0.475042452672,5.97671163849,9.13988424293,1
4,40.0679708794,7.14614758153,-6.31658785618,-2.44625995176,0.441347632517,5.97671163849,9.13988424293,1
4,40.1365804186,7.21475712071,-6.28320352419,-2.44477458135,0.416727988971,5.97671163849,9.13988424293,1
4,40.2051899578,7.28336665988,-6.36764177167,-2.44319519318,0.398686222824,5.97671163849,9.13988424293,1
4,40.273799497,7.35197619906,-6.53185175239,-2.44151020162,0.384382488361,5.97671163849,9.13988424293,1
4,40.3424090361,7.42058573824,-6.74169325626,-2.43972868626,0.371335092759,5.97671163849,9.13988424293,1
4,40.4110185753,7.48919527742,-6.95853908623,-2.43787031548,0.358051874762,5.97671163849,9.13988424293,1
4,40.4796281145,7.55780481659,-7.15644481479,-2.43595956157,0.344436379534,5.97671163849,9.13988424293,1
4,40.5482376537,7.62641435577,-7.24222296447,-2.43400649606,0.331528129425,5.97671163849,9.13988424293,1
4,40.6168471928,7.69502389495,-7.14583498903,-2.43201781411,0.320320973424,5.97671163849,9.13988424293,1
4,40.685456732,7.76363343412,-6.80990144158,-2.4300012291,0.311208992923,5.97671163849,9.13988424293,1
4,40.7540662712,7.8322429733,-6.23086846644,-2.42796456655,0.303864997938,5.97671163849,9.13988424293,1
4,40.8226758104,7.90085251248,-5.44572873799,-2.42591477197,0.297316181374,5.97671163849,9.13988424293,1
4,40.8912853496,7.96946205166,-4.4728844961,-2.42386127459,0.290205015289,5.97671163849,9.13988424293,1
4,40.9598948887,8.03807159083,-3.33829734539,-2.42181492736,0.281156255831,5.97671163849,9.13988424293,1
4,41.0285044279,8.10668113001,-2.08089196153,-2.41979021393,0.26913331567,5.97671163849,9.13988424293,1
4,41.0971139671,8.17529066919,-0.748765822436,-2.41779982278,0.253678610912,5.97671163849,9.13988424293,1
4,41.1657235063,8.24390020836,0.594357747883,-2.41585104407,0.234988490187,5.97671163849,9.13988424293,1
4,41.2343330454,8.31250974754,1.87985901634,-2.41393429591,0.213827083871,5.97671163849,9.13988424293,1
4,41.3029425846,8.38111928672,3.03127830705,-2.41201873897,0.191335914663,5.97671163849,9.13988424293,1
4,41.3715521238,8.4497288259,3.98674498121,-2.41005393604,0.168803014432,5.97671163849,9.13988424293,1
4,41.440161663,8.51833836507,4.70351612203,-2.40801142339,0.14744493818,5.97671163849,9.13988424293,1
4,41.5087712021,8.58694790425,5.19229603758,-2.40589308384,0.128231542474,5.97671163849,9.13988424293,1
4,41.5773807413,8.65555744343,5.51301834373,-2.40369834083,0.111766776001,5.97671163849,9.13988424293,1
4,41.6459902805,8.7241669826,5.77090566587,-2.40142435609,0.0982376690564,5.97671163849,9.13988424293,1
4,41.7145998197,8.79277652178,5.97071089306,-2.39907266362,0.08754870209,5.97671163849,9.13988424293,1
4,41.7832093589,8.86138606096,6.09424735415,-2.39664695548,0.0795556455611,5.97671163849,9.13988424293,1
4,41.851818898,8.92999560013,6.1499107986,-2.39415547035,0.0741342480311,5.97671163849,9.13988424293,1
4,41.9204284372,8.99860513931,6.14306479561,-2.39160908494,0.0712103108472,5.97671163849,9.13988424293,1
4,41.9890379764,9.06721467849,6.07351372547,-2.38902345497,0.0707835494366,5.97671163849,9.13988424293,1
4,42.0576475156,9.13582421767,5.94684690691,-2.38641644198,0.0729432389292,5.97671163849,9.13988424293,1
4,42.1262570547,9.20443375684,5.75978977531,-2.38380923631,0.0778653732731,5.97671163849,9.13988424293,1
4,42.1948665939,9.27304329602,5.52053143344,-2.3812222556,0.0857758827752,5.97671163849,9.13988424293,1
4,42.2634761331,9.3416528352,5.18445870145,-2.37867517472,0.0968897313032,5.97671163849,9.13988424293,1
4,42.3320856723,9.41026237437,4.75207507593,-2.37618283901,0.112140648096,5.97671163849,9.13988424293,1
4,42.4006952115,9.47887191355,4.31146361843,-2.37375676556,0.134837533792,5.97671163849,9.13988424293,1
4,42.4693047506,9.54748145273,3.87072921196,-2.37140293395,0.170236756329,5.97671163849,9.13988424293,1
4,42.5379142898,9.61609099191,3.44942744364,-2.3691269174,0.224105702983,5.97671163849,9.13988424293,1
4,42.606523829,9.68470053108,3.03882855607,-2.36691957853,0.301094894593,5.97671163849,9.13988424293,1
4,42.6751333682,9.75331007026,2.61991888079,-2.36475947375,0.403254579135,5.97671163849,9.13988424293,1
4,42.7437429073,9.82191960944,2.20688310328,-2.36262793394,0.528969067948,5.97671163849,9.13988424293,1
4,42.8123524465,9.89052914861,1.77157095712,-2.36051695521,0.672472918353,5.97671163849,9.13988424293,1
4,42.8809619857,9.95913868779,1.20119395782,-2.35843268882,0.823993451891,5.97671163849,9.13988424293,1
4,42.9495715249,10.027748227,0.441147704759,-2.35637699766,0.970756524191,5.97671163849,9.13988424293,1
4,43.018181064,10.0963577661,-0.516521263726,-2.3543574964,1.09877207252,5.97671163849,9.13988424293,1
4,43.0867906032,10.1649673053,-1.62619217256,-2.35240618175,1.19498105475,5.97671163849,9.13988424293,1
4,43.1554001424,10.2335768445,-2.82672940212,-2.35054515051,1.24939556889,5.97671163849,9.13988424293,1
4,43.2240096816,10.3021863837,-4.04124049689,-2.34877629398,1.25680035501,5.97671163849,9.13988424293,1
4,43.2926192208,10.3707959229,-5.20260818532,-2.34708294185,1.21766663761,5.97671163849,9.13988424293,1
4,43.3612287599,10.439405462,-6.24541957433,-2.34543993375,1.13808321591,5.97671163849,9.13988424293,1
4,43.4298382991,10.5080150012,-7.12123736165,-2.34381725978,1.02870585977,5.97671163849,9.13988424293,1
4,43.4984478383,10.5766245404,-7.7857997722,-2.34218744266,0.902929542477,5.97671163849,9.13988424293,1
4,43.5670573775,10.6452340796,-8.2100955747,-2.34052506025,0.774650358243,5.97671163849,9.13988424293,1
4,43.6356669166,10.7138436187,-8.36720170587,-2.33881085692,0.656044993537,5.97671163849,9.13988424293,1
4,43.7042764558,10.7824531579,-8.24495587539,-2.33702864875,0.555795429194,5.97671163849,9.13988424293,1
4,43.772885995,10.8510626971,-7.83163609382,-2.33516810376,0.478077133685,5.97671163849,9.13988424293,1
4,43.8414955342,10.9196722363,-7.12879617439,-2.33322103324,0.422471568189,5.97671163849,9.13988424293,1
4,43.9101050733,10.9882817754,-6.13941348541,-2.33118481426,0.384783393354,5.97671163849,9.13988424293,1
4,43.9787146125,11.0568913146,-4.90500876725,-2.32905858091,0.358584748372,5.97671163849,9.13988424293,1
4,44.0473241517,11.1255008538,-3.47172380853,-2.32684713917,0.337154323545,5.97671163849,9.13988424293,1
4,44.1159336909,11.194110393,-1.92961223083,-2.32455504874,0.315387044078,5.97671163849,9.13988424293,1
4,44.1845432301,11.2627199322,-0.409605206892,-2.32219020771,0.291166804347,5.97671163849,9.13988424293,1
4,44.2531527692,11.3313294713,1.07410071186,-2.31976549376,0.264722567199,5.97671163849,9.13988424293,1
4,44.3217623084,11.3999390105,2.45863400314,-2.31730455163,0.236894580494,5.97671163849,9.13988424293,1
4,44.3903718476,11.4685485497,3.67298547598,-2.31483838965,0.208773585828,5.97671163849,9.13988424293,1
4,44.4589813868,11.5371580889,4.65685891931,-2.31240010559,0.181530719233,5.97671163849,9.13988424293,1
4,44.5275909259,11.605767628,5.3856477759,-2.31001918577,0.156237359691,5.97671163849,9.13988424293,1
4,44.5962004651,11.6743771672,5.88216125274,-2.30772097161,0.133707981848,5.97671163849,9.13988424293,1
4,44.6648100043,11.7429867064,6.22946943908,-2.30552437004,0.114388584297,5.97671163849,9.13988424293,1
4,44.7334195435,11.8115962456,6.52027721223,-2.30343565262,0.09832445154,5.97671163849,9.13988424293,1
4,44.8020290826,11.8802057848,6.74324163856,-2.30143945777,0.085347251405,5.97671163849,9.13988424293,1
4,44.8706386218,11.9488153239,6.89047845685,-2.29949874512,0.075268755223,5.97671163849,9.13988424293,1
4,44.939248161,12.0174248631,6.97517098801,-2.29757201658,0.0679235136072,5.97671163849,9.13988424293,1
4,45.0078577002,12.0860344023,7.00040235167,-2.29564523128,0.0631870323484,5.97671163849,9.13988424293,1
4,45.0764672394,12.1546439415,6.97294665757,-2.29371205451,0.0609855905034,5.97671163849,9.13988424293,1
4,45.1450767785,12.2232534806,6.89203289757,-2.29176222119,0.0613007592279,5.97671163849,9.13988424293,1
4,45.2136863177,12.2918630198,6.76018760541,-2.28978592385,0.0641699576578,5.97671163849,9.13988424293,1
4,45.2822958569,12.360472559,6.5717547803,-2.28777668503,0.0696833458047,5.97671163849,9.13988424293,1
4,45.3509053961,12.4290820982,6.32606137043,-2.28572865077,0.0779766442024,5.97671163849,9.13988424293,1
4,45.4195149352,12.4976916373,6.01040038479,-2.28363883834,0.0892181796162,5.97671163849,9.13988424293,1
4,45.4881244744,12.5663011765,5.6476045972,-2.28150468184,0.103586290055,5.97671163849,9.13988424293,1
4,45.5567340136,12.6349107157,5.22534694151,-2.27932585636,0.121196823423,5.97671163849,9.13988424293,1
4,45.6253435528,12.7035202549,4.63967094696,-2.27710298974,0.141847491502,5.97671163849,9.13988424293,1
4,45.693953092,12.7721297941,3.82903994053,-2.27483698215,0.164887109309,5.97671163849,9.13988424293,1
4,45.7625626311,12.8407393332,2.78542462815,-2.27253534572,0.189282702097,5.97671163849,9.13988424293,1
4,45.8311721703,12.9093488724,1.54908576138,-2.2702006461,0.213753696614,5.97671163849,9.13988424293,1
4,45.8997817095,12.9779584116,0.18265538262,-2.26783086867,0.236955633759,5.97671163849,9.13988424293,1
4,45.9683912487,13.0465679508,-1.24086933624,-2.2654341424,0.257698974999,5.97671163849,9.13988424293,1
4,46.0370007878,13.1151774899,-2.65344998391,-2.2630183675,0.275178102069,5.97671163849,9.13988424293,1
4,46.105610327,13.1837870291,-3.99462831796,-2.26059811895,0.289165604677,5.97671163849,9.13988424293,1
4,46.1742198662,13.2523965683,-5.21838866448,-2.2581847263,0.300115106687,5.97671163849,9.13988424293,1
4,46.2428294054,13.3210061075,-6.27874548179,-2.2557920423,0.309113958265,5.97671163849,9.13988424293,1
4,46.3114389445,13.3896156466,-7.11866244185,-2.25342791037,0.317667723502,5.97671163849,9.13988424293,1
4,46.3800484837,13.4582251858,-7.75042248909,-2.25110059753,0.327341654409,5.97671163849,9.13988424293,1
4,46.4486580229,13.526834725,-8.20837551124,-2.24881239481,0.339340951007,5.97671163849,9.13988424293,1
4,46.5172675621,13.5954442642,-8.55981218631,-2.24656683763,0.354179201657,5.97671163849,9.13988424293,1
4,46.5858771013,13.6640538034,-8.85151877664,-2.24435661225,0.37208831296,5.97671163849,9.13988424293,1
4,46.6544866404,13.7326633425,-9.08524418448,-2.24217402072,0.393724092727,5.97671163849,9.13988424293,1
4,46.7230961796,13.8012728817,-9.28149567441,-2.24000606258,0.420092696322,5.97671163849,9.13988424293,1
4,46.7917057188,13.8698824209,-9.44975939758,-2.23785092469,0.452335158985,5.97671163849,9.13988424293,1
4,46.860315258,13.9384919601,-9.60241379106,-2.23570625188,0.491495073197,5.97671163849,9.13988424293,1
4,46.9289247971,14.0071014992,-9.7467729859,-2.23357638947,0.538259209219,5.97671163849,9.13988424293,1
4,46.9975343363,14.0757110384,-9.89778203189,-2.2314572818,0.592667272105,5.97671163849,9.13988424293,1
4,47.0661438755,14.1443205776,-10.0722553701,-2.22934946278,0.653804450957,5.97671163849,9.13988424293,1
4,47.1347534147,14.2129301168,-10.2950016566,-2.22724748374,0.719539273802,5.97671163849,9.13988424293,1
4,47.2033629538,14.2815396559,-10.5818064714,-2.22515069912,0.786391257216,5.97671163849,9.13988424293,1
4,47.271972493,14.3501491951,-10.9312736767,-2.22305167133,0.8496298359,5.97671163849,9.13988424293,1
4,47.3405820322,14.4187587343,-11.2973048607,-2.22094835116,0.903651051737,5.97671163849,9.13988424293,1
4,47.4091915714,14.4873682735,-11.5867822217,-2.21883176669,0.942630205461,5.97671163849,9.13988424293,1
4,47.4778011106,14.5559778127,-11.684318322,-2.21670006372,0.961358057036,5.97671163849,9.13988424293,1
4,47.5464106497,14.6245873518,-11.5854757742,-2.21454543267,0.956198865055,5.97671163849,9.13988424293,1
4,47.6150201889,14.693196891,-11.2992734856,-2.21237002838,0.925864492888,5.97671163849,9.13988424293,1
4,47.6836297281,14.7618064302,-10.8151238803,-2.2101708116,0.871691124907,5.97671163849,9.13988424293,1
4,47.7522392673,14.8304159694,-10.1354344478,-2.20795425002,0.797456161168,5.97671163849,9.13988424293,1
4,47.8208488064,14.8990255085,-9.26690865381,-2.20570335735,0.708794897975,5.97671163849,9.13988424293,1
4,47.8894583456,14.9676350477,-8.22619529363,-2.20341950866,0.612356849084,5.97671163849,9.13988424293,1
4,47.9580678848,15.0362445869,-7.037359243,-2.20108680122,0.51488700794,5.97671163849,9.13988424293,1
4,48.026677424,15.1048541261,-5.73426442728,-2.19870433119,0.422410061439,5.97671163849,9.13988424293,1
4,48.0952869632,15.1734636653,-4.35907385828,-2.19625012212,0.33963775721,5.97671163849,9.13988424293,1
4,48.1638965023,15.2420732044,-2.96113216998,-2.1937281272,0.26963915256,5.97671163849,9.13988424293,1
4,48.2325060415,15.3106827436,-1.59331175729,-2.19111661673,0.213763483198,5.97671163849,9.13988424293,1
4,48.3011155807,15.3792922828,-0.306210855584,-2.18841078336,0.171773056542,5.97671163849,9.13988424293,1
4,48.3697251199,15.447901822,0.856679799027,-2.18548715119,0.142148283452,5.97671163849,9.13988424293,1
4,48.438334659,15.5165113611,1.86287815414,-2.18242756627,0.122537761006,5.97671163849,9.13988424293,1
4,48.5069441982,15.5851209003,2.6911731074,-2.17939511785,0.110314463236,5.97671163849,9.13988424293,1
4,48.5755537374,15.6537304395,3.32997556604,-2.17641553179,0.103173400849,5.97671163849,9.13988424293,1
4,48.6441632766,15.7223399787,3.76663615338,-2.17352701263,0.0996690927897,5.97671163849,9.13988424293,1
4,48.7127728157,15.7909495178,4.05588465542,-2.17069470073,0.0993195601018,5.97671163849,9.13988424293,1
4,48.7813823549,15.859559057,4.24885067272,-2.16789034838,0.101889498298,5.97671163849,9.13988424293,1
4,48.8499918941,15.9281685962,4.38307800368,-2.16514521303,0.107172431632,5.97671163849,9.13988424293,1
4,48.9186014333,15.9967781354,4.46073721329,-2.16231531099,0.115049259833,5.97671163849,9.13988424293,1
4,48.9872109725,16.0653876746,4.44754402182,-2.15912004415,0.125501749536,5.97671163849,9.13988424293,1
4,49.0558205116,16.1339972137,4.37251190279,-2.15543834102,0.13858026034,5.97671163849,9.13988424293,1
4,49.1244300508,16.2026067529,4.16316594624,-2.15127965111,0.154255840079,5.97671163849,9.13988424293,1
4,49.19303959,16.2712162921,3.73182837975,-2.14678699201,0.17219863192,5.97671163849,9.13988424293,1
4,49.2616491292,16.3398258313,3.04862335715,-2.14214076244,0.191726593176,5.97671163849,9.13988424293,1
4,49.3302586683,16.4084353704,2.13676365971,-2.13755284487,0.211849008318,5.97671163849,9.13988424293,1
4,49.3988682075,16.4770449096,1.0537374492,-2.13320401077,0.231384703405,5.97671163849,9.13988424293,1
4,49.4674777467,16.5456544488,-0.126350279603,-2.12926246913,0.249152271371,5.97671163849,9.13988424293,1
4,49.5360872859,16.614263988,-1.32897178813,-2.12584736906,0.264205819699,5.97671163849,9.13988424293,1
4,49.604696825,16.6828735271,-2.48535550886,-2.12306157599,0.276059358737,5.97671163849,9.13988424293,1
4,49.6733063642,16.7514830663,-3.53949480276,-2.12096411173,0.284824315281,5.97671163849,9.13988424293,1
4,49.7419159034,16.8200926055,-4.44622938455,-2.11960426916,0.291193475963,5.97671163849,9.13988424293,1
4,49.8105254426,16.8887021447,-5.17361697813,-2.11898922308,0.296248636604,5.97671163849,9.13988424293,0
4,49.8791349818,16.9573116839,-5.69811803622,-2.11912371352,0.301132905183,5.97671163849,9.13988424293,0
4,49.9477445209,17.025921223,-6.00770805748,-2.11997210937,0.306687108567,5.97671163849,9.13988424293,0
4,50.0163540601,17.0945307622,-6.09851885717,-2.12148403653,0.313170532175,5.97671163849,9.13988424293,0
4,50.0849635993,17.1631403014,-5.97751178001,-2.12350598571,0.320164813026,5.97671163849,9.13988424293,0
4,50.1535731385,17.2317498406,-5.66012253063,-2.12587898284,0.326698360532,5.97671163849,9.13988424293,0
4,50.2221826776,17.3003593797,-5.16108167818,-2.12828497755,0.331553044434,5.97671163849,9.13988424293,0
4,50.2907922168,17.3689689189,-4.48021794622,-2.13043094266,0.333652155205,5.97671163849,9.13988424293,0
4,50.359401756,17.4375784581,-3.69017725675,-2.13221837227,0.332400780431,5.97671163849,9.13988424293,0
4,50.4280112952,17.5061879973,-2.88113521038,-2.13341852883,0.327868036629,5.97671163849,9.13988424293,0
4,50.4966208343,17.5747975365,-2.18219225102,-2.13381984638,0.320796391658,5.97671163849,9.13988424293,0
4,50.5652303735,17.6434070756,-1.69541986045,-2.13323213458,0.313011428409,5.97671163849,9.13988424293,0
4,50.6338399127,17.7120166148,-1.48011321402,-2.13158914026,0.307760954208,5.97671163849,9.13988424293,0
4,50.7024494519,17.780626154,-1.59601784795,-2.12894788396,0.309084603368,5.97671163849,9.13988424293,0
4,50.7710589911,17.8492356932,-2.06940763987,-2.12552391511,0.320981136064,5.97671163849,9.13988424293,0
4,50.8396685302,17.9178452323,-2.87470596216,-2.1214600878,0.346633073299,5.97671163849,9.13988424293,0
4,50.9082780694,17.9864547715,-3.92326500222,-2.11666183372,0.387792212103,5.97671163849,9.13988424293,0
4,50.9768876086,18.0550643107,-5.06153452145,-2.11106210586,0.444373029752,5.97671163849,9.13988424293,0
4,51.0454971478,18.1236738499,-6.18301203507,-2.10460636449,0.514319123444,5.97671163849,9.13988424293,0
4,51.1141066869,18.192283389,-7.26728058701,-2.09721434028,0.593811375272,5.97671163849,9.13988424293,0
4,51.1827162261,18.2608929282,-8.26137366026,-2.08878835301,0.67754530665,5.97671163849,9.13988424293,0
4,51.2513257653,18.3295024674,-9.12527789409,-2.07919660872,0.759155308622,5.97671163849,9.13988424293,0
4,51.3199353045,18.3981120066,-9.82460973534,-2.06828204428,0.831850255194,5.97671163849,9.13988424293,0
4,51.3885448437,18.4667215458,-10.3380297827,-2.05583969115,0.889225422457,5.97671163849,9.13988424293,0
4,51.4571543828,18.5353310849,-10.6503395182,-2.04162852898,0.926126601815,5.97671163849,9.13988424293,0
4,51.525763922,18.6039406241,-10.75655158,-2.02535017205,0.939404132258,5.97671163849,9.13988424293,0
4,51.5943734612,18.6725501633,-10.6588403022,-2.00677147356,0.928391579343,5.97671163849,9.13988424293,0
4,51.6629830004,18.7411597025,-10.3669902636,-1.98555003213,0.894996390876,5.97671163849,9.13988424293,0
4,51.7315925395,18.8097692416,-9.90233552811,-1.96084725222,0.843381008912,5.97671163849,9.13988424293,0
4,51.8002020787,18.8783787808,-9.27257174298,-1.93146823169,0.779308967984,5.97671163849,9.13988424293,0
4,51.8688116179,18.94698832,-8.49299100348,-1.89615392894,0.709287443925,5.97671163849,9.13988424293,0
4,51.9374211571,19.0155978592,-7.69441579638,-1.85384254519,0.639562130701,5.97671163849,9.13988424293,0
4,52.0060306962,19.0842073983,-6.99039714337,-1.80381091467,0.575262141462,5.97671163849,9.13988424293,0
4,52.0746402354,19.1528169375,-6.44757352757,-1.74573325401,0.519920379585,5.97671163849,9.13988424293,0
4,52.1432497746,19.2214264767,-6.08439742551,-1.67966516175,0.475273142416,5.97671163849,9.13988424293,0
4,52.2118593138,19.2900360159,-5.89594572841,-1.6059984445,0.441310168596,5.97671163849,9.13988424293,0
4,52.280468853,19.3586455551,-5.85754749798,-1.52539503756,0.41654734244,5.97671163849,9.13988424293,0
4,52.3490783921,19.4272550942,-5.94026244104,-1.43878169432,0.398497221228,5.97671163849,9.13988424293,0
4,52.4176879313,19.4958646334,-6.10692352813,-1.34735499423,0.384299048885,5.97671163849,9.13988424293,0
4,52.4862974705,19.5644741726,-6.32181919504,-1.25228295916,0.371423245497,5.97671163849,9.13988424293,0
4,52.5549070097,19.6330837118,-6.54661360036,-1.15453666293,0.358313827813,5.97671163849,9.13988424293,0
4,52.6235165488,19.7016932509,-6.7546724313,-1.05474528233,0.344811444363,5.97671163849,9.13988424293,0
4,52.692126088,19.7703027901,-6.85541830022,-0.95328487621,0.331934181444,5.97671163849,9.13988424293,0
4,52.7607356272,19.8389123293,-6.77538470394,-0.850473219486,0.320701680424,5.97671163849,9.13988424293,0
4,52.8293451664,19.9075218685,-6.45830313032,-0.74653410778,0.311550127486,5.97671163849,9.13988424293,0
4,52.8979547055,19.9761314076,-5.89583853013,-0.641626565195,0.304197115958,5.97671163849,9.13988424293,0
4,52.9665642447,20.0447409468,-5.12665828989,-0.535845243911,0.297703302492,5.97671163849,9.13988424293,0
4,53.0351737839,20.113350486,-4.16723750385,-0.429234253561,0.290722875827,5.97671163849,9.13988424293,0
4,53.1037833231,20.1819600252,-3.0445127145,-0.321758434746,0.281867267999,5.97671163849,9.13988424293,0
4,53.1723928623,20.2505695644,-1.79468426855,-0.213283839409,0.270066103521,5.97671163849,9.13988424293,0
4,53.2410024014,20.3191791035,-0.4668457626,-0.103548578898,0.25481751589,5.97671163849,9.13988424293,0
4,53.3096119406,20.3877886427,0.878234596527,0.00779541358985,0.236274492145,5.97671163849,9.13988424293,0
4,53.3782214798,20.4563981819,2.17037349852,0.12107437221,0.21516796395,5.97671163849,9.13988424293,0
4,53.446831019,20.5250077211,3.33533930598,0.236361449691,0.192621581504,5.97671163849,9.13988424293,0
4,53.5154405581,20.5936172602,4.30777159754,0.353227699078,0.169921628882,5.97671163849,9.13988424293,0
4,53.5840500973,20.6622267994,5.04488295431,0.470678981607,0.148296956529,5.97671163849,9.13988424293,0
4,53.6526596365,20.7308363386,5.55079454606,0.587615091095,0.128740039699,5.97671163849,9.13988424293,0
4,53.7212691757,20.7994458778,5.88382135691,0.702964177021,0.111883076366,5.97671163849,9.13988424293,0
4,53.7898787148,20.868055417,6.14720812509,0.815618081651,0.0979396004358,5.97671163849,9.13988424293,0
4,53.858488254,20.9366649561,6.35838743798,0.924474734793,0.0868192766128,5.97671163849,9.13988424293,0
4,53.9270977932,21.0052744953,6.49185375885,1.02847235045,0.0783686417871,5.97671163849,9.13988424293,0
4,53.9957073324,21.0738840345,6.56112111415,1.12664001812,0.0724465284813,5.97671163849,9.13988424293,0
4,54.0643168716,21.1424935737,6.56623255745,1.21814256802,0.0689526207149,5.97671163849,9.13988424293,0
4,54.1329264107,21.2111031128,6.51441966212,1.30233358385,0.0678510369628,5.97671163849,9.13988424293,0
4,54.2015359499,21.279712652,6.40241511102,1.37880228395,0.0691898718689,5.97671163849,9.13988424293,0
4,54.2701454891,21.3483221912,6.23633149984,1.44741322627,0.073109618597,5.97671163849,9.13988424293,0
4,54.3387550283,21.4169317304,6.0130754755,1.50832509345,0.0798259761835,5.97671163849,9.13988424293,0
4,54.4073645674,21.4855412695,5.72884163234,1.56198002707,0.0895719198702,5.97671163849,9.13988424293,0
4,54.4759741066,21.5541508087,5.32738337612,1.60906447166,0.102690230788,5.97671163849,9.13988424293,0
4,54.5445836458,21.6227603479,4.87780005287,1.65045046154,0.121138605702,5.97671163849,9.13988424293,0
4,54.613193185,21.6913698871,4.42876332704,1.68713270411,0.149301519928,5.97671163849,9.13988424293,0
4,54.6818027242,21.7599794263,3.98772865133,1.72017997567,0.192874126566,5.97671163849,9.13988424293,0
4,54.7504122633,21.8285889654,3.56699615388,1.7506899263,0.257286741775,5.97671163849,9.13988424293,0
4,54.8190218025,21.8971985046,3.1460325319,1.77950764773,0.346106039815,5.97671163849,9.13988424293,0
4,54.8876313417,21.9658080438,2.71732330109,1.80719470615,0.459722797917,5.97671163849,9.13988424293,0
4,54.9562408809,22.034417583,2.2962233572,1.83411174422,0.594570041483,5.97671163849,9.13988424293,0
4,55.02485042,22.1030271221,1.80525841494,1.86060095676,0.742932723282,5.97671163849,9.13988424293,0
4,55.0934599592,22.1716366613,1.14674075477,1.88713018188,0.89346981102,5.97671163849,9.13988424293,0
4,55.1620694984,22.2402462005,0.289477406597,1.91411643343,1.03262764549,5.97671163849,9.13988424293,0
4,55.2306790376,22.3088557397,-0.751384710368,1.94231417796,1.14663312624,5.97671163849,9.13988424293,0
4,55.2992885767,22.3774652788,-1.91881834677,1.97292503501,1.22367327714,5.97671163849,9.13988424293,0
4,55.3678981159,22.446074818,-3.1447734575,2.00733330053,1.25586446808,5.97671163849,9.13988424293,0
4,55.4365076551,22.5146843572,-4.35300558044,2.0468134478,1.24061163563,5.97671163849,9.13988424293,0
4,55.5051171943,22.5832938964,-5.47798042778,2.09233279615,1.18107735294,5.97671163849,9.13988424293,0
4,55.5737267335,22.6519034356,-6.45889409077,2.14445298939,1.08565419445,5.97671163849,9.13988424293,0
4,55.6423362726,22.7205129747,-7.25069137155,2.20331888643,0.966531836387,5.97671163849,9.13988424293,0
4,55.7109458118,22.7891225139,-7.81320988676,2.26868995304,0.837634192853,5.97671163849,9.13988424293,0
4,55.779555351,22.8577320531,-8.12023116712,2.34000601913,0.712340957241,5.97671163849,9.13988424293,0
4,55.8481648902,22.9263415923,-8.14838293752,2.41645106208,0.601405300626,5.97671163849,9.13988424293,0
4,55.9167744293,22.9949511314,-7.88845715672,2.4970234619,0.511500380843,5.97671163849,9.13988424293,0
4,55.9853839685,23.0635606706,-7.33112623777,2.58058876403,0.444606923111,5.97671163849,9.13988424293,0
4,56.0539935077,23.1321702098,-6.48105580409,2.66594061978,0.398360668594,5.97671163849,9.13988424293,0
4,56.1226030469,23.200779749,-5.35153049933,2.75185071737,0.367246577924,5.97671163849,9.13988424293,0
4,56.191212586,23.2693892881,-3.99763415369,2.8371268219,0.344383574379,5.97671163849,9.13988424293,0
4,56.2598221252,23.3379988273,-2.4658314275,2.92065640014,0.323517922618,5.97671163849,9.13988424293,0
4,56.3284316644,23.4066083665,-0.891937563474,3.0014017429,0.300776395225,5.97671163849,9.13988424293,0
4,56.3970412036,23.4752179057,0.653301547269,3.07838071541,0.275343861728,5.97671163849,9.13988424293,0
4,56.4656507428,23.5438274449,2.15053736548,3.15097404633,0.247801350679,5.97671163849,9.13988424293,0
4,56.5342602819,23.612436984,3.51827576014,3.21908139106,0.219098335702,5.97671163849,9.13988424293,0
4,56.6028698211,23.6810465232,4.6961001391,3.28328387654,0.190378663526,5.97671163849,9.13988424293,0
4,56.6714793603,23.7496560624,5.63063110293,3.34473421101,0.16279911685,5.97671163849,9.13988424293,0
4,56.7400888995,23.8182656016,6.32260774669,3.40495482828,0.137348296743,5.97671163849,9.13988424293,0
4,56.8086984386,23.8868751407,6.81478178482,3.46578437491,0.114694389353,5.97671163849,9.13988424293,0
4,56.8773079778,23.9554846799,7.21544391139,3.52920507299,0.0950836481028,5.97671163849,9.13988424293,0
4,56.945917517,24.0240942191,7.57461859724,3.59705724622,0.0783761433246,5.97671163849,9.13988424293,0
4,57.0145270562,24.0927037583,7.86833592086,3.67069148519,0.0642949179017,5.97671163849,9.13988424293,0
4,57.0831365954,24.1613132975,8.10747717387,3.75067199229,0.0525385150527,5.97671163849,9.13988424293,0
4,57.1517461345,24.2299228366,8.30145365309,3.83697696071,0.0428040092971,5.97671163849,9.13988424293,0
4,57.2203556737,24.2985323758,8.45900852899,3.92937990493,0.0347997512009,5.97671163849,9.13988424293,0
4,57.2889652129,24.367141915,8.58673276674,4.02738954963,0.0282537880394,5.97671163849,9.13988424293,0
4,57.3575747521,24.4357514542,8.69034102077,4.13028146054,0.0229202651343,5.97671163849,9.13988424293,0
4,57.4261842912,24.5043609933,8.77435364638,4.23714077904,0.0185839517851,5.97671163849,9.13988424293,0
4,57.4947938304,24.5729705325,8.84245924836,4.34692519034,0.0150621707596,5.97671163849,9.13988424293,0
4,57.5634033696,24.6415800717,8.897724158,4.45850815288,0.012203759583,5.97671163849,9.13988424293,0
4,57.6320129088,24.7101896109,8.9425101384,4.57073091887,0.00988555047716,5.97671163849,9.13988424293,0
4,57.7006224479,24.77879915,8.97889816854,4.68244621032,0.00800752744383,5.97671163849,9.13988424293,0
4,57.7692319871,24.8474086892,9.00838241271,4.79256275531,0.00648796191452,5.97671163849,9.13988424293,0
4,57.8378415263,24.9160182284,9.03238124205,4.90009235983,0.00525946614483,5.97671163849,9.13988424293,0
4,57.9064510655,24.9846277676,9.05182069482,5.00410565666,0.00426628189918,5.97671163849,9.13988424293,0
4,57.9750606047,25.0532373068,9.06767715272,5.10382491523,0.00346256518203,5.97671163849,9.13988424293,0
4,58.0436701438,25.1218468459,9.08050896857,5.19910762713,0.00281116564143,5.97671163849,9.13988424293,0
4,58.112279683,25.1904563851,9.09100245969,5.29043782112,0.00228246311264,5.97671163849,9.13988424293,0
4,58.1808892222,25.2590659243,9.09948066143,5.3786836033,0.00185307074866,5.97671163849,9.13988424293,0
4,58.2494987614,25.3276754635,9.10643868259,5.46484183929,0.00150446450044,5.97671163849,9.13988424293,0
4,58.3181083005,25.3962850026,9.11204739828,5.54988793246,0.00122173177422,5.97671163849,9.13988424293,0
4,58.3867178397,25.4648945418,9.11667408347,5.63467144077,0.000992618553669,5.97671163849,9.13988424293,0
4,58.4553273789,25.533504081,9.12039066494,5.7198765753,0.00080693585496,5.97671163849,9.13988424293,0
4,58.5239369181,25.6021136202,9.12347810547,5.80598540852,0.000656251282258,5.97671163849,9.13988424293,0
4,58.5925464572,25.6707231593,9.1259448851,5.8932752758,0.000533717615938,5.97671163849,9.13988424293,0
4,58.6611559964,25.7393326985,9.12801423472,5.98181658587,0.000433904465729,5.97671163849,9.13988424293,0
4,58.7297655356,25.8079422377,9.12965485718,6.07148030594,0.000352568867648,5.97671163849,9.13988424293,0
4,58.7983750748,25.8765517769,9.13105102941,6.16168798209,0.000286377211506,5.97671163849,9.13988424293,0
4,58.866984614,25.9451613161,9.13214636673,6.25144282942,0.000232636055702,5.97671163849,9.13988424293,0
4,58.9355941531,26.0137708552,9.13309802396,6.33944625815,0.000189091060453,5.97671163849,9.13988424293,0
4,59.0042036923,26.0823803944,9.13383373623,6.4243427891,0.00015381915145,5.97671163849,9.13988424293,0
4,59.0728132315,26.1509899336,9.13449155366,6.50494421729,0.000125195973629,5.97671163849,9.13988424293,0
4,59.1414227707,26.2195994728,9.13498966885,6.58017935254,0.000101894784919,5.97671163849,9.13988424293,0
4,59.2100323098,26.2882090119,9.13545274632,6.64912671924,8.28758809143e-05,5.97671163849,9.13988424293,0
4,59.278641849,26.3568185511,9.13579373254,6.71106950527,6.73471643049e-05,5.97671163849,9.13988424293,0
4,59.3472513882,26.4254280903,9.13612781057,6.76556528258,5.47011052619e-05,5.97671163849,9.13988424293,0
4,59.4158609274,26.4940376295,9.13636519692,6.81251095711,4.4448073982e-05,5.97671163849,9.13988424293,0
4,59.4844704665,26.5626471687,9.13661399938,6.85219502557,3.61672309921e-05,5.97671163849,9.13988424293,0
4,59.5530800057,26.6312567078,9.13678313537,6.88522019612,2.94849393483e-05,5.97671163849,9.13988424293,0
4,59.6216895449,26.699866247,9.13697540006,6.91196362393,2.40759973615e-05,5.97671163849,9.13988424293,0
4,59.6902990841,26.7684757862,9.13709940272,6.93256704031,1.96734401861e-05,5.97671163849,9.13988424293,0
4,59.7589086233,26.8370853254,9.13725387776,6.94736672505,1.60733554545e-05,5.97671163849,9.13988424293,0
4,59.8275181624,26.9056948645,9.13734786519,6.95681793066,1.31282094914e-05,5.97671163849,9.13988424293,0
4,59.8961277016,26.9743044037,9.13747703162,6.96140386867,1.07306942318e-05,5.97671163849,9.13988424293,0
4,59.9647372408,27.0429139429,9.13755111876,6.96198520294,8.79507568531e-06,5.97671163849,9.13988424293,0
4,60.03334678,27.1115234821,9.13766330762,6.95993308171,7.24369908936e-06,5.97671163849,9.13988424293,0
4,60.1019563191,27.1801330212,9.13772416215,6.95676131035,6.00237699656e-06,5.97671163849,9.13988424293,0
4,60.1705658583,27.2487425604,9.13782480998,6.95347063705,5.00331934749e-06,5.97671163849,9.13988424293,0
4,60.2391753975,27.3173520996,9.13787706511,6.95046384736,4.19064336138e-06,5.97671163849,9.13988424293,0
4,60.3077849367,27.3859616388,9.13797028699,6.94807464587,3.52377062567e-06,5.97671163849,9.13988424293,0
4,60.3763944759,27.454571178,9.13801640722,6.94661510023,2.97637971993e-06,5.97671163849,9.13988424293,0
4,60.445004015,27.5231807171,9.13810381129,6.94640810971,2.53171289335e-06,5.97671163849,9.13988424293,0
4,60.5136135542,27.5917902563,9.13814547225,6.94782945873,2.17669626317e-06,5.97671163849,9.13988424293,0
4,60.5822230934,27.6603997955,9.13822865206,6.95145366464,1.89773656895e-06,5.97671163849,9.13988424293,0
4,60.6508326326,27.7290093347,9.13826705348,6.95757785452,1.67961263031e-06,5.97671163849,9.13988424293,0
4,60.7194421717,27.7976188738,9.13834702354,6.9662335714,1.50714006544e-06,5.97671163849,9.13988424293,0
4,60.7880517109,27.866228413,9.13838288198,6.97737387039,1.36773092718e-06,5.97671163849,9.13988424293,0
4,60.8566612501,27.9348379522,9.13846026513,6.99090676175,1.25306380429e-06,5.97671163849,9.13988424293,0
4,60.9252707893,28.0034474914,9.13849410041,7.00682152957,1.15891164662e-06,5.97671163849,9.13988424293,0
4,60.9938803284,28.0720570305,9.1385694989,7.02514659608,1.08356420189e-06,5.97671163849,9.13988424293,0
4,61.0624898676,28.1406665697,9.13860159962,7.04589882861,1.02579499532e-06,5.97671163849,9.13988424293,0
4,61.1310994068,28.2092761089,9.1386750739,7.06947091015,9.83457979761e-07,5.97671163849,9.13988424293,0
4,61.199708946,28.2778856481,9.13870552998,7.09674973952,9.53163154394e-07,5.97671163849,9.13988424293,0
4,61.2683184852,28.3464951873,9.13877727784,7.12882356069,9.31031232623e-07,5.97671163849,9.13988424293,0
4,61.3369280243,28.4151047264,9.13880618585,7.16670614838,9.13835680609e-07,5.97671163849,9.13988424293,0
4,61.4055375635,28.4837142656,9.13887635789,7.21111637762,8.99808304192e-07,5.97671163849,9.13988424293,0
4,61.4741471027,28.5523238048,9.13890376901,7.26239226367,8.88576687552e-07,5.97671163849,9.13988424293,0
4,61.5427566419,28.620933344,9.13897237575,7.32045473727,8.80493208284e-07,5.97671163849,9.13988424293,0
4,61.611366181,28.6895428831,9.1389982676,7.3848485862,8.75825721339e-07,5.97671163849,9.13988424293,0
4,61.6799757202,28.7581524223,9.13906535377,7.45478144867,8.74293689422e-07,5.97671163849,9.13988424293,0
4,61.7485852594,28.8267619615,9.13908971193,7.52919652924,8.74990248299e-07,5.97671163849,9.13988424293,0
4,61.8171947986,28.8953715007,9.13915530959,7.60681522141,8.76719386018e-07,5.97671163849,9.13988424293,0
4,61.8858043377,28.9639810398,9.13917813767,7.68620105151,8.78503140901e-07,5.97671163849,9.13988424293,0
4,61.9544138769,29.032590579,9.13924225822,7.76579234184,8.79987338697e-07,5.97671163849,9.13988424293,0
4,62.0230234161,29.1012001182,9.13926353442,7.84396360818,8.81390187054e-07,5.97671163849,9.13988424293,0
4,62.0916329553,29.1698096574,9.13932618446,7.9190457611,8.83144359524e-07,5.97671163849,9.13988424293,0
4,62.1602424945,29.2384191966,9.13934591232,7.98938976862,8.85509700089e-07,5.97671163849,9.13988424293,0
4,62.2288520336,29.3070287357,9.13940714292,8.05344080559,8.88435981988e-07,5.97671163849,9.13988424293,0
4,62.2974615728,29.3756382749,9.13942528962,8.10991591431,8.91575316895e-07,5.97671163849,9.13988424293,0
4,62.366071112,29.4442478141,9.1394850871,8.15785684091,8.94453866859e-07,5.97671163849,9.13988424293,0
4,62.4346806512,29.5128573533,9.1395015968,8.19696022267,8.96713414335e-07,5.97671163849,9.13988424293,0
4,62.5032901903,29.5814668924,9.13955991031,8.22734320851,8.9833907405e-07,5.97671163849,9.13988424293,0
4,62.5718997295,29.6500764316,9.13957475567,8.24931133912,8.99605029917e-07,5.97671163849,9.13988424293,0
4,62.6405092687,29.7186859708,9.13963162934,8.26356793784,9.00832462693e-07,5.97671163849,9.13988424293,0
4,62.7091188079,29.78729551,9.13964482349,8.27116973266,9.02154717809e-07,5.97671163849,9.13988424293,0
4,62.7777283471,29.8559050492,9.13970029801,8.27344764603,9.03502000467e-07,5.97671163849,9.13988424293,0
4,62.8463378862,29.9245145883,9.1397118429,8.27174560558,9.04663725105e-07,5.97671163849,9.13988424293,0
4,62.9149474254,29.9931241275,9.13976588491,8.26715986972,9.05404498786e-07,5.97671163849,9.13988424293,0
4,62.9835569646,30.0617336667,9.13977571863,8.26026317672,9.05583024438e-07,5.97671163849,9.13988424293,0
4,63.0521665038,30.1303432059,9.1398283014,8.25134493325,9.05278661506e-07,5.97671163849,9.13988424293,0
4,63.1207760429,30.198952745,9.13983640291,8.24074867318,9.04732847142e-07,5.97671163849,9.13988424293,0
4,63.1893855821,30.2675622842,9.13988759348,8.22878576364,9.04175823955e-07,5.97671163849,9.13988424293,0
4,63.2579951213,30.3361718234,9.13989402031,8.21571323764,9.03666723406e-07,5.97671163849,9.13988424293,0
4,63.3266046605,30.4047813626,9.13994384246,8.20173995675,9.03112441263e-07,5.97671163849,9.13988424293,0
4,63.3952141996,30.4733909017,9.13994855045,8.18703595015,9.02335779159e-07,5.97671163849,9.13988424293,0
4,63.4638237388,30.5420004409,9.13999698466,8.17173942969,9.01177787566e-07,5.97671163849,9.13988424293,0
4,63.532433278,30.6106099801,9.13999996583,8.15596220281,8.99583756814e-07,5.97671163849,9.13988424293,0
4,63.6010428172,30.6792195193,9.14004702851,8.13979539295,8.97679370864e-07,5.97671163849,9.13988424293,0
4,63.6696523564,30.7478290585,9.14004832289,8.12331230425,8.95684438674e-07,5.97671163849,9.13988424293,0
4,63.7382618955,30.8164385976,9.14009403812,8.10657294991,8.9376186887e-07,5.97671163849,9.13988424293,0
4,63.8068714347,30.8850481368,9.14009360705,8.08962528238,8.91916406238e-07,5.97671163849,9.13988424293,0
4,63.8754809739,30.953657676,9.14013799071,8.07250883952,8.90049680562e-07,5.97671163849,9.13988424293,0
4,63.9440905131,31.0222672152,9.14013581313,8.05525493863,8.88015686011e-07,5.97671163849,9.13988424293,0
4,64.0127000522,31.0908767543,9.14017886096,8.03788969765,8.85685491081e-07,5.97671163849,9.13988424293,0
4,64.0813095914,31.1594862935,9.14017498257,8.02043355687,8.83020394494e-07,5.97671163849,9.13988424293,0
4,64.1499191306,31.2280958327,9.14021674723,8.00290385449,8.80158266092e-07,5.97671163849,9.13988424293,0
4,64.2185286698,31.2967053719,9.1402111262,7.98531390873,8.77327101791e-07,5.97671163849,9.13988424293,0
4,64.2871382089,31.365314911,9.1402515795,7.96767529061,8.74669749465e-07,5.97671163849,9.13988424293,0
4,64.3557477481,31.4339244502,9.14024423101,7.94999663356,8.72139802243e-07,5.97671163849,9.13988424293,0
4,64.4243572873,31.5025339894,9.14028340568,7.93228570929,8.69598511086e-07,5.97671163849,9.13988424293,0
4,64.4929668265,31.5711435286,9.14027434447,7.91454806378,8.66915041639e-07,5.97671163849,9.13988424293,0
4,64.5615763657,31.6397530678,9.14031227569,7.89678896605,8.64013476249e-07,5.97671163849,9.13988424293,0
4,64.6301859048,31.7083626069,9.14030150869,7.87901193295,8.60886665739e-07,5.97671163849,9.13988424293,0
4,64.698795444,31.7769721461,9.14033821678,7.86122058816,8.57656091404e-07,5.97671163849,9.13988424293,0
4,64.7674049832,31.8455816853,9.14032573853,7.84341711139,8.54519504075e-07,5.97671163849,9.13988424293,0
4,64.8360145224,31.9141912245,9.14036120269,7.82560403957,8.51607213031e-07,5.97671163849,9.13988424293,0
4,64.9046240615,31.9828007636,9.14034699824,7.80778266465,8.48867674614e-07,5.97671163849,9.13988424293,0
4,64.9732336007,32.0514103028,9.14038127506,7.78995480157,8.4614691624e-07,5.97671163849,9.13988424293,0
4,65.0418431399,32.120019842,9.14036534013,7.77212115228,8.43308963433e-07,5.97671163849,9.13988424293,0
4,65.1104526791,32.1886293812,9.14039840739,7.75428305535,8.40303985713e-07,5.97671163849,9.13988424293,0
4,65.1790622182,32.2572389204,9.1403807781,7.7364408216,8.37158282022e-07,5.97671163849,9.13988424293,0
4,65.2476717574,32.3258484595,9.1404126494,7.71859547578,8.33989817609e-07,5.97671163849,9.13988424293,0
4,65.3162812966,32.3944579987,9.140393324,7.70074706669,8.30958852612e-07,5.97671163849,9.13988424293,0
4,65.3848908358,32.4630675379,9.14042408413,7.68289640998,8.28166585067e-07,5.97671163849,9.13988424293,0
4,65.453500375,32.5316770771,9.14040307403,7.66504337426,8.25560887215e-07,5.97671163849,9.13988424293,0
4,65.5221099141,32.6002866162,9.14043268351,7.64718863374,8.22992969558e-07,5.97671163849,9.13988424293,0
4,65.5907194533,32.6688961554,9.14040993428,7.62933192985,8.20324502794e-07,5.97671163849,9.13988424293,0
4,65.6593289925,32.7375056946,9.02079739231,7.61147383987,8.175125403e-07,5.97671163849,9.13988424293,0
4,65.7279385317,32.8061152338,8.67909914604,7.59361401097,8.14608392117e-07,5.97671163849,9.13988424293,0
4,65.7965480708,32.8747247729,8.16611684331,7.57575295031,8.1174398439e-07,5.97671163849,9.13988424293,0
6,0,-45.0755709905,8.25942527727,8.25904655063,4.01505591829e-07,6.66875842545,9.84957666721,0
6,0.0670848391939,-45.0084861513,7.6492755432,8.24148022628,4.04755800946e-07,6.66875842545,9.84957666721,0
6,0.134169678388,-44.9414013121,7.13344133361,8.2239135347,4.08843948657e-07,6.66875842545,9.84957666721,0
6,0.201254517582,-44.8743164729,6.7894663407,8.20634544001,4.10616677649e-07,6.66875842545,9.84957666721,0
6,0.268339356776,-44.8072316337,6.66900208268,8.18877680263,4.08087050347e-07,6.66875842545,9.84957666721,0
6,0.335424195969,-44.7401467945,6.66894100265,8.17120653632,4.01523407472e-07,6.66875842545,9.84957666721,0
6,0.402509035163,-44.6730619553,6.66899815939,8.1536354124,3.93271721384e-07,6.66875842545,9.84957666721,0
6,0.469593874357,-44.6059771161,6.66893733822,8.13606227273,3.86416433101e-07,6.66875842545,9.84957666721,0
6,0.536678713551,-44.5388922769,6.66899293977,8.11848777608,3.83062169294e-07,6.66875842545,9.84957666721,0
6,0.603763552745,-44.4718074378,6.66893234862,8.10091066257,3.83171826749e-07,6.66875842545,9.84957666721,0
6,0.670848391939,-44.4047225986,6.66898638869,8.0833314453,3.84619756683e-07,6.66875842545,9.84957666721,0
6,0.737933231133,-44.3376377594,6.66892602848,8.06574871147,3.84398837609e-07,6.66875842545,9.84957666721,0
6,0.805018070327,-44.2705529202,6.66897858281,8.04816277216,3.80311913243e-07,6.66875842545,9.84957666721,0
6,0.87210290952,-44.203468081,6.6689184804,8.03057198751,3.72177324992e-07,6.66875842545,9.84957666721,0
6,0.939187748714,-44.1363832418,6.66896955204,8.01297638083,3.61908131873e-07,6.66875842545,9.84957666721,0
6,1.00627258791,-44.0692984026,6.66890967833,7.9953739723,3.52420726786e-07,6.66875842545,9.84957666721,0
6,1.0733574271,-44.0022135634,6.66895929369,7.97776436577,3.46007189366e-07,6.66875842545,9.84957666721,0
6,1.1404422663,-43.9351287242,6.66889963016,7.96014507264,3.43057727837e-07,6.66875842545,9.84957666721,0
6,1.20752710549,-43.868043885,6.66894775741,7.94251508099,3.41866657456e-07,6.66875842545,9.84957666721,0
6,1.27461194468,-43.8009590458,6.66888833563,7.92487114642,3.39608323794e-07,6.66875842545,9.84957666721,0
6,1.34169678388,-43.7338742066,6.66893510318,7.90721135169,3.33936736425e-07,6.66875842545,9.84957666721,0
6,1.40878162307,-43.6667893674,6.66887595361,7.88953132778,3.2427683255e-07,6.66875842545,9.84957666721,0
6,1.47586646227,-43.5997045282,6.66892137691,7.87182780917,3.12115550835e-07,6.66875842545,9.84957666721,0
6,1.54295130146,-43.532619689,6.66886250825,7.85409474017,3.0014424442e-07,6.66875842545,9.84957666721,0
6,1.61003614065,-43.4655348498,6.66890662842,7.83632683097,2.90764310862e-07,6.66875842545,9.84957666721,0
6,1.67712097985,-43.3984500106,6.66884802355,7.81851548899,2.84755108074e-07,6.66875842545,9.84957666721,0
6,1.74420581904,-43.3313651715,6.66889086008,7.80065238117,2.80851579893e-07,6.66875842545,9.84957666721,0
6,1.81129065823,-43.2642803323,6.66883254961,7.78272510307,2.76457226964e-07,6.66875842545,9.84957666721,0
6,1.87837549743,-43.1971954931,6.66887414681,7.76472074193,2.69119227015e-07,6.66875842545,9.84957666721,0
6,1.94546033662,-43.1301106539,6.66881613299,7.7466211476,2.57903427145e-07,6.66875842545,9.84957666721,0
6,2.01254517582,-43.0630258147,6.66885648799,7.72840647444,2.43898718145e-07,6.66875842545,9.84957666721,0
6,2.07963001501,-42.9959409755,6.66879881194,7.71004985248,2.29567074797e-07,6.66875842545,9.84957666721,0
6,2.1467148542,-42.9288561363,6.66883803209,7.69152088287,2.17359114517e-07,6.66875842545,9.84957666721,0
6,2.2137996934,-42.8617712971,6.66878070934,7.67277942392,2.08359777834e-07,6.66875842545,9.84957666721,0
6,2.28088453259,-42.7946864579,6.66881881169,7.65377902213,2.0171215e-07,6.66875842545,9.84957666721,0
6,2.34796937179,-42.7276016187,6.6687618454,7.63445937599,1.95104403208e-07,6.66875842545,9.84957666721,0
6,2.41505421098,-42.6605167795,6.66879885903,7.61474969137,1.86076305683e-07,6.66875842545,9.84957666721,0
6,2.48213905017,-42.5934319403,6.66874227288,7.59455910246,1.73401715777e-07,6.66875842545,9.84957666721,0
6,2.54922388937,-42.5263471011,6.6687782768,7.57378002504,1.57772662567e-07,6.66875842545,9.84957666721,0
6,2.61630872856,-42.4592622619,6.66872214732,7.5522753457,1.41377995734e-07,6.66875842545,9.84957666721,0
6,2.68339356776,-42.3921774227,6.66875720998,7.52988233184,1.26665013073e-07,6.66875842545,9.84957666721,0
6,2.75047840695,-42.3250925835,6.66870151347,7.50639449435,1.14988281919e-07,6.66875842545,9.84957666721,0
6,2.81756324614,-42.2580077444,6.66873564656,7.48156853943,1.05896876104e-07,6.66875842545,9.84957666721,0
6,2.88464808534,-42.1909229052,6.6686804038,7.45511582437,9.74014731368e-08,6.66875842545,9.84957666721,0
6,2.95173292453,-42.123838066,6.66871365384,7.4268121815,8.70990010968e-08,6.66875842545,9.84957666721,0
6,3.01881776372,-42.0567532268,6.66865891897,7.39629828714,7.35409075353e-08,6.66875842545,9.84957666721,0
6,3.08590260292,-41.9896683876,6.66869138129,7.3627415925,5.70855097416e-08,6.66875842545,9.84957666721,0
6,3.15298744211,-41.9225835484,6.66863720191,7.32500005476,3.9694964684e-08,6.66875842545,9.84957666721,0
6,3.22007228131,-41.8554987092,6.66866893237,7.28188183584,2.38176394209e-08,6.66875842545,9.84957666721,0
6,3.2871571205,-41.78841387,6.66861529782,7.23238246992,1.10259620524e-08,6.66875842545,9.84957666721,0
6,3.35424195969,-41.7213290308,6.66864629146,7.17580651276,1.21166627052e-09,6.66875842545,9.84957666721,0
6,3.42132679889,-41.6542441916,6.66859321538,7.1118254443,-7.28042558765e-09,6.66875842545,9.84957666721,0
6,3.48841163808,-41.5871593524,6.66862358032,7.04046168585,-1.66671228409e-08,6.66875842545,9.84957666721,0
6,3.55549647728,-41.5200745132,6.66857114635,6.96205266636,-2.84231923049e-08,6.66875842545,9.84957666721,0
6,3.62258131647,-41.452989674,6.66860096909,6.87718871316,-4.23479664004e-08,6.66875842545,9.84957666721,0
6,3.68966615566,-41.3859048348,6.66854919039,6.78666377124,-5.65926284069e-08,6.66875842545,9.84957666721,0
6,3.75675099486,-41.3188199956,6.66857847114,6.69148636505,-6.86476077965e-08,6.66875842545,9.84957666721,0
6,3.82383583405,-41.2517351564,6.66852733115,6.59286063539,-7.66955563281e-08,6.66875842545,9.84957666721,0
6,3.89092067324,-41.1846503173,6.66855613142,6.49188940296,-8.04782757321e-08,6.66875842545,9.84957666721,0
6,3.95800551244,-41.1175654781,6.66850562241,6.38945393474,-8.12275661755e-08,6.66875842545,9.84957666721,0
6,4.02509035163,-41.0504806389,6.66853397559,6.28607899749,-8.07346759006e-08,6.66875842545,9.84957666721,0
6,4.09217519083,-40.9833957997,6.66848410672,6.18204539307,-8.00876594426e-08,6.66875842545,9.84957666721,0
6,4.15926003002,-40.9163109605,6.66851204996,6.07755231179,-7.87269310851e-08,6.66875842545,9.84957666721,0
6,4.22634486921,-40.8492261213,6.66846280478,5.97268534995,-7.4406285787e-08,6.66875842545,9.84957666721,0
6,4.29342970841,-40.7821412821,6.66849034802,5.86743416349,-6.41268309162e-08,6.66875842545,9.84957666721,0
6,4.3605145476,-40.7150564429,6.66844170525,5.76169793148,-4.54968502671e-08,6.66875842545,9.84957666721,0
6,4.4275993868,-40.6479716037,6.66846885498,5.65528890964,-1.7603330968e-08,6.66875842545,9.84957666721,0
6,4.49468422599,-40.5808867645,6.6684207248,5.54792521719,1.914506913e-08,6.66875842545,9.84957666721,0
6,4.56176906518,-40.5138019253,6.66844767707,5.43922274846,6.41150735018e-08,6.66875842545,9.84957666721,0
6,4.62885390438,-40.4467170861,6.66840012743,5.32871417084,1.17838233154e-07,6.66875842545,9.84957666721,0
6,4.69593874357,-40.3796322469,6.66842649818,5.21591964567,1.82942971354e-07,6.66875842545,9.84957666721,0
6,4.76302358277,-40.3125474077,6.66837909201,5.10051103022,2.64029097625e-07,6.66875842545,9.84957666721,0
6,4.83010842196,-40.2454625685,6.66840475555,4.98253372552,3.66494632595e-07,6.66875842545,9.84957666721,0
6,4.89719326115,-40.1783777293,6.66835721098,4.86260395415,4.95021143466e-07,6.66875842545,9.84957666721,0
6,4.96427810035,-40.1112928901,6.66838192929,4.7417213398,6.52839841249e-07,6.66875842545,9.84957666721,0
6,5.03136293954,-40.044208051,6.66833396118,4.62087270848,8.4242372214e-07,6.66875842545,9.84957666721,0
6,5.09844777873,-39.9771232118,6.66835722456,4.50108164543,1.06736902095e-06,6.66875842545,9.84957666721,0
6,5.16553261793,-39.9100383726,6.66830794277,4.38340946376,1.33443494836e-06,6.66875842545,9.84957666721,0
6,5.23261745712,-39.8429535334,6.66832899756,4.26892488983,1.65460368282e-06,6.66875842545,9.84957666721,0
6,5.29970229632,-39.7758686942,6.66827750497,4.15866323641,2.04242507732e-06,6.66875842545,9.84957666721,0
6,5.36678713551,-39.708783855,6.66829540031,4.05359113936,2.51393722087e-06,6.66875842545,9.84957666721,0
6,5.4338719747,-39.6416990158,6.66824039548,3.95456117574,3.08452490909e-06,6.66875842545,9.84957666721,0
6,5.5009568139,-39.5746141766,6.66825365735,3.86227031451,3.76858033575e-06,6.66875842545,9.84957666721,0
6,5.56804165309,-39.5075293374,6.6681931705,3.77721268199,4.58194954269e-06,6.66875842545,9.84957666721,0
6,5.63512649229,-39.4404444982,6.66819956875,3.69964281096,5.54651244576e-06,6.66875842545,9.84957666721,0
6,5.70221133148,-39.373359659,6.6681308179,3.62954745109,6.6947702278e-06,6.66875842545,9.84957666721,0
6,5.76929617067,-39.3062748198,6.66812727774,3.56664431273,8.07207299674e-06,6.66875842545,9.84957666721,0
6,5.83638100987,-39.2391899806,6.66804640528,3.51047270554,9.73512740697e-06,6.66875842545,9.84957666721,0
6,5.90346584906,-39.1721051414,6.66802853265,3.46092932861,1.17476873296e-05,6.66875842545,9.84957666721,0
6,5.97055068826,-39.1050203022,6.66792997801,3.4182587187,1.41767094304e-05,6.66875842545,9.84957666721,0
6,6.03763552745,-39.037935463,6.66789125336,3.38244712108,1.70932549167e-05,6.66875842545,9.84957666721,0
6,6.10472036664,-38.9708506239,6.66776685235,3.35299734008,2.05805231934e-05,6.66875842545,9.84957666721,0
6,6.17180520584,-38.9037657847,6.66769779552,3.32895940963,2.47475485022e-05,6.66875842545,9.84957666721,0
6,6.23889004503,-38.8366809455,6.66753591935,3.30916661432,2.97434303635e-05,6.66875842545,9.84957666721,0
6,6.30597488422,-38.7695961063,6.66742296533,3.29224248613,3.57659860421e-05,6.66875842545,9.84957666721,0
6,6.37305972342,-38.7025112671,6.66720698607,3.27675526024,4.30611515799e-05,6.66875842545,9.84957666721,0
6,6.44014456261,-38.6354264279,6.6670305064,3.26165873178,5.19151784332e-05,6.66875842545,9.84957666721,0
6,6.50722940181,-38.5683415887,6.66673613051,3.24642806398,6.26481622034e-05,6.66875842545,9.84957666721,0
6,6.574314241,-38.5012567495,6.66646712866,3.23063420584,7.56207168636e-05,6.66875842545,9.84957666721,0
6,6.64139908019,-38.4341719103,6.66605871775,3.21344316762,9.12617686668e-05,6.66875842545,9.84957666721,0
6,6.70848391939,-38.3670870711,6.66565474127,3.19366110152,0.000110115464301,6.66875842545,9.84957666721,0
6,6.77556875858,-38.3000022319,6.66508041037,3.16999135801,0.000132894365591,6.66875842545,9.84957666721,0
6,6.84265359778,-38.2329173927,6.6644796403,3.14128991076,0.00016052146517,6.66875842545,9.84957666721,0
6,6.90973843697,-38.1658325535,6.66366383119,3.10671650865,0.000194148973366,6.66875842545,9.84957666721,0
6,6.97682327616,-38.0987477143,6.66277546814,3.06581095832,0.000235157348842,6.66875842545,9.84957666721,0
6,7.04390811536,-38.0316628751,6.66160666605,3.01849076275,0.000285157558187,6.66875842545,9.84957666721,0
6,7.11099295455,-37.9645780359,6.6602959297,2.96502038805,0.000346032047097,6.66875842545,9.84957666721,0
6,7.17807779374,-37.8974931968,6.6586086095,2.9059492083,0.00042004391614,6.66875842545,9.84957666721,0
6,7.24516263294,-37.8304083576,6.6566754251,2.84205553738,0.000510018079462,6.66875842545,9.84957666721,0
6,7.31224747213,-37.7633235184,6.65422464614,2.77428337276,0.000619564836824,6.66875842545,9.84957666721,0
6,7.37933231133,-37.6962386792,6.65137289401,2.7036965897,0.000753295784642,6.66875842545,9.84957666721,0
6,7.44641715052,-37.62915384,6.64779579475,2.63142375104,0.000916990843401,6.66875842545,9.84957666721,0
6,7.51350198971,-37.5620690008,6.64358476478,2.55861530037,0.00111771820829,6.66875842545,9.84957666721,0
6,7.58058682891,-37.4949841616,6.63833913941,2.48638921665,0.00136397202382,6.66875842545,9.84957666721,0
6,7.6476716681,-37.4278993224,6.63210735173,2.41579477595,0.00166594322326,6.66875842545,9.84957666721,0
6,7.7147565073,-37.3608144832,6.62437825051,2.34778394124,0.00203603908989,6.66875842545,9.84957666721,0
6,7.78184134649,-37.293729644,6.6151307324,2.28327314043,0.00248970074455,6.66875842545,9.84957666721,0
6,7.84892618568,-37.2266448048,6.60369330767,2.22295614974,0.00304645941939,6.66875842545,9.84957666721,0
6,7.91601102488,-37.1595599656,6.58993408376,2.16706702051,0.00373108183975,6.66875842545,9.84957666721,0
6,7.98309586407,-37.0924751264,6.57294426279,2.11527346268,0.00457464702004,6.66875842545,9.84957666721,0
6,8.05018070327,-37.0253902872,6.55241393426,2.06660833747,0.00561550822566,6.66875842545,9.84957666721,0
6,8.11726554246,-36.958305448,6.52707690188,2.01971111959,0.00690030193154,6.66875842545,9.84957666721,0
6,8.18435038165,-36.8912206088,6.49634112291,1.97291050202,0.00848537394815,6.66875842545,9.84957666721,0
6,8.25143522085,-36.8241357696,6.45840204043,1.92433854525,0.0104390557751,6.66875842545,9.84957666721,0
6,8.31852006004,-36.7570509305,6.41223439354,1.87215687881,0.0128450280771,6.66875842545,9.84957666721,0
6,8.38560489923,-36.6899660913,6.35522373963,1.81487016723,0.015806559962,6.66875842545,9.84957666721,0
6,8.45268973843,-36.6228812521,6.28569452783,1.75162657703,0.0194508726758,6.66875842545,9.84957666721,0
6,8.51977457762,-36.5557964129,6.19979980902,1.68224992282,0.0239324997826,6.66875842545,9.84957666721,0
6,8.58685941682,-36.4887115737,6.09491100425,1.60682767132,0.0294345421519,6.66875842545,9.84957666721,0
6,8.65394425601,-36.4216267345,5.96527377054,1.52565763288,0.0361672247347,6.66875842545,9.84957666721,0
6,8.7210290952,-36.3545418953,5.80697433901,1.4392895445,0.0443639391309,6.66875842545,9.84957666721,0
6,8.7881139344,-36.2874570561,5.61123220982,1.34847111381,0.0542754595376,6.66875842545,9.84957666721,0
6,8.85519877359,-36.2203722169,5.37289868997,1.25410314956,0.066162596553,6.66875842545,9.84957666721,0
6,8.92228361279,-36.1532873777,5.07790881458,1.1571912768,0.0802858854993,6.66875842545,9.84957666721,0
6,8.98936845198,-36.0862025385,4.74659554728,1.05880122092,0.0968884113388,6.66875842545,9.84957666721,0
6,9.05645329117,-36.0191176993,4.36376009985,0.960020273697,0.116132763803,6.66875842545,9.84957666721,0
6,9.12353813037,-35.9520328601,3.82831034937,0.861911003554,0.137874836391,6.66875842545,9.84957666721,0
6,9.19062296956,-35.8849480209,3.08178256742,0.765479148313,0.16155466058,6.66875842545,9.84957666721,0
6,9.25770780875,-35.8178631817,2.11280142935,0.671631687056,0.18625658087,6.66875842545,9.84957666721,0
6,9.32479264795,-35.7507783425,0.957415200119,0.581241735142,0.210826240907,6.66875842545,9.84957666721,0
6,9.39187748714,-35.6836935034,-0.328423450119,0.494968404952,0.234031351229,6.66875842545,9.84957666721,0
6,9.45896232634,-35.6166086642,-1.67602375903,0.412843429153,0.254755524243,6.66875842545,9.84957666721,0
6,9.52604716553,-35.549523825,-3.02178514399,0.334360105451,0.272205328891,6.66875842545,9.84957666721,0
6,9.59313200472,-35.4824389858,-4.30710987023,0.258697327678,0.286093727194,6.66875842545,9.84957666721,0
6,9.66021684392,-35.4153541466,-5.48619540928,0.184940980572,0.296750153125,6.66875842545,9.84957666721,0
6,9.72730168311,-35.3482693074,-6.52328860497,0.112207326125,0.305103512613,6.66875842545,9.84957666721,0
6,9.79438652231,-35.2811844682,-7.38098115705,0.0397299555804,0.31251681033,6.66875842545,9.84957666721,0
6,9.8614713615,-35.214099629,-8.01206055817,-0.0331088997398,0.320489619795,6.66875842545,9.84957666721,0
6,9.92855620069,-35.1470147898,-8.44069599375,-0.106746398065,0.330294924779,6.66875842545,9.84957666721,0
6,9.99564103989,-35.0799299506,-8.70261890517,-0.18143848435,0.342644233158,6.66875842545,9.84957666721,0
6,10.0627258791,-35.0128451114,-8.87005509769,-0.257251384164,0.357508262709,6.66875842545,9.84957666721,0
6,10.1298107183,-34.9457602722,-8.99010053747,-0.334086026227,0.374654796745,6.66875842545,9.84957666721,0
6,10.1968955575,-34.878675433,-9.07170803109,-0.411469395073,0.394418143981,6.66875842545,9.84957666721,0
6,10.2639803967,-34.8115905938,-9.137542527,-0.48851551861,0.417708308461,6.66875842545,9.84957666721,0
6,10.3310652359,-34.7445057546,-9.20468067269,-0.56405714626,0.445815825737,6.66875842545,9.84957666721,0
6,10.3981500751,-34.6774209154,-9.28934151381,-0.636804311816,0.480128161885,6.66875842545,9.84957666721,0
6,10.4652349142,-34.6103360763,-9.40724017958,-0.705615339919,0.521786207128,6.66875842545,9.84957666721,0
6,10.5323197534,-34.5432512371,-9.57492788625,-0.769469925268,0.571314983013,6.66875842545,9.84957666721,0
6,10.5994045926,-34.4761663979,-9.81186941197,-0.827474134933,0.62827561181,6.66875842545,9.84957666721,0
6,10.6664894318,-34.4090815587,-10.1341427164,-0.878908563737,0.69099275066,6.66875842545,9.84957666721,0
6,10.733574271,-34.3419967195,-10.5477140148,-0.923290827022,0.756421831483,6.66875842545,9.84957666721,0
6,10.8006591102,-34.2749118803,-11.0276017935,-0.960432015886,0.820225076958,6.66875842545,9.84957666721,0
6,10.8677439494,-34.2078270411,-11.5095904927,-0.990492760157,0.877090122998,6.66875842545,9.84957666721,0
6,10.9348287886,-34.1407422019,-11.8800795247,-1.01400619089,0.921295843627,6.66875842545,9.84957666721,0
6,11.0019136278,-34.0736573627,-12.0589818009,-1.03186270684,0.94748999203,6.66875842545,9.84957666721,0
6,11.068998467,-34.0065725235,-12.0621417546,-1.04521443536,0.951632167519,6.66875842545,9.84957666721,0
6,11.1360833062,-33.9394876843,-11.8801829435,-1.05529538529,0.931718178483,6.66875842545,9.84957666721,0
6,11.2031681454,-33.8724028451,-11.5054193946,-1.06315579713,0.888132075562,6.66875842545,9.84957666721,0
6,11.2702529846,-33.8053180059,-10.9361563758,-1.06942547073,0.823614535307,6.66875842545,9.84957666721,0
6,11.3373378238,-33.7382331667,-10.1781542924,-1.07440017571,0.742856263189,6.66875842545,9.84957666721,0
6,11.404422663,-33.6711483275,-9.24339887307,-1.07844237281,0.651809521,6.66875842545,9.84957666721,0
6,11.4715075022,-33.6040634883,-8.15214328145,-1.08192321695,0.556867870516,6.66875842545,9.84957666721,0
6,11.5385923413,-33.5369786491,-6.93219382958,-1.08519109859,0.464072692178,6.66875842545,9.84957666721,0
6,11.6056771805,-33.46989381,-5.62000788969,-1.08856588025,0.378482037474,6.66875842545,9.84957666721,0
6,11.6727620197,-33.4028089708,-4.25902694806,-1.09236806046,0.303758881128,6.66875842545,9.84957666721,0
6,11.7398468589,-33.3357241316,-2.89806745633,-1.09689746218,0.241997707138,6.66875842545,9.84957666721,0
6,11.8069316981,-33.2686392924,-1.5866372203,-1.10246102779,0.193752053026,6.66875842545,9.84957666721,0
6,11.8740165373,-33.2015544532,-0.370293173865,-1.10936752659,0.158231845916,6.66875842545,9.84957666721,0
6,11.9411013765,-33.134469614,0.714331024121,-1.118093881,0.133638815753,6.66875842545,9.84957666721,0
6,12.0081862157,-33.0673847748,1.63981837672,-1.12910618025,0.117613305933,6.66875842545,9.84957666721,0
6,12.0752710549,-33.0002999356,2.39181279608,-1.14251081518,0.107753416616,6.66875842545,9.84957666721,0
6,12.1423558941,-32.9332150964,2.95600758513,-1.15830740738,0.10213810288,6.66875842545,9.84957666721,0
6,12.2094407333,-32.8661302572,3.33457831337,-1.17642120274,0.0997474699817,6.66875842545,9.84957666721,0
6,12.2765255725,-32.799045418,3.59136397458,-1.19679761932,0.100281569602,6.66875842545,9.84957666721,0
6,12.3436104117,-32.7319605788,3.76265031081,-1.21945526005,0.103528698301,6.66875842545,9.84957666721,0
6,12.4106952509,-32.6648757396,3.88647540597,-1.24438732229,0.109318999884,6.66875842545,9.84957666721,0
6,12.4777800901,-32.5977909004,3.94459026733,-1.27174127018,0.117569410859,6.66875842545,9.84957666721,0
6,12.5448649293,-32.5307060612,3.92127934716,-1.30215706255,0.128285688845,6.66875842545,9.84957666721,0
6,12.6119497684,-32.463621222,3.83493951955,-1.33659159782,0.141520703949,6.66875842545,9.84957666721,0
6,12.6790346076,-32.3965363829,3.59930798108,-1.37606225735,0.157207632148,6.66875842545,9.84957666721,0
6,12.7461194468,-32.3294515437,3.14311340833,-1.42140124827,0.174984278717,6.66875842545,9.84957666721,0
6,12.813204286,-32.2623667045,2.44579246971,-1.47313357202,0.194169024594,6.66875842545,9.84957666721,0
6,12.8802891252,-32.1952818653,1.53590557251,-1.53141052332,0.213808103622,6.66875842545,9.84957666721,0
6,12.9473739644,-32.1281970261,0.469207337802,-1.59602223622,0.23278915753,6.66875842545,9.84957666721,0
6,13.0144588036,-32.0611121869,-0.683883585705,-1.66642544142,0.250016742254,6.66875842545,9.84957666721,0
6,13.0815436428,-31.9940273477,-1.85422385696,-1.741800612,0.264624622665,6.66875842545,9.84957666721,0
6,13.148628482,-31.9269425085,-2.97782918704,-1.82109941894,0.276173657171,6.66875842545,9.84957666721,0
6,13.2157133212,-31.8598576693,-4.00279498663,-1.90309603648,0.284770138011,6.66875842545,9.84957666721,0
6,13.2827981604,-31.7927728301,-4.88696944264,-1.98642817862,0.29104861568,6.66875842545,9.84957666721,0
6,13.3498829996,-31.7256879909,-5.60037248473,-2.06963940934,0.296000878373,6.66875842545,9.84957666721,0
6,13.4169678388,-31.6586031517,-6.12060474783,-2.15122054343,0.300686289088,6.66875842545,9.84957666721,0
6,13.484052678,-31.5915183125,-6.43590091944,-2.22963801385,0.30590768362,6.66875842545,9.84957666721,0
6,13.5511375172,-31.5244334733,-6.54152052469,-2.30338085279,0.311954991729,6.66875842545,9.84957666721,0
6,13.6182223564,-31.4573486341,-6.4435481671,-2.37103669406,0.318502941975,6.66875842545,9.84957666721,0
6,13.6853071956,-31.3902637949,-6.15351127384,-2.43144385868,0.324699950813,6.66875842545,9.84957666721,0
6,13.7523920347,-31.3231789558,-5.69356584924,-2.4837464123,0.329422917715,6.66875842545,9.84957666721,0
6,13.8194768739,-31.2560941166,-5.06207433729,-2.52767394547,0.331618770255,6.66875842545,9.84957666721,0
6,13.8865617131,-31.1890092774,-4.29583795363,-2.56340656024,0.330625635678,6.66875842545,9.84957666721,0
6,13.9536465523,-31.1219244382,-3.48137402632,-2.5912700358,0.326375330086,6.66875842545,9.84957666721,0
6,14.0207313915,-31.054839599,-2.71848049835,-2.61195559845,0.319417160611,6.66875842545,9.84957666721,0
6,14.0878162307,-30.9877547598,-2.13409163242,-2.62646801425,0.310975512251,6.66875842545,9.84957666721,0
6,14.1549010699,-30.9206699206,-1.79416939106,-2.6360690137,0.303490400901,6.66875842545,9.84957666721,0
6,14.2219859091,-30.8535850814,-1.75711092968,-2.6420281073,0.300444992076,6.66875842545,9.84957666721,0
6,14.2890707483,-30.7865002422,-2.06246514945,-2.64539932789,0.30566672065,6.66875842545,9.84957666721,0
6,14.3561555875,-30.719415403,-2.70952019721,-2.64675617092,0.322601359723,6.66875842545,9.84957666721,0
6,14.4232404267,-30.6523305638,-3.6389857976,-2.64637731096,0.353682868295,6.66875842545,9.84957666721,0
6,14.4903252659,-30.5852457246,-4.73116411767,-2.64458128429,0.399865136406,6.66875842545,9.84957666721,0
6,14.5574101051,-30.5181608854,-5.84628142293,-2.64167479197,0.460352969574,6.66875842545,9.84957666721,0
6,14.6244949443,-30.4510760462,-6.94714537312,-2.63789645966,0.532640952895,6.66875842545,9.84957666721,0
6,14.6915797835,-30.383991207,-7.99753925657,-2.63344678886,0.612712311948,6.66875842545,9.84957666721,0
6,14.7586646227,-30.3169063678,-8.94869566511,-2.62846995787,0.695285623995,6.66875842545,9.84957666721,0
6,14.8257494618,-30.2498215286,-9.76489542421,-2.62308600239,0.774244641593,6.66875842545,9.84957666721,0
6,14.892834301,-30.1827366895,-10.4179971104,-2.61736502738,0.843251203406,6.66875842545,9.84957666721,0
6,14.9599191402,-30.1156518503,-10.8885346659,-2.61136599471,0.896494138813,6.66875842545,9.84957666721,0
6,15.0270039794,-30.0485670111,-11.165733291,-2.60510915773,0.929454467322,6.66875842545,9.84957666721,0
6,15.0940888186,-29.9814821719,-11.2447270113,-2.59871601082,0.939544685086,6.66875842545,9.84957666721,0
6,15.1611736578,-29.9143973327,-11.1306260171,-2.59212764313,0.926485089169,6.66875842545,9.84957666721,0
6,15.228258497,-29.8473124935,-10.8318076945,-2.58491663611,0.892331903083,6.66875842545,9.84957666721,0
6,15.2953433362,-29.7802276543,-10.3712117885,-2.57677527294,0.841150811489,6.66875842545,9.84957666721,0
6,15.3624281754,-29.7131428151,-9.74847935529,-2.56765148359,0.778408542889,6.66875842545,9.84957666721,0
6,15.4295130146,-29.6460579759,-8.9901376305,-2.55772347107,0.710191182392,6.66875842545,9.84957666721,0
6,15.4965978538,-29.5789731367,-8.22421829705,-2.54729938187,0.642290078502,6.66875842545,9.84957666721,0
6,15.563682693,-29.5118882975,-7.55178109295,-2.53674211905,0.579461247414,6.66875842545,9.84957666721,0
6,15.6307675322,-29.4448034583,-7.03178704848,-2.52640694628,0.525007685928,6.66875842545,9.84957666721,0
6,15.6978523714,-29.3777186191,-6.67974248246,-2.51660911757,0.480601302303,6.66875842545,9.84957666721,0
6,15.7649372106,-29.3106337799,-6.4904832599,-2.5076100988,0.446324589157,6.66875842545,9.84957666721,0
6,15.8320220498,-29.2435489407,-6.4416560696,-2.49961323416,0.420906070448,6.66875842545,9.84957666721,0
6,15.8991068889,-29.1764641015,-6.50694121176,-2.49280175046,0.402127749006,6.66875842545,9.84957666721,0
6,15.9661917281,-29.1093792624,-6.65269915168,-2.48729629006,0.387372705511,6.66875842545,9.84957666721,0
6,16.0332765673,-29.0422944232,-6.84701216757,-2.48309972064,0.374244676085,6.66875842545,9.84957666721,1
6,16.1003614065,-28.975209584,-7.05258316122,-2.48016718527,0.361147486494,6.66875842545,9.84957666721,1
6,16.1674462457,-28.9081247448,-7.24868497865,-2.47837459667,0.347696923816,6.66875842545,9.84957666721,1
6,16.2345310849,-28.8410399056,-7.36366026038,-2.47763186497,0.334701246768,6.66875842545,9.84957666721,1
6,16.3016159241,-28.7739550664,-7.31745979915,-2.47783186334,0.323179463619,6.66875842545,9.84957666721,1
6,16.3687007633,-28.7068702272,-7.05910338432,-2.47882825903,0.313657192145,6.66875842545,9.84957666721,1
6,16.4357856025,-28.639785388,-6.55863164793,-2.4804465306,0.306007786185,6.66875842545,9.84957666721,1
6,16.5028704417,-28.5727005488,-5.85222692654,-2.48247679803,0.299472791878,6.66875842545,9.84957666721,1
6,16.5699552809,-28.5056157096,-4.95982901682,-2.48466868781,0.292853528189,6.66875842545,9.84957666721,1
6,16.6370401201,-28.4385308704,-3.9032929387,-2.48673671278,0.28482157751,6.66875842545,9.84957666721,1
6,16.7041249593,-28.3714460312,-2.71323570006,-2.48837281091,0.274253886225,6.66875842545,9.84957666721,1
6,16.7712097985,-28.304361192,-1.43251312005,-2.48929196454,0.260493736273,6.66875842545,9.84957666721,1
6,16.8382946377,-28.2372763528,-0.113436479909,-2.48929222202,0.24347632884,6.66875842545,9.84957666721,1
6,16.9053794769,-28.1701915136,1.17999018409,-2.4883540922,0.223705227086,6.66875842545,9.84957666721,1
6,16.9724643161,-28.1031066744,2.37988764682,-2.48670414754,0.202114893601,6.66875842545,9.84957666721,1
6,17.0395491552,-28.0360218353,3.41901500267,-2.48480981946,0.179872776019,6.66875842545,9.84957666721,1
6,17.1066339944,-27.9689369961,4.24719247648,-2.48302003971,0.158174348529,6.66875842545,9.84957666721,1
6,17.1737188336,-27.9018521569,4.84530846734,-2.48129491055,0.138065227234,6.66875842545,9.84957666721,1
6,17.2408036728,-27.8347673177,5.24418297389,-2.47964646916,0.120307388629,6.66875842545,9.84957666721,1
6,17.307888512,-27.7676824785,5.52637209865,-2.4781198941,0.105296547397,6.66875842545,9.84957666721,1
6,17.3749733512,-27.7005976393,5.76675581497,-2.47675000207,0.0930654876458,6.66875842545,9.84957666721,1
6,17.4420581904,-27.6335128001,5.93856133398,-2.4755545459,0.0834872681688,6.66875842545,9.84957666721,1
6,17.5091430296,-27.5664279609,6.04270079529,-2.47453948854,0.076424980198,6.66875842545,9.84957666721,1
6,17.5762278688,-27.4993431217,6.08308389109,-2.47369281661,0.0717676767299,6.66875842545,9.84957666721,1
6,17.643312708,-27.4322582825,6.06665977366,-2.47298998679,0.0694544779593,6.66875842545,9.84957666721,1
6,17.7103975472,-27.3651734433,5.99096741736,-2.47238873811,0.0694947217679,6.66875842545,9.84957666721,1
6,17.7774823864,-27.2980886041,5.86230558408,-2.47183674904,0.0719813124281,6.66875842545,9.84957666721,1
6,17.8445672256,-27.2310037649,5.67634807094,-2.47127042231,0.0770874529702,6.66875842545,9.84957666721,1
6,17.9116520648,-27.1639189257,5.44133134468,-2.47062738822,0.0850330105566,6.66875842545,9.84957666721,1
6,17.978736904,-27.0968340865,5.11706717872,-2.46984825191,0.0960240230496,6.66875842545,9.84957666721,1
6,18.0458217432,-27.0297492473,4.69471105812,-2.46888822166,0.110835610154,6.66875842545,9.84957666721,1
6,18.1129065823,-26.9626644081,4.2603613046,-2.46771182306,0.132378258424,6.66875842545,9.84957666721,1
6,18.1799914215,-26.895579569,3.82466643614,-2.46630238327,0.165444417915,6.66875842545,9.84957666721,1
6,18.2470762607,-26.8284947298,3.40469989072,-2.46463727767,0.215456857299,6.66875842545,9.84957666721,1
6,18.3141610999,-26.7614098906,2.99726336982,-2.46275044118,0.287015844291,6.66875842545,9.84957666721,1
6,18.3812459391,-26.6943250514,2.58246547271,-2.46072520157,0.382535718395,6.66875842545,9.84957666721,1
6,18.4483307783,-26.6272402122,2.17295193117,-2.45860384312,0.501212088181,6.66875842545,9.84957666721,1
6,18.5154156175,-26.560155373,1.75034000136,-2.45642527492,0.638480696522,6.66875842545,9.84957666721,1
6,18.5825004567,-26.4930705338,1.20988966216,-2.45413906068,0.785994497275,6.66875842545,9.84957666721,1
6,18.6495852959,-26.4259856946,0.491886716979,-2.45175846732,0.932350635666,6.66875842545,9.84957666721,1
6,18.7166701351,-26.3589008554,-0.417023805828,-2.44925750504,1.06455288039,6.66875842545,9.84957666721,1
6,18.7837549743,-26.2918160162,-1.48135597601,-2.44647365615,1.1698785504,6.66875842545,9.84957666721,1
6,18.8508398135,-26.224731177,-2.64538227569,-2.4433110457,1.23784148074,6.66875842545,9.84957666721,1
6,18.9179246527,-26.1576463378,-3.83950520831,-2.43975480498,1.26188789588,6.66875842545,9.84957666721,1
6,18.9850094919,-26.0905614986,-4.99805086587,-2.4358758515,1.24049135513,6.66875842545,9.84957666721,1
6,19.0520943311,-26.0234766594,-6.05947906424,-2.43178144592,1.17742378356,6.66875842545,9.84957666721,1
6,19.1191791703,-25.9563918202,-6.97365880002,-2.42760254407,1.08113631897,6.66875842545,9.84957666721,1
6,19.1862640094,-25.889306981,-7.69870379439,-2.42346064988,0.963361006849,6.66875842545,9.84957666721,1
6,19.2533488486,-25.8222221419,-8.20231035521,-2.41946857682,0.837196841859,6.66875842545,9.84957666721,1
6,19.3204336878,-25.7551373027,-8.45959316169,-2.4157140144,0.715056277662,6.66875842545,9.84957666721,1
6,19.387518527,-25.6880524635,-8.45294420703,-2.41226942146,0.606826622778,6.66875842545,9.84957666721,1
6,19.4546033662,-25.6209676243,-8.17333704522,-2.40918379375,0.518616609684,6.66875842545,9.84957666721,1
6,19.5216882054,-25.5538827851,-7.61533002505,-2.40649449035,0.452248513866,6.66875842545,9.84957666721,1
6,19.5887730446,-25.4867979459,-6.7827879299,-2.40421835243,0.405589927604,6.66875842545,9.84957666721,1
6,19.6558578838,-25.4197131067,-5.68903009157,-2.40236125475,0.373616894903,6.66875842545,9.84957666721,1
6,19.722942723,-25.3526282675,-4.38460614134,-2.40091039074,0.349991004264,6.66875842545,9.84957666721,1
6,19.7900275622,-25.2855434283,-2.91318716399,-2.3998436996,0.328827739948,6.66875842545,9.84957666721,1
6,19.8571124014,-25.2184585891,-1.39284550758,-2.39911987118,0.30628450857,6.66875842545,9.84957666721,1
6,19.9241972406,-25.1513737499,0.0850529260134,-2.39869433629,0.281374735296,6.66875842545,9.84957666721,1
6,19.9912820798,-25.0842889107,1.51242660478,-2.39849948246,0.254655818368,6.66875842545,9.84957666721,1
6,20.058366919,-25.0172040715,2.812530447,-2.39846205333,0.227035113651,6.66875842545,9.84957666721,1
6,20.1254517582,-24.9501192323,3.92997693189,-2.39848392723,0.199582022928,6.66875842545,9.84957666721,1
6,20.1925365974,-24.8830343931,4.80994986513,-2.39845686508,0.173372680034,6.66875842545,9.84957666721,1
6,20.2596214366,-24.8159495539,5.45039037877,-2.39826230461,0.149336609054,6.66875842545,9.84957666721,1
6,20.3267062757,-24.7488647148,5.8832040743,-2.39779040922,0.128129980799,6.66875842545,9.84957666721,1
6,20.3937911149,-24.6817798756,6.20627298256,-2.39695933883,0.110052243268,6.66875842545,9.84957666721,1
6,20.4608759541,-24.6146950364,6.47991739763,-2.39575401709,0.0950597746585,6.66875842545,9.84957666721,1
6,20.5279607933,-24.5476101972,6.68294017216,-2.39424091099,0.082978768901,6.66875842545,9.84957666721,1
6,20.5950456325,-24.480525358,6.81614082009,-2.39257624733,0.0736333150103,6.66875842545,9.84957666721,1
6,20.6621304717,-24.4134405188,6.89093338677,-2.39087096973,0.066872733692,6.66875842545,9.84957666721,1
6,20.7292153109,-24.3463556796,6.90940215789,-2.38909266584,0.0625859937632,6.66875842545,9.84957666721,1
6,20.7963001501,-24.2792708404,6.87848968177,-2.3872477043,0.0607096168912,6.66875842545,9.84957666721,1
6,20.8633849893,-24.2121860012,6.79612502991,-2.38534823398,0.0612312679432,6.66875842545,9.84957666721,1
6,20.9304698285,-24.145101162,6.66575682878,-2.383406017,0.0641898969132,6.66875842545,9.84957666721,1
6,20.9975546677,-24.0780163228,6.4806264731,-2.38142797493,0.0696726004951,6.66875842545,9.84957666721,1
6,21.0646395069,-24.0109314836,6.24144759782,-2.37942019916,0.0778078631017,6.66875842545,9.84957666721,1
6,21.1317243461,-23.9438466444,5.93470949522,-2.37738498552,0.0887537508254,6.66875842545,9.84957666721,1
6,21.1988091853,-23.8767618052,5.58222801488,-2.37532439921,0.102677788985,6.66875842545,9.84957666721,1
6,21.2658940245,-23.809676966,5.17696501144,-2.37323680634,0.119697348252,6.66875842545,9.84957666721,1
6,21.3329788637,-23.7425921268,4.62359033893,-2.37112182731,0.139653156263,6.66875842545,9.84957666721,1
6,21.4000637028,-23.6755072876,3.85766230015,-2.36897510421,0.16197450771,6.66875842545,9.84957666721,1
6,21.467148542,-23.6084224485,2.86764789311,-2.36681024968,0.185731773238,6.66875842545,9.84957666721,1
6,21.5342333812,-23.5413376093,1.68477663008,-2.36460374551,0.209750553829,6.66875842545,9.84957666721,1
6,21.6013182204,-23.4742527701,0.366980276568,-2.36231023065,0.232770451319,6.66875842545,9.84957666721,1
6,21.6684030596,-23.4071679309,-1.01984902928,-2.35991175229,0.253637022218,6.66875842545,9.84957666721,1
6,21.7354878988,-23.3400830917,-2.4087806884,-2.3574092363,0.271507532143,6.66875842545,9.84957666721,1
6,21.802572738,-23.2729982525,-3.74337084282,-2.35482566657,0.286035960798,6.66875842545,9.84957666721,1
6,21.8696575772,-23.2059134133,-4.97471890187,-2.35218948661,0.297489055184,6.66875842545,9.84957666721,1
6,21.9367424164,-23.1388285741,-6.06560603809,-2.34953558924,0.306740788147,6.66875842545,9.84957666721,1
6,22.0038272556,-23.0717437349,-6.95599591038,-2.34689409204,0.315119788087,6.66875842545,9.84957666721,1
6,22.0709120948,-23.0046588957,-7.63944935827,-2.34429446138,0.324119038993,6.66875842545,9.84957666721,1
6,22.137996934,-22.9375740565,-8.14587513767,-2.34175872086,0.335025406563,6.66875842545,9.84957666721,1
6,22.2050817732,-22.8704892173,-8.52530341305,-2.33930795985,0.348564210288,6.66875842545,9.84957666721,1
6,22.2721666124,-22.8034043781,-8.84057268567,-2.33695267379,0.364958416467,6.66875842545,9.84957666721,1
6,22.3392514516,-22.7363195389,-9.09755867795,-2.33470826233,0.384680387101,6.66875842545,9.84957666721,1
6,22.4063362908,-22.6692346997,-9.31015165956,-2.33257692948,0.408574169992,6.66875842545,9.84957666721,1
6,22.4734211299,-22.6021498605,-9.49148215567,-2.33056536306,0.437671414055,6.66875842545,9.84957666721,1
6,22.5405059691,-22.5350650214,-9.65135155003,-2.328671001,0.472992810983,6.66875842545,9.84957666721,1
6,22.6075908083,-22.4679801822,-9.7978514977,-2.3268901691,0.515334993401,6.66875842545,9.84957666721,1
6,22.6746756475,-22.400895343,-9.94092392141,-2.3252143747,0.565031614975,6.66875842545,9.84957666721,1
6,22.7417604867,-22.3338105038,-10.0946723042,-2.32363168371,0.621687793077,6.66875842545,9.84957666721,1
6,22.8088453259,-22.2667256646,-10.279388994,-2.32212363047,0.683919120474,6.66875842545,9.84957666721,1
6,22.8759301651,-22.1996408254,-10.5157478766,-2.32066943753,0.74916193284,6.66875842545,9.84957666721,1
6,22.9430150043,-22.1325559862,-10.8155326529,-2.3192406061,0.813636896663,6.66875842545,9.84957666721,1
6,23.0100998435,-22.065471147,-11.1629684598,-2.31780840963,0.872539416036,6.66875842545,9.84957666721,1
6,23.0771846827,-21.9983863078,-11.5019092229,-2.31633962994,0.9204800308,6.66875842545,9.84957666721,1
6,23.1442695219,-21.9313014686,-11.7277541954,-2.3148092166,0.952141529221,6.66875842545,9.84957666721,1
6,23.2113543611,-21.8642166294,-11.7559465045,-2.31319845972,0.963066388369,6.66875842545,9.84957666721,1
6,23.2784392003,-21.7971317902,-11.604101481,-2.31151362727,0.950510325303,6.66875842545,9.84957666721,1
6,23.3455240395,-21.730046951,-11.2689831188,-2.3097792262,0.914002721474,6.66875842545,9.84957666721,1
6,23.4126088787,-21.6629621118,-10.745768651,-2.30804701607,0.855466709617,6.66875842545,9.84957666721,1
6,23.4796937179,-21.5958772726,-10.0361430222,-2.30633360799,0.778946899558,6.66875842545,9.84957666721,1
6,23.5467785571,-21.5287924334,-9.14981743166,-2.30463261447,0.69001254023,6.66875842545,9.84957666721,1
6,23.6138633962,-21.4617075943,-8.10254563972,-2.30295496027,0.594971430119,6.66875842545,9.84957666721,1
6,23.6809482354,-21.3946227551,-6.9196352797,-2.30130835447,0.500054707857,6.66875842545,9.84957666721,1
6,23.7480330746,-21.3275379159,-5.63304393706,-2.2997024842,0.410720406514,6.66875842545,9.84957666721,1
6,23.8151179138,-21.2604530767,-4.2842438056,-2.2981455814,0.331161563832,6.66875842545,9.84957666721,1
6,23.882202753,-21.1933682375,-2.91906781016,-2.29664135997,0.264047404696,6.66875842545,9.84957666721,1
6,23.9492875922,-21.1262833983,-1.58782012184,-2.29519490817,0.210479036639,6.66875842545,9.84957666721,1
6,24.0163724314,-21.0591985591,-0.336614189635,-2.29383112033,0.170125619033,6.66875842545,9.84957666721,1
6,24.0834572706,-20.9921137199,0.793724098486,-2.29260256682,0.141507838104,6.66875842545,9.84957666721,1
6,24.1505421098,-20.9250288807,1.77394118659,-2.29141284435,0.122406739811,6.66875842545,9.84957666721,1
6,24.217626949,-20.8579440415,2.58369938294,-2.290186308,0.110363898144,6.66875842545,9.84957666721,1
6,24.2847117882,-20.7908592023,3.21316604907,-2.28889392537,0.1032167018,6.66875842545,9.84957666721,1
6,24.3517966274,-20.7237743631,3.64838076148,-2.2875101408,0.0995818535054,6.66875842545,9.84957666721,1
6,24.4188814666,-20.6566895239,3.93854873055,-2.28604354813,0.098981150483,6.66875842545,9.84957666721,1
6,24.4859663058,-20.5896046847,4.13424083322,-2.28449978749,0.101193922795,6.66875842545,9.84957666721,1
6,24.553051145,-20.5225198455,4.26965799459,-2.28289548156,0.106021143832,6.66875842545,9.84957666721,1
6,24.6201359842,-20.4554350063,4.35664808288,-2.28122258452,0.113339837765,6.66875842545,9.84957666721,1
6,24.6872208233,-20.3883501671,4.35595511928,-2.27947343908,0.123120304433,6.66875842545,9.84957666721,1
6,24.7543056625,-20.321265328,4.29471822927,-2.27764645688,0.135404386424,6.66875842545,9.84957666721,1
6,24.8213905017,-20.2541804888,4.12837193477,-2.27574721383,0.150201568124,6.66875842545,9.84957666721,1
6,24.8884753409,-20.1870956496,3.76340993244,-2.2737842558,0.167275862564,6.66875842545,9.84957666721,1
6,24.9555601801,-20.1200108104,3.16094535501,-2.27176838899,0.186068225633,6.66875842545,9.84957666721,1
6,25.0226450193,-20.0529259712,2.32809772219,-2.26970893777,0.205720084634,6.66875842545,9.84957666721,1
6,25.0897298585,-19.985841132,1.3134853357,-2.26761458094,0.225160999338,6.66875842545,9.84957666721,1
6,25.1568146977,-19.9187562928,0.181316849521,-2.26549099665,0.243261746264,6.66875842545,9.84957666721,1
6,25.2238995369,-19.8516714536,-0.996001694121,-2.26334287686,0.259036912179,6.66875842545,9.84957666721,1
6,25.2909843761,-19.7845866144,-2.15310884176,-2.26117213664,0.271856531063,6.66875842545,9.84957666721,1
6,25.3580692153,-19.7175017752,-3.23145963943,-2.25898048277,0.281605772305,6.66875842545,9.84957666721,1
6,25.4251540545,-19.650416936,-4.18601268555,-2.25676690851,0.288727921052,6.66875842545,9.84957666721,1
6,25.4922388937,-19.5833320968,-4.98071103186,-2.25452958709,0.294115325012,6.66875842545,9.84957666721,1
6,25.5593237329,-19.5162472576,-5.5911392872,-2.25226074353,0.298858675257,6.66875842545,9.84957666721,1
6,25.6264085721,-19.4491624184,-6.00017659944,-2.24994955144,0.30392219817,6.66875842545,9.84957666721,1
6,25.6934934113,-19.3820775792,-6.20105533615,-2.24758480928,0.309844091169,6.66875842545,9.84957666721,1
6,25.7605782504,-19.31499274,-6.19498650628,-2.24518321861,0.316560871489,6.66875842545,9.84957666721,1
6,25.8276630896,-19.2479079009,-5.99171436734,-2.24277053572,0.323417023195,6.66875842545,9.84957666721,1
6,25.8947479288,-19.1808230617,-5.60958612355,-2.24040809359,0.329360563973,6.66875842545,9.84957666721,1
6,25.961832768,-19.1137382225,-5.04792984182,-2.23819348494,0.333263874986,6.66875842545,9.84957666721,1
6,26.0289176072,-19.0466533833,-4.33290574419,-2.23607125865,0.334267303496,6.66875842545,9.84957666721,1
6,26.0960024464,-18.9795685441,-3.54896743949,-2.23400521754,0.332036410566,6.66875842545,9.84957666721,1
6,26.1630872856,-18.9124837049,-2.78762692194,-2.23198244515,0.326853379039,6.66875842545,9.84957666721,1
6,26.2301721248,-18.8453988657,-2.17633798547,-2.22999521659,0.319688142477,6.66875842545,9.84957666721,1
6,26.297256964,-18.7783140265,-1.78219555421,-2.22803313837,0.312759233598,6.66875842545,9.84957666721,1
6,26.3643418032,-18.7112291873,-1.66584238978,-2.22609453777,0.309451693199,6.66875842545,9.84957666721,1
6,26.4314266424,-18.6441443481,-1.87341769409,-2.22418177321,0.31362431185,6.66875842545,9.84957666721,1
6,26.4985114816,-18.5770595089,-2.42160281398,-2.22230962829,0.328864637288,6.66875842545,9.84957666721,1
6,26.5655963208,-18.5099746697,-3.27045668636,-2.22047575431,0.357829771297,6.66875842545,9.84957666721,1
6,26.63268116,-18.4428898305,-4.32641883679,-2.21867551702,0.401746401827,6.66875842545,9.84957666721,1
6,26.6997659992,-18.3758049913,-5.4386206811,-2.21691148638,0.460098006528,6.66875842545,9.84957666721,1
6,26.7668508384,-18.3087201521,-6.52721854592,-2.21518335533,0.530572989,6.66875842545,9.84957666721,1
6,26.8339356776,-18.2416353129,-7.57211768121,-2.21349289941,0.609292737848,6.66875842545,9.84957666721,1
6,26.9010205167,-18.1745504738,-8.52386458202,-2.21184105532,0.691078948818,6.66875842545,9.84957666721,1
6,26.9681053559,-18.1074656346,-9.34587047433,-2.21022970714,0.769869122048,6.66875842545,9.84957666721,1
6,27.0351901951,-18.0403807954,-10.0080907461,-2.20866078216,0.839314711147,6.66875842545,9.84957666721,1
6,27.1022750343,-17.9732959562,-10.4903908881,-2.2071366164,0.893522644668,6.66875842545,9.84957666721,1
6,27.1693598735,-17.906211117,-10.7803801793,-2.20566054437,0.927825300329,6.66875842545,9.84957666721,1
6,27.2364447127,-17.8391262778,-10.8727155789,-2.20423060183,0.939438219969,6.66875842545,9.84957666721,1
6,27.3035295519,-17.7720414386,-10.7709104699,-2.20284372616,0.927865805855,6.66875842545,9.84957666721,1
6,27.3706143911,-17.7049565994,-10.4831667637,-2.20152182846,0.894963238005,6.66875842545,9.84957666721,1
6,27.4376992303,-17.6378717602,-10.0305131393,-2.20029972042,0.844640549888,6.66875842545,9.84957666721,1
6,27.5047840695,-17.570786921,-9.42014271863,-2.19919359785,0.782275066956,6.66875842545,9.84957666721,1
6,27.5718689087,-17.5037020818,-8.66271447568,-2.19819812437,0.713946908371,6.66875842545,9.84957666721,1
6,27.6389537479,-17.4366172426,-7.87649642137,-2.19729228229,0.645541106004,6.66875842545,9.84957666721,1
6,27.7060385871,-17.3695324034,-7.17338851391,-2.19644733457,0.581960145642,6.66875842545,9.84957666721,1
6,27.7731234263,-17.3024475642,-6.61903336268,-2.19563240941,0.526673193894,6.66875842545,9.84957666721,1
6,27.8402082655,-17.235362725,-6.23684580627,-2.19481896987,0.481512161923,6.66875842545,9.84957666721,1
6,27.9072931047,-17.1682778858,-6.02363361069,-2.19398245123,0.446690783977,6.66875842545,9.84957666721,1
6,27.9743779438,-17.1011930466,-5.9598085483,-2.19310287315,0.421019836903,6.66875842545,9.84957666721,1
6,28.041462783,-17.0341082075,-6.01806996846,-2.19215697493,0.402299636339,6.66875842545,9.84957666721,1
6,28.1085476222,-16.9670233683,-6.16541274235,-2.19112907979,0.387861330469,6.66875842545,9.84957666721,1
6,28.1756324614,-16.8999385291,-6.36832192673,-2.19002508768,0.375193473034,6.66875842545,9.84957666721,1
6,28.2427173006,-16.8328536899,-6.58914335242,-2.18886484112,0.362545126528,6.66875842545,9.84957666721,1
6,28.3098021398,-16.7657688507,-6.80550953846,-2.18767556448,0.349373652367,6.66875842545,9.84957666721,1
6,28.376886979,-16.6986840115,-6.95182801581,-2.18647349757,0.336401222836,6.66875842545,9.84957666721,1
6,28.4439718182,-16.6315991723,-6.94272554945,-2.18526203229,0.32469750337,6.66875842545,9.84957666721,1
6,28.5110566574,-16.5645143331,-6.72741656271,-2.1840461383,0.314899739534,6.66875842545,9.84957666721,1
6,28.5781414966,-16.4974294939,-6.26886551608,-2.18282905518,0.307015533098,6.66875842545,9.84957666721,1
6,28.6452263358,-16.4303446547,-5.60089643431,-2.18161260405,0.300406203622,6.66875842545,9.84957666721,1
6,28.712311175,-16.3632598155,-4.7436766093,-2.18039789217,0.293945466013,6.66875842545,9.84957666721,1
6,28.7793960142,-16.2961749763,-3.71805236438,-2.17918741302,0.286312403326,6.66875842545,9.84957666721,1
6,28.8464808534,-16.2290901371,-2.5521122696,-2.17798570123,0.276329466669,6.66875842545,9.84957666721,1
6,28.9135656926,-16.1620052979,-1.28777979256,-2.17679930034,0.263243968667,6.66875842545,9.84957666721,1
6,28.9806505318,-16.0949204587,0.0256104734655,-2.17563299518,0.246881617658,6.66875842545,9.84957666721,1
6,29.0477353709,-16.0278356195,1.32427902066,-2.17448416788,0.227650153399,6.66875842545,9.84957666721,1
6,29.1148202101,-15.9607507804,2.54216766783,-2.1733353265,0.206418888513,6.66875842545,9.84957666721,1
6,29.1819050493,-15.8936659412,3.60917515326,-2.17214976184,0.184327430805,6.66875842545,9.84957666721,1
6,29.2489898885,-15.826581102,4.47290438405,-2.17088494416,0.162578687961,6.66875842545,9.84957666721,1
6,29.3160747277,-15.7594962628,5.10500137426,-2.16952565245,0.142254183491,6.66875842545,9.84957666721,1
6,29.3831595669,-15.6924114236,5.5292229282,-2.16807487983,0.124172206204,6.66875842545,9.84957666721,1
6,29.4502444061,-15.6253265844,5.81689518296,-2.16653193288,0.108796362679,6.66875842545,9.84957666721,1
6,29.5173292453,-15.5582417452,6.05768703797,-2.16489664742,0.096216006463,6.66875842545,9.84957666721,1
6,29.5844140845,-15.491156906,6.23435465912,-2.16317317136,0.0863193235631,6.66875842545,9.84957666721,1
6,29.6514989237,-15.4240720668,6.34013702213,-2.16136847493,0.0789746141455,6.66875842545,9.84957666721,1
6,29.7185837629,-15.3569872276,6.38048533449,-2.15949397846,0.0740756148468,6.66875842545,9.84957666721,1
6,29.7856686021,-15.2899023884,6.36200671694,-2.15756441319,0.0715674227174,6.66875842545,9.84957666721,1
6,29.8527534413,-15.2228175492,6.28242054113,-2.15559897401,0.0714665386678,6.66875842545,9.84957666721,1
6,29.9198382805,-15.15573271,6.14932649202,-2.15361948349,0.0738717921521,6.66875842545,9.84957666721,1
6,29.9869231197,-15.0886478708,5.95779960766,-2.15165030483,0.0789561091017,6.66875842545,9.84957666721,1
6,30.0540079589,-15.0215630316,5.71591968062,-2.14971496945,0.0869260718943,6.66875842545,9.84957666721,1
6,30.1210927981,-14.9544781924,5.37150415944,-2.14783498271,0.0979877722787,6.66875842545,9.84957666721,1
6,30.1881776372,-14.8873933533,4.9476520485,-2.14602673374,0.113258308516,6.66875842545,9.84957666721,1
6,30.2552624764,-14.8203085141,4.52108138518,-2.14430189316,0.136119439191,6.66875842545,9.84957666721,1
6,30.3223473156,-14.7532236749,4.09619627975,-2.14266635482,0.171608090816,6.66875842545,9.84957666721,1
6,30.3894321548,-14.6861388357,3.692260296,-2.14112484224,0.225096821995,6.66875842545,9.84957666721,1
6,30.456516994,-14.6190539965,3.29938278567,-2.13966642288,0.300836808254,6.66875842545,9.84957666721,1
6,30.5236018332,-14.5519691573,2.8994836768,-2.13826483453,0.400645209431,6.66875842545,9.84957666721,1
6,30.5906866724,-14.4848843181,2.49952035845,-2.13689614126,0.522968893756,6.66875842545,9.84957666721,1
6,30.6577715116,-14.4177994789,2.09463072573,-2.13554681775,0.6624764657,6.66875842545,9.84957666721,1
6,30.7248563508,-14.3507146397,1.58182059384,-2.13421998315,0.810193319173,6.66875842545,9.84957666721,1
6,30.79194119,-14.2836298005,0.895310208518,-2.13292073711,0.954340479876,6.66875842545,9.84957666721,1
6,30.8590260292,-14.2165449613,0.0158116056861,-2.13165231327,1.08189635622,6.66875842545,9.84957666721,1
6,30.9261108684,-14.1494601221,-1.02485418827,-2.13042475835,1.18049823005,6.66875842545,9.84957666721,1
6,30.9931957076,-14.0823752829,-2.1730611229,-2.1292511785,1.24036902164,6.66875842545,9.84957666721,1
6,31.0602805468,-14.0152904437,-3.35923697434,-2.12813421866,1.25589857107,6.66875842545,9.84957666721,1
6,31.127365386,-13.9482056045,-4.5173447912,-2.12706778614,1.22657222426,6.66875842545,9.84957666721,1
6,31.1944502252,-13.8811207653,-5.58441212347,-2.12603977085,1.15706206448,6.66875842545,9.84957666721,1
6,31.2615350643,-13.8140359261,-6.50937565367,-2.12503552933,1.05645716626,6.66875842545,9.84957666721,1
6,31.3286199035,-13.746951087,-7.24884623798,-2.12404037008,0.936776131653,6.66875842545,9.84957666721,1
6,31.3957047427,-13.6798662478,-7.7699154538,-2.12304091974,0.811042002775,6.66875842545,9.84957666721,1
6,31.4627895819,-13.6127814086,-8.04635198408,-2.12202610135,0.691280417349,6.66875842545,9.84957666721,1
6,31.5298744211,-13.5456965694,-8.0599573626,-2.12098703025,0.586782717328,6.66875842545,9.84957666721,1
6,31.5969592603,-13.4786117302,-7.79978115986,-2.1199172036,0.502968966633,6.66875842545,9.84957666721,1
6,31.6640440995,-13.411526891,-7.25951965327,-2.11881194896,0.440998002109,6.66875842545,9.84957666721,1
6,31.7311289387,-13.3444420518,-6.44106815743,-2.11766868879,0.39819671366,6.66875842545,9.84957666721,1
6,31.7982137779,-13.2773572126,-5.3620807785,-2.11648660437,0.369203816207,6.66875842545,9.84957666721,1
6,31.8652986171,-13.2102723734,-4.07243317904,-2.1152668751,0.347596344247,6.66875842545,9.84957666721,1
6,31.9323834563,-13.1431875342,-2.61795495885,-2.11401243518,0.32766925047,6.66875842545,9.84957666721,1
6,31.9994682955,-13.076102695,-1.12909032038,-2.11272316219,0.305976855023,6.66875842545,9.84957666721,1
6,32.0665531347,-13.0090178558,0.336901136813,-2.11140037714,0.281835272458,6.66875842545,9.84957666721,1
6,32.1336379739,-12.9419330166,1.76186192438,-2.11005793536,0.25575355,6.66875842545,9.84957666721,1
6,32.2007228131,-12.8748481774,3.06811528961,-2.10872121169,0.228588803074,6.66875842545,9.84957666721,1
6,32.2678076523,-12.8077633382,4.19802239795,-2.10742152668,0.201398397811,6.66875842545,9.84957666721,1
6,32.3348924914,-12.740678499,5.09573636655,-2.10618433646,0.17527515129,6.66875842545,9.84957666721,1
6,32.4019773306,-12.6735936599,5.75295219838,-2.10502407343,0.151184215869,6.66875842545,9.84957666721,1
6,32.4690621698,-12.6065088207,6.19667217146,-2.10394983951,0.129828309475,6.66875842545,9.84957666721,1
6,32.536147009,-12.5394239815,6.51843083516,-2.10296648106,0.111557870545,6.66875842545,9.84957666721,1
6,32.6032318482,-12.4723391423,6.79009971288,-2.10206700212,0.0963666305332,6.66875842545,9.84957666721,1
6,32.6703166874,-12.4052543031,6.99392999437,-2.10123273976,0.0840909326212,6.66875842545,9.84957666721,1
6,32.7374015266,-12.3381694639,7.12625888102,-2.1004313627,0.0745589818069,6.66875842545,9.84957666721,1
6,32.8044863658,-12.2710846247,7.1998412662,-2.09963470127,0.0676223194978,6.66875842545,9.84957666721,1
6,32.871571205,-12.2039997855,7.21623164064,-2.09882177123,0.0631710865562,6.66875842545,9.84957666721,1
6,32.9386560442,-12.1369149463,7.18293108373,-2.09798021781,0.0611421863817,6.66875842545,9.84957666721,1
6,33.0057408834,-12.0698301071,7.09771488692,-2.09709552536,0.0615229628164,6.66875842545,9.84957666721,1
6,33.0728257226,-12.0027452679,6.96432745958,-2.09615651888,0.0643515272557,6.66875842545,9.84957666721,1
6,33.1399105618,-11.9356604287,6.77600460118,-2.09515408408,0.0697139547789,6.66875842545,9.84957666721,1
6,33.206995401,-11.8685755895,6.53361785592,-2.09408250803,0.0777379138819,6.66875842545,9.84957666721,1
6,33.2740802402,-11.8014907503,6.2237068861,-2.09293752998,0.0885811795868,6.66875842545,9.84957666721,1
6,33.3411650794,-11.7344059111,5.86774939738,-2.09171832347,0.102411700971,6.66875842545,9.84957666721,1
6,33.4082499186,-11.6673210719,5.45973928392,-2.09042485197,0.119348874293,6.66875842545,9.84957666721,1
6,33.4753347577,-11.6002362328,4.9046604213,-2.08906140831,0.139237869129,6.66875842545,9.84957666721,1
6,33.5424195969,-11.5331513936,4.1375489657,-2.0876302651,0.161512153208,6.66875842545,9.84957666721,1
6,33.6095044361,-11.4660665544,3.14642544877,-2.0861393042,0.185245104879,6.66875842545,9.84957666721,1
6,33.6765892753,-11.3989817152,1.96220832157,-2.08460241371,0.209263802372,6.66875842545,9.84957666721,1
6,33.7436741145,-11.331896876,0.642641858369,-2.08303973071,0.232307427323,6.66875842545,9.84957666721,1
6,33.8107589537,-11.2648120368,-0.74638015001,-2.08147323243,0.25321879584,6.66875842545,9.84957666721,1
6,33.8778437929,-11.1977271976,-2.13794641872,-2.07991839669,0.271149749496,6.66875842545,9.84957666721,1
6,33.9449286321,-11.1306423584,-3.47548252369,-2.07838789633,0.285746241862,6.66875842545,9.84957666721,1
6,34.0120134713,-11.0635575192,-4.71007655969,-2.07689022279,0.297265214914,6.66875842545,9.84957666721,1
6,34.0790983105,-10.99647268,-5.80438421704,-2.07543188923,0.306570841299,6.66875842545,9.84957666721,1
6,34.1461831497,-10.9293878408,-6.69840533472,-2.07401581182,0.314984244559,6.66875842545,9.84957666721,1
6,34.2132679889,-10.8623030016,-7.3854661553,-2.07264280053,0.323995325653,6.66875842545,9.84957666721,1
6,34.2803528281,-10.7952181624,-7.8955089506,-2.07131029638,0.334893349655,6.66875842545,9.84957666721,1
6,34.3474376673,-10.7281333232,-8.27833701637,-2.07001641556,0.348410961405,6.66875842545,9.84957666721,1
6,34.4145225065,-10.661048484,-8.59686581865,-2.06875118302,0.364780672597,6.66875842545,9.84957666721,1
6,34.4816073457,-10.5939636448,-8.85681415671,-2.06749419046,0.384484278363,6.66875842545,9.84957666721,1
6,34.5486921848,-10.5268788056,-9.07207161836,-2.06622356477,0.408373287995,6.66875842545,9.84957666721,1
6,34.615777024,-10.4597939665,-9.25559280503,-2.06492590428,0.437482941677,6.66875842545,9.84957666721,1
6,34.6828618632,-10.3927091273,-9.41720300153,-2.06359996572,0.472833165867,6.66875842545,9.84957666721,1
6,34.7499467024,-10.3256242881,-9.5648033691,-2.06225293007,0.515216400271,6.66875842545,9.84957666721,1
6,34.8170315416,-10.2585394489,-9.70836521011,-2.06088862446,0.564960412892,6.66875842545,9.84957666721,1
6,34.8841163808,-10.1914546097,-9.86183359915,-2.05950987819,0.621664613196,6.66875842545,9.84957666721,1
6,34.95120122,-10.1243697705,-10.0456101546,-2.05812132918,0.683940379186,6.66875842545,9.84957666721,1
6,35.0182860592,-10.0572849313,-10.2803744042,-2.05672919578,0.749221913708,6.66875842545,9.84957666721,1
6,35.0853708984,-9.9902000921,-10.5782557593,-2.05534116452,0.813729762851,6.66875842545,9.84957666721,1
6,35.1524557376,-9.9231152529,-10.9238239535,-2.05396637488,0.872660804001,6.66875842545,9.84957666721,1
6,35.2195405768,-9.85603041371,-11.2615373638,-2.05261412571,0.920628118312,6.66875842545,9.84957666721,1
6,35.286625416,-9.78894557452,-11.487169144,-2.05129322339,0.952317545121,6.66875842545,9.84957666721,1
6,35.3537102552,-9.72186073532,-11.5154271591,-2.05000898793,0.963273685988,6.66875842545,9.84957666721,1
6,35.4207950944,-9.65477589613,-11.3633942805,-2.04876230791,0.95075156281,6.66875842545,9.84957666721,1
6,35.4878799336,-9.58769105693,-11.028434676,-2.04754609011,0.914277886374,6.66875842545,9.84957666721,1
6,35.5549647728,-9.52060621774,-10.5054221013,-2.04635139225,0.855771605589,6.66875842545,9.84957666721,1
6,35.6220496119,-9.45352137855,-9.79629636904,-2.04517375344,0.779272273987,6.66875842545,9.84957666721,1
6,35.6891344511,-9.38643653935,-8.91052182279,-2.04401141961,0.690344116359,6.66875842545,9.84957666721,1
6,35.7562192903,-9.31935170016,-7.86406837548,-2.04286712486,0.595290958424,6.66875842545,9.84957666721,1
6,35.8233041295,-9.25226686097,-6.68199665522,-2.04173861179,0.500341935017,6.66875842545,9.84957666721,1
6,35.8903889687,-9.18518202177,-5.39645272834,-2.04062658181,0.410955592583,6.66875842545,9.84957666721,1
6,35.9574738079,-9.11809718258,-4.04864448606,-2.0395292811,0.331328021156,6.66875842545,9.84957666721,1
6,36.0245586471,-9.05101234338,-2.68457681086,-2.03844702984,0.264133434473,6.66875842545,9.84957666721,1
6,36.0916434863,-8.98392750419,-1.35427640535,-2.03737753959,0.210478793273,6.66875842545,9.84957666721,1
6,36.1587283255,-8.916842665,-0.104034387359,-2.03632698918,0.170038672238,6.66875842545,9.84957666721,1
6,36.2258131647,-8.8497578258,1.0256043434,-2.03529220588,0.141337568952,6.66875842545,9.84957666721,1
6,36.2928980039,-8.78267298661,2.00519140735,-2.03426561529,0.1221580551,6.66875842545,9.84957666721,1
6,36.3599828431,-8.71558814741,2.814679225,-2.03323248885,0.110040965417,6.66875842545,9.84957666721,1
6,36.4270676823,-8.64850330822,3.44403065626,-2.03218815052,0.102821399634,6.66875842545,9.84957666721,1
6,36.4941525215,-8.58141846903,3.87959494403,-2.03112702092,0.0991133841789,6.66875842545,9.84957666721,1
6,36.5612373607,-8.51433362983,4.17024479134,-2.03004874638,0.0984371695572,6.66875842545,9.84957666721,1
6,36.6283221999,-8.44724879064,4.36702047103,-2.02895009008,0.100571405478,6.66875842545,9.84957666721,1
6,36.6954070391,-8.38016395144,4.50373040288,-2.02784035397,0.105316105574,6.66875842545,9.84957666721,1
6,36.7624918782,-8.31307911225,4.59298755522,-2.02670728105,0.112547169518,6.66875842545,9.84957666721,1
6,36.8295767174,-8.24599427306,4.59406565583,-2.02552881655,0.122234052278,6.66875842545,9.84957666721,1
6,36.8966615566,-8.17890943386,4.53389761218,-2.02429754329,0.134419067502,6.66875842545,9.84957666721,1
6,36.9637463958,-8.11182459467,4.37386821662,-2.02301420291,0.1491204936,6.66875842545,9.84957666721,1
6,37.030831235,-8.04473975548,4.0191373366,-2.02169002898,0.16611890524,6.66875842545,9.84957666721,1
6,37.0979160742,-7.97765491628,3.42793432405,-2.02033819548,0.184871417657,6.66875842545,9.84957666721,1
6,37.1650009134,-7.91057007709,2.60489925386,-2.01897480626,0.204532452419,6.66875842545,9.84957666721,1
6,37.2320857526,-7.84348523789,1.59711253135,-2.01761328051,0.224038467847,6.66875842545,9.84957666721,1
6,37.2991705918,-7.7764003987,0.468180289587,-2.01626672955,0.242258071495,6.66875842545,9.84957666721,1
6,37.366255431,-7.70931555951,-0.709552401546,-2.01494439445,0.25819282761,6.66875842545,9.84957666721,1
6,37.4333402702,-7.64223072031,-1.87029104788,-2.01365488627,0.271189677214,6.66875842545,9.84957666721,1
6,37.5004251094,-7.57514588112,-2.95500948622,-2.01240338439,0.28110496321,6.66875842545,9.84957666721,1
6,37.5675099486,-7.50806104192,-3.91799463624,-2.01119488803,0.2883547949,6.66875842545,9.84957666721,1
6,37.6345947878,-7.44097620273,-4.72272233623,-2.01003076758,0.293814428337,6.66875842545,9.84957666721,1
6,37.701679627,-7.37389136354,-5.34421184978,-2.00891179358,0.298573885187,6.66875842545,9.84957666721,1
6,37.7687644662,-7.30680652434,-5.76497179662,-2.00783461284,0.30361462286,6.66875842545,9.84957666721,1
6,37.8358493053,-7.23972168515,-5.9776667318,-2.00679708425,0.309505645796,6.66875842545,9.84957666721,1
6,37.9029341445,-7.17263684596,-5.98317917313,-2.00579593208,0.316218792365,6.66875842545,9.84957666721,1
6,37.9700189837,-7.10555200676,-5.79070403532,-2.00482986365,0.323127604517,6.66875842545,9.84957666721,1
6,38.0371038229,-7.03846716757,-5.41849723266,-2.00390193448,0.329194010706,6.66875842545,9.84957666721,1
6,38.1041886621,-6.97138232837,-4.86617841121,-2.00300831737,0.333285045976,6.66875842545,9.84957666721,1
6,38.1712735013,-6.90429748918,-4.15788218819,-2.00213554514,0.334518302607,6.66875842545,9.84957666721,1
6,38.2383583405,-6.83721264999,-3.3773827181,-2.00126315143,0.332525965192,6.66875842545,9.84957666721,1
6,38.3054431797,-6.77012781079,-2.61513968245,-2.00037609798,0.327555440541,6.66875842545,9.84957666721,1
6,38.3725280189,-6.7030429716,-1.99851493355,-1.99946105618,0.320536559121,6.66875842545,9.84957666721,1
6,38.4396128581,-6.6359581324,-1.59609347353,-1.99850843027,0.313640499575,6.66875842545,9.84957666721,1
6,38.5066976973,-6.56887329321,-1.46801312119,-1.99751934785,0.310225280576,6.66875842545,9.84957666721,1
6,38.5737825365,-6.50178845402,-1.66180893148,-1.99650355992,0.314147743721,6.66875842545,9.84957666721,1
6,38.6408673757,-6.43470361482,-2.19570096947,-1.99548507755,0.329016760515,6.66875842545,9.84957666721,1
6,38.7079522149,-6.36761877563,-3.03283756662,-1.99446943643,0.357529221054,6.66875842545,9.84957666721,1
6,38.7750370541,-6.30053393643,-4.08242176057,-1.99344948782,0.400964253331,6.66875842545,9.84957666721,1
6,38.8421218933,-6.23344909724,-5.19468091298,-1.99243032521,0.458863696753,6.66875842545,9.84957666721,1
6,38.9092067324,-6.16636425805,-6.28322627256,-1.9914118949,0.528966627314,6.66875842545,9.84957666721,1
6,38.9762915716,-6.09927941885,-7.32903843692,-1.99039728614,0.607434129118,6.66875842545,9.84957666721,1
6,39.0433764108,-6.03219457966,-8.28305738527,-1.98938702285,0.689118327335,6.66875842545,9.84957666721,1
6,39.11046125,-5.96510974047,-9.10836012049,-1.98838319862,0.767973184495,6.66875842545,9.84957666721,1
6,39.1775460892,-5.89802490127,-9.77446577576,-1.98738658196,0.83764806447,6.66875842545,9.84957666721,1
6,39.2446309284,-5.83094006208,-10.26116395,-1.9863985791,0.892226883829,6.66875842545,9.84957666721,1
6,39.3117157676,-5.76385522288,-10.5555136303,-1.98542060057,0.92699929165,6.66875842545,9.84957666721,1
6,39.3788006068,-5.69677038369,-10.6522553527,-1.98445112137,0.939123566575,6.66875842545,9.84957666721,1
6,39.445885446,-5.6296855445,-10.5542024275,-1.98349316535,0.928040760363,6.66875842545,9.84957666721,1
6,39.5129702852,-5.5626007053,-10.2698561155,-1.98255021203,0.895546498455,6.66875842545,9.84957666721,1
6,39.5800551244,-5.49551586611,-9.81916298408,-1.98162756925,0.845504180166,6.66875842545,9.84957666721,1
6,39.6471399636,-5.42843102691,-9.21239859133,-1.98073040723,0.783263896835,6.66875842545,9.84957666721,1
6,39.7142248028,-5.36134618772,-8.45545868844,-1.97985705347,0.714903130956,6.66875842545,9.84957666721,1
6,39.781309642,-5.29426134853,-7.66190640843,-1.97900431376,0.646336983214,6.66875842545,9.84957666721,1
6,39.8483944812,-5.22717650933,-6.94739033571,-1.97816537102,0.582516279627,6.66875842545,9.84957666721,1
6,39.9154793204,-5.16009167014,-6.38024024933,-1.97733445413,0.52696504089,6.66875842545,9.84957666721,1
6,39.9825641596,-5.09300683094,-5.98678733109,-1.97650458651,0.481568250483,6.66875842545,9.84957666721,1
6,40.0496489987,-5.02592199175,-5.76485403468,-1.97567122367,0.446583480068,6.66875842545,9.84957666721,1
6,40.1167338379,-4.95883715256,-5.6957278901,-1.97482893926,0.420849161135,6.66875842545,9.84957666721,1
6,40.1838186771,-4.89175231336,-5.75193220032,-1.97397290159,0.40217180801,6.66875842545,9.84957666721,1
6,40.2509035163,-4.82466747417,-5.90044488907,-1.97310165835,0.387864942901,6.66875842545,9.84957666721,1
6,40.3179883555,-4.75758263498,-6.10728650828,-1.9722138285,0.375377870634,6.66875842545,9.84957666721,1
6,40.3850731947,-4.69049779578,-6.33446435752,-1.97131500253,0.36290696511,6.66875842545,9.84957666721,1
6,40.4521580339,-4.62341295659,-6.55906321586,-1.97040870135,0.349855711499,6.66875842545,9.84957666721,1
6,40.5192428731,-4.55632811739,-6.71713785497,-1.96949831622,0.336914815709,6.66875842545,9.84957666721,1
6,40.5863277123,-4.4892432782,-6.72189626964,-1.96858640783,0.3251680113,6.66875842545,9.84957666721,1
6,40.6534125515,-4.42215843901,-6.52224975532,-1.96767239177,0.315289173466,6.66875842545,9.84957666721,1
6,40.7204973907,-4.35507359981,-6.0792661806,-1.96675821351,0.30733187923,6.66875842545,9.84957666721,1
6,40.7875822299,-4.28798876062,-5.42555387868,-1.96584339657,0.300699829197,6.66875842545,9.84957666721,1
6,40.8546670691,-4.22090392142,-4.5815483568,-1.96492927238,0.29429359062,6.66875842545,9.84957666721,1
6,40.9217519083,-4.15381908223,-3.56746059676,-1.96401570407,0.286796695948,6.66875842545,9.84957666721,1
6,40.9888367475,-4.08673424304,-2.41076025468,-1.96310470497,0.277013858975,6.66875842545,9.84957666721,1
6,41.0559215867,-4.01964940384,-1.15270777237,-1.9621968399,0.264159114601,6.66875842545,9.84957666721,1
6,41.1230064258,-3.95256456465,0.15814417355,-1.961294096,0.248019017741,6.66875842545,9.84957666721,1
6,41.190091265,-3.88547972546,1.4584917704,-1.96039476376,0.228966132522,6.66875842545,9.84957666721,1
6,41.2571761042,-3.81839488626,2.6826652975,-1.9594963403,0.207845002476,6.66875842545,9.84957666721,1
6,41.3242609434,-3.75131004707,3.7600103196,-1.95858954134,0.185783767681,6.66875842545,9.84957666721,1
6,41.3913457826,-3.68422520787,4.63708041615,-1.9576691851,0.163986756039,6.66875842545,9.84957666721,1
6,41.4584306218,-3.61714036868,5.28271291372,-1.95673013501,0.14354756047,6.66875842545,9.84957666721,1
6,41.525515461,-3.55005552949,5.71772068393,-1.95577111822,0.125304122692,6.66875842545,9.84957666721,1
6,41.5926003002,-3.48297069029,6.00954665928,-1.95479375316,0.109744140469,6.66875842545,9.84957666721,1
6,41.6596851394,-3.4158858511,6.25161375086,-1.95379709793,0.0969782470141,6.66875842545,9.84957666721,1
6,41.7267699786,-3.3488010119,6.4320179287,-1.95278245805,0.0868998707408,6.66875842545,9.84957666721,1
6,41.7938548178,-3.28171617271,6.54060580566,-1.95175090487,0.079376770801,6.66875842545,9.84957666721,1
6,41.860939657,-3.21463133352,6.58380092246,-1.95070496807,0.0743003952592,6.66875842545,9.84957666721,1
6,41.9280244962,-3.14754649432,6.5676846377,-1.94964749742,0.0716122017458,6.66875842545,9.84957666721,1
6,41.9951093354,-3.08046165513,6.49069691301,-1.94858248442,0.0713239706585,6.66875842545,9.84957666721,1
6,42.0621941746,-3.01337681593,6.35986603162,-1.94751431684,0.0735292851032,6.66875842545,9.84957666721,1
6,42.1292790138,-2.94629197674,6.17092000393,-1.94644794348,0.0783965307459,6.66875842545,9.84957666721,1
6,42.1963638529,-2.87920713755,5.93208208954,-1.94538817319,0.0861303950164,6.66875842545,9.84957666721,1
6,42.2634486921,-2.81212229835,5.59407806397,-1.94433933516,0.0969293268193,6.66875842545,9.84957666721,1
6,42.3305335313,-2.74503745916,5.17209071295,-1.94330500828,0.111818747841,6.66875842545,9.84957666721,1
6,42.3976183705,-2.67795261997,4.74673112819,-1.94228738916,0.134070143834,6.66875842545,9.84957666721,1
6,42.4647032097,-2.61086778077,4.32273235093,-1.94128831844,0.168666838285,6.66875842545,9.84957666721,1
6,42.5317880489,-2.54378294158,3.92025592284,-1.94030850939,0.22099975954,6.66875842545,9.84957666721,1
6,42.5988728881,-2.47669810238,3.53012033792,-1.93934433913,0.295409935318,6.66875842545,9.84957666721,1
6,42.6659577273,-2.40961326319,3.13506562341,-1.93839386449,0.393862976689,6.66875842545,9.84957666721,1
6,42.7330425665,-2.342528424,2.7358091274,-1.93744965097,0.514989200141,6.66875842545,9.84957666721,1
6,42.8001274057,-2.2754435848,2.33901122652,-1.93651182198,0.653653984675,6.66875842545,9.84957666721,1
6,42.8672122449,-2.20835874561,1.84780699906,-1.93557880657,0.801075115529,6.66875842545,9.84957666721,1
6,42.9342970841,-2.14127390641,1.18806293881,-1.93465038585,0.94560721418,6.66875842545,9.84957666721,1
6,43.0013819233,-2.07418906722,0.334923988853,-1.9337321277,1.0742703649,6.66875842545,9.84957666721,1
6,43.0684667625,-2.00710422803,-0.68564619427,-1.93282240567,1.17463899793,6.66875842545,9.84957666721,1
6,43.1355516017,-1.94001938883,-1.82167699136,-1.93192532397,1.23677260424,6.66875842545,9.84957666721,1
6,43.2026364409,-1.87293454964,-3.00505999515,-1.93104146399,1.25481843757,6.66875842545,9.84957666721,1
6,43.2697212801,-1.80584971044,-4.16859285568,-1.93017016018,1.22797563819,6.66875842545,9.84957666721,1
6,43.3368061192,-1.73876487125,-5.24886742192,-1.92930829339,1.16063081873,6.66875842545,9.84957666721,1
6,43.4038909584,-1.67168003206,-6.19288577817,-1.92845259429,1.06163539587,6.66875842545,9.84957666721,1
6,43.4709757976,-1.60459519286,-6.95661389301,-1.92759907759,0.942859215244,6.66875842545,9.84957666721,1
6,43.5380606368,-1.53751035367,-7.50543437877,-1.92674454685,0.817291996176,6.66875842545,9.84957666721,1
6,43.605145476,-1.47042551448,-7.81275454128,-1.92588584821,0.697048196491,6.66875842545,9.84957666721,1
6,43.6722303152,-1.40334067528,-7.85868122892,-1.92502084993,0.591610954452,6.66875842545,9.84957666721,1
6,43.7393151544,-1.33625583609,-7.63196536565,-1.92414755658,0.50665595699,6.66875842545,9.84957666721,1
6,43.8063999936,-1.26917099689,-7.12462951718,-1.92326494379,0.44360651653,6.66875842545,9.84957666721,1
6,43.8734848328,-1.2020861577,-6.3382602943,-1.9223720589,0.400007495821,6.66875842545,9.84957666721,1
6,43.940569672,-1.13500131851,-5.28740596066,-1.92146889514,0.370623282365,6.66875842545,9.84957666721,1
6,44.0076545112,-1.06791647931,-4.02178190991,-1.92055541378,0.349040284815,6.66875842545,9.84957666721,1
6,44.0747393504,-1.00083164012,-2.58401507786,-1.91963273973,0.329450191121,6.66875842545,9.84957666721,1
6,44.1418241896,-0.933746800925,-1.10152324875,-1.91869957473,0.308222475505,6.66875842545,9.84957666721,1
6,44.2089090288,-0.866661961731,0.362847495483,-1.91775936331,0.284513324351,6.66875842545,9.84957666721,1
6,44.275993868,-0.799577122537,1.7944721631,-1.91681315962,0.258763183504,6.66875842545,9.84957666721,1
6,44.3430787072,-0.732492283343,3.11653284534,-1.91586782834,0.231787112871,6.66875842545,9.84957666721,1
6,44.4101635463,-0.665407444149,4.27003053438,-1.91493008876,0.204625447379,6.66875842545,9.84957666721,1
6,44.4772483855,-0.598322604955,5.19663079217,-1.91400455987,0.178378543647,6.66875842545,9.84957666721,1
6,44.5443332247,-0.531237765761,5.88191188873,-1.91309757954,0.154039786865,6.66875842545,9.84957666721,1
6,44.6114180639,-0.464152926567,6.34707541145,-1.91220989802,0.132355017101,6.66875842545,9.84957666721,1
6,44.6785029031,-0.397068087374,6.67617030405,-1.91134385133,0.113726022963,6.66875842545,9.84957666721,1
6,44.7455877423,-0.32998324818,6.95172088903,-1.9104970573,0.0981879122314,6.66875842545,9.84957666721,1
6,44.8126725815,-0.262898408986,7.1633894218,-1.90966609681,0.0855864319537,6.66875842545,9.84957666721,1
6,44.8797574207,-0.195813569792,7.30128477085,-1.90884257466,0.0757505734319,6.66875842545,9.84957666721,1
6,44.9468422599,-0.128728730598,7.38013731477,-1.9080238785,0.0685301789349,6.66875842545,9.84957666721,1
6,45.0139270991,-0.0616438914041,7.40057403379,-1.90720116436,0.0638123235338,6.66875842545,9.84957666721,1
6,45.0810119383,0.00544094778974,7.37116093222,-1.90637241613,0.0615300569982,6.66875842545,9.84957666721,1
6,45.1480967775,0.0725257869836,7.28923679704,-1.90553463861,0.0616664075817,6.66875842545,9.84957666721,1
6,45.2151816167,0.139610626177,7.1592341638,-1.90468511552,0.0642550027295,6.66875842545,9.84957666721,1
6,45.2822664559,0.206695465371,6.97422752863,-1.90382165558,0.069377622316,6.66875842545,9.84957666721,1
6,45.3493512951,0.273780304565,6.73551988982,-1.90294305915,0.0771582789213,6.66875842545,9.84957666721,1
6,45.4164361343,0.340865143759,6.42962737099,-1.90204801666,0.0877523280301,6.66875842545,9.84957666721,1
6,45.4835209734,0.407949982953,6.07514375084,-1.90113669186,0.101327382926,6.66875842545,9.84957666721,1
6,45.5506058126,0.475034822147,5.67277608284,-1.90020840071,0.118011549793,6.66875842545,9.84957666721,1
6,45.6176906518,0.542119661341,5.13067710741,-1.89926503286,0.137678003273,6.66875842545,9.84957666721,1
6,45.684775491,0.609204500535,4.37900837057,-1.89830510381,0.159789343339,6.66875842545,9.84957666721,1
6,45.7518603302,0.676289339729,3.4029796661,-1.89733273304,0.183441680609,6.66875842545,9.84957666721,1
6,45.8189451694,0.743374178922,2.23016231526,-1.89635177022,0.207474922781,6.66875842545,9.84957666721,1
6,45.8860300086,0.810459018116,0.917705066389,-1.89536259214,0.23062819074,6.66875842545,9.84957666721,1
6,45.9531148478,0.87754385731,-0.469417762454,-1.89437137204,0.251729415523,6.66875842545,9.84957666721,1
6,46.020199687,0.944628696504,-1.86332197066,-1.8933807933,0.269900526648,6.66875842545,9.84957666721,1
6,46.0872845262,1.0117135357,-3.20738076534,-1.89239498112,0.284745596267,6.66875842545,9.84957666721,1
6,46.1543693654,1.07879837489,-4.45110088632,-1.8914154957,0.296474247216,6.66875842545,9.84957666721,1
6,46.2214542046,1.14588321409,-5.55819711057,-1.89044478932,0.305908274165,6.66875842545,9.84957666721,1
6,46.2885390438,1.21296805328,-6.46854324934,-1.88948322934,0.314342368465,6.66875842545,9.84957666721,1
6,46.355623883,1.28005289247,-7.1701352547,-1.88853178594,0.323264974212,6.66875842545,9.84957666721,1
6,46.4227087222,1.34713773167,-7.69250344202,-1.88758950865,0.333992271205,6.66875842545,9.84957666721,1
6,46.4897935614,1.41422257086,-8.08251516025,-1.88665723361,0.34730620749,6.66875842545,9.84957666721,1
6,46.5568784006,1.48130741006,-8.40557597455,-1.8857300066,0.363452156223,6.66875842545,9.84957666721,1
6,46.6239632397,1.54839224925,-8.67019193556,-1.88480697862,0.382882557397,6.66875842545,9.84957666721,1
6,46.6910480789,1.61547708844,-8.88842366114,-1.88388138045,0.406430111587,6.66875842545,9.84957666721,1
6,46.7581329181,1.68256192764,-9.07445352586,-1.88295175242,0.435124872362,6.66875842545,9.84957666721,1
6,46.8252177573,1.74964676683,-9.23752164758,-1.88201737166,0.46999552432,6.66875842545,9.84957666721,1
6,46.8923025965,1.81673160602,-9.38620886382,-1.88107809317,0.511858517535,6.66875842545,9.84957666721,1
6,46.9593874357,1.88381644522,-9.52963166874,-1.88013611305,0.561083135233,6.66875842545,9.84957666721,1
6,47.0264722749,1.95090128441,-9.68193311432,-1.87919146269,0.61732936438,6.66875842545,9.84957666721,1
6,47.0935571141,2.01798612361,-9.86255452962,-1.87824532,0.679286222005,6.66875842545,9.84957666721,1
6,47.1606419533,2.0850709628,-10.0930527208,-1.87729874564,0.744475415097,6.66875842545,9.84957666721,1
6,47.2277267925,2.15215580199,-10.3860640951,-1.87635326622,0.809200623277,6.66875842545,9.84957666721,1
6,47.2948116317,2.21924064119,-10.7294963837,-1.87541057184,0.868720295811,6.66875842545,9.84957666721,1
6,47.3618964709,2.28632548038,-11.0703130359,-1.87447228288,0.917669498733,6.66875842545,9.84957666721,1
6,47.4289813101,2.35341031958,-11.3081565267,-1.87354001234,0.950704003252,6.66875842545,9.84957666721,1
6,47.4960661493,2.42049515877,-11.3505879135,-1.87261434014,0.963278111917,6.66875842545,9.84957666721,1
6,47.5631509885,2.48757999796,-11.2110504377,-1.87169550269,0.95249936352,6.66875842545,9.84957666721,1
6,47.6302358277,2.55466483716,-10.889711883,-1.87078159217,0.917721827001,6.66875842545,9.84957666721,1
6,47.6973206668,2.62174967635,-10.3801603475,-1.86987267053,0.860696262036,6.66875842545,9.84957666721,1
6,47.764405506,2.68883451554,-9.68434143298,-1.86896958838,0.785325455844,6.66875842545,9.84957666721,1
6,47.8314903452,2.75591935474,-8.81087657858,-1.86806738074,0.697087916408,6.66875842545,9.84957666721,1
6,47.8985751844,2.82300419393,-7.7754125309,-1.86716945274,0.602261242423,6.66875842545,9.84957666721,1
6,47.9656600236,2.89008903313,-6.60224647585,-1.86627369038,0.507104998359,6.66875842545,9.84957666721,1
6,48.0327448628,2.95717387232,-5.32305157823,-1.86538147654,0.417152310364,6.66875842545,9.84957666721,1
6,48.099829702,3.02425871151,-3.97841686951,-1.86449094651,0.336702283657,6.66875842545,9.84957666721,1
6,48.1669145412,3.09134355071,-2.61404980144,-1.86360368704,0.268543350867,6.66875842545,9.84957666721,1
6,48.2339993804,3.1584283899,-1.27990038367,-1.86271731344,0.213893883045,6.66875842545,9.84957666721,1
6,48.3010842196,3.2255132291,-0.0225946562486,-1.86183646684,0.17252485264,6.66875842545,9.84957666721,1
6,48.3681690588,3.29259806829,1.11664958557,-1.86095213983,0.14303198798,6.66875842545,9.84957666721,1
6,48.435253898,3.35968290748,2.10778458032,-1.86007170442,0.123235705487,6.66875842545,9.84957666721,1
6,48.5023387372,3.42676774668,2.92968496085,-1.85919060838,0.110676292582,6.66875842545,9.84957666721,1
6,48.5694235764,3.49385258587,3.57267220853,-1.85830850768,0.103149860128,6.66875842545,9.84957666721,1
6,48.6365084156,3.56093742507,4.02146514833,-1.85742476134,0.0992009226352,6.66875842545,9.84957666721,1
6,48.7035932548,3.62802226426,4.32022346455,-1.85653910713,0.0983011750171,6.66875842545,9.84957666721,1
6,48.7706780939,3.69510710345,4.52307658873,-1.85564877811,0.100227432069,6.66875842545,9.84957666721,1
6,48.8377629331,3.76219194265,4.66284727259,-1.85475833978,0.10477592052,6.66875842545,9.84957666721,1
6,48.9048477723,3.82927678184,4.75746068105,-1.8538659411,0.111815773336,6.66875842545,9.84957666721,1
6,48.9719326115,3.89636162103,4.76492294288,-1.85296246175,0.121309805478,6.66875842545,9.84957666721,1
6,49.0390174507,3.96344646023,4.7088406463,-1.85204732271,0.133296657307,6.66875842545,9.84957666721,1
6,49.1061022899,4.03053129942,4.5605223885,-1.85111932214,0.147804534589,6.66875842545,9.84957666721,1
6,49.1731871291,4.09761613862,4.22337879179,-1.85018226988,0.164638789425,6.66875842545,9.84957666721,1
6,49.2402719683,4.16470097781,3.65152007973,-1.84923849788,0.18328254238,6.66875842545,9.84957666721,1
6,49.3073568075,4.231785817,2.84550831513,-1.84829283588,0.202912148127,6.66875842545,9.84957666721,1
6,49.3744416467,4.2988706562,1.85025305493,-1.84734783339,0.222476754372,6.66875842545,9.84957666721,1
6,49.4415264859,4.36595549539,0.728141018316,-1.84640748514,0.240843393506,6.66875842545,9.84957666721,1
6,49.5086113251,4.43304033459,-0.448352837012,-1.84547338411,0.256994843023,6.66875842545,9.84957666721,1
6,49.5756961643,4.50012517378,-1.61303424216,-1.84454837899,0.270243112994,6.66875842545,9.84957666721,1
6,49.6427810035,4.56721001297,-2.70588158131,-1.84363310133,0.280399882672,6.66875842545,9.84957666721,1
6,49.7098658427,4.63429485217,-3.68040152497,-1.84272958135,0.287837929242,6.66875842545,9.84957666721,1
6,49.7769506819,4.70137969136,-4.49907687567,-1.84183756123,0.293403201685,6.66875842545,9.84957666721,1
6,49.8440355211,4.76846453055,-5.13631483797,-1.84095817869,0.298180325176,6.66875842545,9.84957666721,1
6,49.9111203602,4.83554936975,-5.57377794339,-1.84009014189,0.303172201958,6.66875842545,9.84957666721,1
6,49.9782051994,4.90263420894,-5.80352430501,-1.83923442478,0.308990575526,6.66875842545,9.84957666721,1
6,50.0452900386,4.96971904814,-5.82562998209,-1.83838884208,0.315658516866,6.66875842545,9.84957666721,1
6,50.1123748778,5.03680388733,-5.648693609,-1.83755272457,0.322593375986,6.66875842545,9.84957666721,1
6,50.179459717,5.10388872652,-5.29065595164,-1.836727609,0.328779682035,6.66875842545,9.84957666721,1
6,50.2465445562,5.17097356572,-4.75310245539,-1.83590425199,0.33307877108,6.66875842545,9.84957666721,1
6,50.3136293954,5.23805840491,-4.0544832115,-1.83508692877,0.334576211624,6.66875842545,9.84957666721,1
6,50.3807142346,5.30514324411,-3.27725293792,-1.83426893043,0.332856006983,6.66875842545,9.84957666721,1
6,50.4477990738,5.3722280833,-2.50933261459,-1.83344685602,0.328116039279,6.66875842545,9.84957666721,1
6,50.514883913,5.43931292249,-1.87831662103,-1.83261724306,0.321216201417,6.66875842545,9.84957666721,1
6,50.5819687522,5.50639776169,-1.45749157107,-1.8317772128,0.314218100889,6.66875842545,9.84957666721,1
6,50.6490535914,5.57348260088,-1.30575494251,-1.83092719293,0.310410511761,6.66875842545,9.84957666721,1
6,50.7161384306,5.64056744008,-1.47321968844,-1.83006840297,0.31363891165,6.66875842545,9.84957666721,1
6,50.7832232698,5.70765227927,-1.98070168691,-1.82920927764,0.327556955866,6.66875842545,9.84957666721,1
6,50.850308109,5.77473711846,-2.79646018652,-1.82835262139,0.354952442094,6.66875842545,9.84957666721,1
6,50.9173929482,5.84182195766,-3.83413151658,-1.82749328351,0.397227872928,6.66875842545,9.84957666721,1
6,50.9844777873,5.90890679685,-4.94642784088,-1.82663484221,0.454065715203,6.66875842545,9.84957666721,1
6,51.0515626265,5.97599163604,-6.03707792006,-1.8257764742,0.523337537478,6.66875842545,9.84957666721,1
6,51.1186474657,6.04307647524,-7.08762560995,-1.82491970925,0.601316063854,6.66875842545,9.84957666721,1
6,51.1857323049,6.11016131443,-8.04999284333,-1.82406456157,0.682941162938,6.66875842545,9.84957666721,1
6,51.2528171441,6.17724615363,-8.88618696623,-1.82321201637,0.762216590949,6.66875842545,9.84957666721,1
6,51.3199019833,6.24433099282,-9.56510488081,-1.8223625878,0.832790001376,6.66875842545,9.84957666721,1
6,51.3869868225,6.31141583201,-10.0659581165,-1.8215168549,0.888684417864,6.66875842545,9.84957666721,1
6,51.4540716617,6.37850067121,-10.3750105787,-1.82067622887,0.925071705339,6.66875842545,9.84957666721,1
6,51.5211565009,6.4455855104,-10.4867157859,-1.81983885318,0.938949031911,6.66875842545,9.84957666721,1
6,51.5882413401,6.5126703496,-10.4028786609,-1.81900777933,0.929576181716,6.66875842545,9.84957666721,1
6,51.6553261793,6.57975518879,-10.1320479996,-1.81818577643,0.898575137693,6.66875842545,9.84957666721,1
6,51.7224110185,6.64684002798,-9.69254746053,-1.81737629286,0.849669346933,6.66875842545,9.84957666721,1
6,51.7894958577,6.71392486718,-9.09813363503,-1.81658437219,0.788121296435,6.66875842545,9.84957666721,1
6,51.8565806969,6.78100970637,-8.34942495356,-1.81580894287,0.719983683614,6.66875842545,9.84957666721,1
6,51.9236655361,6.84809454557,-7.55231686045,-1.81504816086,0.651219479302,6.66875842545,9.84957666721,1
6,51.9907503753,6.91517938476,-6.8270344539,-1.81429678752,0.586876685221,6.66875842545,9.84957666721,1
6,52.0578352144,6.98226422395,-6.24505682259,-1.81355065878,0.530602014458,6.66875842545,9.84957666721,1
6,52.1249200536,7.04934906315,-5.83665015933,-1.81280433593,0.484409938971,6.66875842545,9.84957666721,1
6,52.1920048928,7.11643390234,-5.60088786478,-1.81205447146,0.448678305516,6.66875842545,9.84957666721,1
6,52.259089732,7.18351874153,-5.52062690478,-1.81129693743,0.422341282161,6.66875842545,9.84957666721,1
6,52.3261745712,7.25060358073,-5.56841943667,-1.81052738241,0.40326363579,6.66875842545,9.84957666721,1
6,52.3932594104,7.31768841992,-5.71182705579,-1.80974471067,0.388769875248,6.66875842545,9.84957666721,1
6,52.4603442496,7.38477325912,-5.91662928858,-1.80894826404,0.376269893816,6.66875842545,9.84957666721,1
6,52.5274290888,7.45185809831,-6.14481507636,-1.80814402559,0.363877895514,6.66875842545,9.84957666721,1
6,52.594513928,7.5189429375,-6.37253444661,-1.80733694394,0.350889980458,6.66875842545,9.84957666721,1
6,52.6615987672,7.5860277767,-6.54141136531,-1.806530449,0.337915213054,6.66875842545,9.84957666721,1
6,52.7286836064,7.65311261589,-6.56174739133,-1.80572738164,0.326049458918,6.66875842545,9.84957666721,1
6,52.7957684456,7.72019745509,-6.38207509544,-1.80492652535,0.316012785378,6.66875842545,9.84957666721,1
6,52.8628532848,7.78728229428,-5.95927478205,-1.8041293761,0.307915860888,6.66875842545,9.84957666721,1
6,52.929938124,7.85436713347,-5.322683074,-1.80333441162,0.301215336498,6.66875842545,9.84957666721,1
6,52.9970229632,7.92145197267,-4.49472344612,-1.80254186253,0.29484580548,6.66875842545,9.84957666721,1
6,53.0641078024,7.98853681186,-3.4945092663,-1.80174992917,0.287496756699,6.66875842545,9.84957666721,1
6,53.1311926416,8.05562165105,-2.34887005048,-1.80095903496,0.277950360607,6.66875842545,9.84957666721,1
6,53.1982774807,8.12270649025,-1.09803337927,-1.80016788123,0.265377544545,6.66875842545,9.84957666721,1
6,53.2653623199,8.18979132944,0.210372803152,-1.79937711418,0.249513416698,6.66875842545,9.84957666721,1
6,53.3324471591,8.25687616864,1.51382261036,-1.79858399743,0.230683632692,6.66875842545,9.84957666721,1
6,53.3995319983,8.32396100783,2.74710545928,-1.79778617227,0.209699100693,6.66875842545,9.84957666721,1
6,53.4666168375,8.39104584702,3.8390405711,-1.79697526934,0.187671852538,6.66875842545,9.84957666721,1
6,53.5337016767,8.45813068622,4.73479518925,-1.79614727073,0.165807407635,6.66875842545,9.84957666721,1
6,53.6007865159,8.52521552541,5.39977374408,-1.79529760036,0.145215042615,6.66875842545,9.84957666721,1
6,53.6678713551,8.59230036461,5.85081770685,-1.79442403415,0.126758758181,6.66875842545,9.84957666721,1
6,53.7349561943,8.6593852038,6.15030680896,-1.79352847169,0.110958379046,6.66875842545,9.84957666721,1
6,53.8020410335,8.72647004299,6.39537663957,-1.79261011624,0.0979539820003,6.66875842545,9.84957666721,1
6,53.8691258727,8.79355488219,6.58217939757,-1.79167033048,0.0876473020606,6.66875842545,9.84957666721,1
6,53.9362107119,8.86063972138,6.6960901661,-1.79071046667,0.0799054489252,6.66875842545,9.84957666721,1
6,54.0032955511,8.92772456058,6.74464727046,-1.78973318016,0.0746166188948,6.66875842545,9.84957666721,1
6,54.0703803903,8.99480939977,6.73320941947,-1.78874176707,0.0717169863954,6.66875842545,9.84957666721,1
6,54.1374652295,9.06189423896,6.66124990516,-1.78774052042,0.0712115285064,6.66875842545,9.84957666721,1
6,54.2045500687,9.12897907816,6.53476818273,-1.78673451367,0.0731865427308,6.66875842545,9.84957666721,1
6,54.2716349078,9.19606391735,6.35057182057,-1.78572922956,0.0778047599268,6.66875842545,9.84957666721,1
6,54.338719747,9.26314875654,6.11664172856,-1.78473037311,0.0852700335511,6.66875842545,9.84957666721,1
6,54.4058045862,9.33023359574,5.7893249678,-1.78374292608,0.0957742134371,6.66875842545,9.84957666721,1
6,54.4728894254,9.39731843493,5.37019737046,-1.78277135442,0.110194853068,6.66875842545,9.84957666721,1
6,54.5399742646,9.46440327413,4.94489345298,-1.78181846936,0.131606416094,6.66875842545,9.84957666721,1
6,54.6070591038,9.53148811332,4.52004360084,-1.78088673448,0.16489074566,6.66875842545,9.84957666721,1
6,54.674143943,9.59857295251,4.1160621585,-1.77997763707,0.215461243479,6.66875842545,9.84957666721,1
6,54.7412287822,9.66565779171,3.72577742062,-1.77908815755,0.287806798206,6.66875842545,9.84957666721,1
6,54.8083136214,9.7327426309,3.33258231912,-1.77821613428,0.384144781927,6.66875842545,9.84957666721,1
6,54.8753984606,9.7998274701,2.93254707421,-1.77735470117,0.503420687887,6.66875842545,9.84957666721,1
6,54.9424832998,9.86691230929,2.53903809756,-1.77650341739,0.640831411702,6.66875842545,9.84957666721,1
6,55.009568139,9.93399714848,2.06223017187,-1.77566266608,0.787896448769,6.66875842545,9.84957666721,1
6,55.0766529782,10.0010819877,1.4213805842,-1.7748312685,0.933171400634,6.66875842545,9.84957666721,1
6,55.1437378174,10.0681668269,0.587646599034,-1.77401454782,1.06372436211,6.66875842545,9.84957666721,1
6,55.2108226566,10.1352516661,-0.418088398615,-1.77321815645,1.16700606492,6.66875842545,9.84957666721,1
6,55.2779074958,10.2023365053,-1.54503345839,-1.77245381762,1.23279058851,6.66875842545,9.84957666721,1
6,55.3449923349,10.2694213445,-2.72665273191,-1.77172501882,1.25481972264,6.66875842545,9.84957666721,1
6,55.4120771741,10.3365061836,-3.89469532144,-1.7710293592,1.23183177445,6.66875842545,9.84957666721,1
6,55.4791620133,10.4035910228,-4.9857252142,-1.77035859632,1.16777277624,6.66875842545,9.84957666721,1
6,55.5462468525,10.470675862,-5.94504657562,-1.7697030735,1.07114646625,6.66875842545,9.84957666721,1
6,55.6133316917,10.5377607012,-6.72835866412,-1.76905189358,0.953623505477,6.66875842545,9.84957666721,1
6,55.6804165309,10.6048455404,-7.29949614001,-1.76839583327,0.828170581926,6.66875842545,9.84957666721,1
6,55.7475013701,10.6719303796,-7.63182491622,-1.76772635927,0.707052629451,6.66875842545,9.84957666721,1
6,55.8145862093,10.7390152188,-7.70395419047,-1.76703743263,0.600041081628,6.66875842545,9.84957666721,1
6,55.8816710485,10.806100058,-7.50473646784,-1.76632384555,0.513179854146,6.66875842545,9.84957666721,1
6,55.9487558877,10.8731848972,-7.02479425759,-1.76558270119,0.448267446439,6.66875842545,9.84957666721,1
6,56.0158407269,10.9402697364,-6.26581707218,-1.76481168053,0.40316029837,6.66875842545,9.84957666721,1
6,56.0829255661,11.0073545756,-5.23870611747,-1.76401075988,0.372811422077,6.66875842545,9.84957666721,1
6,56.1500104053,11.0744394148,-3.99294182572,-1.76318030631,0.350839551623,6.66875842545,9.84957666721,1
6,56.2170952445,11.141524254,-2.56816119289,-1.76232322967,0.331311477626,6.66875842545,9.84957666721,1
6,56.2841800837,11.2086090932,-1.08600122772,-1.76143913476,0.310350805845,6.66875842545,9.84957666721,1
6,56.3512649229,11.2756939324,0.378821640636,-1.76053031037,0.286900779354,6.66875842545,9.84957666721,1
6,56.4183497621,11.3427787716,1.81655040718,-1.75960454303,0.261344347278,6.66875842545,9.84957666721,1
6,56.4854346012,11.4098636107,3.1517669549,-1.75867953924,0.234465326555,6.66875842545,9.84957666721,1
6,56.5525194404,11.4769484499,4.3245351363,-1.75777675314,0.207288648271,6.66875842545,9.84957666721,1
6,56.6196042796,11.5440332891,5.2747054862,-1.75691451259,0.180916897136,6.66875842545,9.84957666721,1
6,56.6866891188,11.6111181283,5.98334695032,-1.75610479692,0.156361704067,6.66875842545,9.84957666721,1
6,56.753773958,11.6782029675,6.46734975546,-1.75535422699,0.134399445727,6.66875842545,9.84957666721,1
6,56.8208587972,11.7452878067,6.8046232046,-1.75466723047,0.115469713609,6.66875842545,9.84957666721,1
6,56.8879436364,11.8123726459,7.08410572458,-1.75404002125,0.0996408252148,6.66875842545,9.84957666721,1
6,56.9550284756,11.8794574851,7.30307450485,-1.75346065584,0.0867667954056,6.66875842545,9.84957666721,1
6,57.0221133148,11.9465423243,7.44671432247,-1.7529067482,0.0766765290106,6.66875842545,9.84957666721,1
6,57.089198154,12.0136271635,7.53096332217,-1.75235853459,0.0692176703324,6.66875842545,9.84957666721,1
6,57.1562829932,12.0807120027,7.55595306404,-1.75179995209,0.0642739350342,6.66875842545,9.84957666721,1
6,57.2233678324,12.1477968419,7.53091405506,-1.7512219773,0.0617743983766,6.66875842545,9.84957666721,1
6,57.2904526716,12.2148816811,7.45303435715,-1.7506160259,0.0616978228166,6.66875842545,9.84957666721,1
6,57.3575375108,12.2819665203,7.32711934851,-1.74997368738,0.064073536869,6.66875842545,9.84957666721,1
6,57.42462235,12.3490513595,7.14634552901,-1.74928992309,0.0689792666087,6.66875842545,9.84957666721,1
6,57.4917071892,12.4161361987,6.91211793957,-1.74856068472,0.0765355714614,6.66875842545,9.84957666721,1
6,57.5587920283,12.4832210379,6.61135286106,-1.74778465767,0.0868954782339,6.66875842545,9.84957666721,1
6,57.6258768675,12.550305877,6.25927240775,-1.74696170694,0.100226215054,6.66875842545,9.84957666721,1
6,57.6929617067,12.6173907162,5.8629659664,-1.74609400126,0.116663629496,6.66875842545,9.84957666721,1
6,57.7600465459,12.6844755554,5.33481360132,-1.74518554724,0.13610928953,6.66875842545,9.84957666721,1
6,57.8271313851,12.7515603946,4.59993721226,-1.74424047178,0.15805667734,6.66875842545,9.84957666721,1
6,57.8942162243,12.8186452338,3.64054135204,-1.7432602333,0.181626433806,6.66875842545,9.84957666721,1
6,57.9613010635,12.885730073,2.48059181202,-1.74226092129,0.205672947051,6.66875842545,9.84957666721,1
6,58.0283859027,12.9528149122,1.17648957918,-1.74127408498,0.228936563103,6.66875842545,9.84957666721,1
6,58.0954707419,13.0198997514,-0.207782633434,-1.74032895436,0.250231106557,6.66875842545,9.84957666721,1
6,58.1625555811,13.0869845906,-1.60341166203,-1.73943783162,0.268648801468,6.66875842545,9.84957666721,1
6,58.2296404203,13.1540694298,-2.95365889546,-1.73860292039,0.283751443886,6.66875842545,9.84957666721,1
6,58.2967252595,13.221154269,-4.20648837459,-1.73781693795,0.295700403461,6.66875842545,9.84957666721,1
6,58.3638100987,13.2882391082,-5.32630574177,-1.73707027558,0.305273894808,6.66875842545,9.84957666721,1
6,58.4308949379,13.3553239474,-6.25324448998,-1.73634988429,0.313738997313,6.66875842545,9.84957666721,1
6,58.4979797771,13.4224087866,-6.97008174742,-1.73564401148,0.322581912644,6.66875842545,9.84957666721,1
6,58.5650646163,13.4894936258,-7.50564027181,-1.7349392387,0.333145578801,6.66875842545,9.84957666721,1
6,58.6321494554,13.556578465,-7.90412922419,-1.73422625479,0.346262564182,6.66875842545,9.84957666721,1
6,58.6992342946,13.6236633041,-8.23262921091,-1.73349036369,0.362198968443,6.66875842545,9.84957666721,1
6,58.7663191338,13.6907481433,-8.50290513982,-1.7327143997,0.381381370521,6.66875842545,9.84957666721,1
6,58.833403973,13.7578329825,-8.72499297759,-1.73187828521,0.404623563785,6.66875842545,9.84957666721,1
6,58.9004888122,13.8249178217,-8.91432325022,-1.73097093702,0.432947723346,6.66875842545,9.84957666721,1
6,58.9675736514,13.8920026609,-9.07942793602,-1.72999008177,0.467386526874,6.66875842545,9.84957666721,1
6,59.0346584906,13.9590875001,-9.22961272095,-1.72894186828,0.508774350916,6.66875842545,9.84957666721,1
6,59.1017433298,14.0261723393,-9.37301266378,-1.72783326706,0.557515528809,6.66875842545,9.84957666721,1
6,59.168828169,14.0932571785,-9.52403667654,-1.72667206473,0.613324713473,6.66875842545,9.84957666721,1
6,59.2359130082,14.1603420177,-9.70103323089,-1.72546891204,0.674964022554,6.66875842545,9.84957666721,1
6,59.3029978474,14.2274268569,-9.9265159834,-1.72423855224,0.74004005113,6.66875842545,9.84957666721,1
6,59.3700826866,14.2945116961,-10.2135096068,-1.72299844151,0.804939448686,6.66875842545,9.84957666721,1
6,59.4371675258,14.3615965353,-10.5534347148,-1.72176987448,0.864984677014,6.66875842545,9.84957666721,1
6,59.504252365,14.4286813745,-10.895780201,-1.72057451489,0.914837772565,6.66875842545,9.84957666721,1
6,59.5713372042,14.4957662137,-11.1446107232,-1.71943358531,0.949131460398,6.66875842545,9.84957666721,1
6,59.6384220434,14.5628510529,-11.2007887984,-1.71836129375,0.963238547407,6.66875842545,9.84957666721,1
6,59.7055068826,14.6299358921,-11.0730311733,-1.71736184656,0.954126990379,6.66875842545,9.84957666721,1
6,59.7725917217,14.6970207312,-10.7645926071,-1.71642258242,0.920984524799,6.66875842545,9.84957666721,1
6,59.8396765609,14.7641055704,-10.2678895921,-1.71552001497,0.865398130152,6.66875842545,9.84957666721,1
6,59.9067614001,14.8311904096,-9.5847894817,-1.71463998125,0.791135810962,6.66875842545,9.84957666721,1
6,59.9738462393,14.8982752488,-8.72317223459,-1.71378488897,0.703589873364,6.66875842545,9.84957666721,1
6,60.0409310785,14.965360088,-7.6982823492,-1.71295754031,0.609009092009,6.66875842545,9.84957666721,1
6,60.1080159177,15.0324449272,-6.53376758111,-1.71215724625,0.513679373226,6.66875842545,9.84957666721,1
6,60.1751007569,15.0995297664,-5.26074587711,-1.71138438934,0.423203557846,6.66875842545,9.84957666721,1
6,60.2421855961,15.1666146056,-3.91930172762,-1.71064001213,0.341978693647,6.66875842545,9.84957666721,1
6,60.3092704353,15.2336994448,-2.55474183714,-1.70992456202,0.272902725366,6.66875842545,9.84957666721,1
6,60.3763552745,15.300784284,-1.21702968265,-1.70923918131,0.217301586521,6.66875842545,9.84957666721,1
6,60.4434401137,15.3678691232,0.0470068792034,-1.70859452505,0.175040041798,6.66875842545,9.84957666721,1
6,60.5105249529,15.4349539624,1.19539531461,-1.70800539669,0.14478425212,6.66875842545,9.84957666721,1
6,60.5776097921,15.5020388016,2.19760267242,-1.70744768331,0.124393569233,6.66875842545,9.84957666721,1
6,60.6446946313,15.5691236408,3.03136334896,-1.70689859048,0.111410708172,6.66875842545,9.84957666721,1
6,60.7117794705,15.63620848,3.68729026529,-1.70635196968,0.103596955893,6.66875842545,9.84957666721,1
6,60.7788643097,15.7032933192,4.1488375676,-1.70580701027,0.0994313869878,6.66875842545,9.84957666721,1
6,60.8459491488,15.7703781584,4.45541174349,-1.70527192236,0.0983348085016,6.66875842545,9.84957666721,1
6,60.913033988,15.8374629975,4.66374224125,-1.70475529329,0.100081383428,6.66875842545,9.84957666721,1
6,60.9801188272,15.9045478367,4.80606088578,-1.70425077411,0.104464202422,6.66875842545,9.84957666721,1
6,61.0472036664,15.9716326759,4.90466158147,-1.70378881424,0.111346180222,6.66875842545,9.84957666721,1
6,61.1142885056,16.0387175151,4.91777323569,-1.70343579461,0.12068376183,6.66875842545,9.84957666721,1
6,61.1813733448,16.1058023543,4.86501542377,-1.70323177954,0.13251150463,6.66875842545,9.84957666721,1
6,61.248458184,16.1728871935,4.72562742302,-1.70317858165,0.146863558265,6.66875842545,9.84957666721,1
6,61.3155430232,16.2399720327,4.40211251551,-1.70324775887,0.163563791214,6.66875842545,9.84957666721,1
6,61.3826278624,16.3070568719,3.84547626684,-1.70339375821,0.182115445935,6.66875842545,9.84957666721,1
6,61.4497127016,16.3741417111,3.05296371935,-1.70356480168,0.201712211587,6.66875842545,9.84957666721,1
6,61.5167975408,16.4412265503,2.06783964944,-1.70371008649,0.221313720388,6.66875842545,9.84957666721,1
6,61.58388238,16.5083113895,0.951351489393,-1.70378435386,0.239786673556,6.66875842545,9.84957666721,1
6,61.6509672192,16.5753962287,-0.223826144226,-1.7037490693,0.256100265465,6.66875842545,9.84957666721,1
6,61.7180520584,16.6424810679,-1.39136025954,-1.70357311441,0.269540309647,6.66875842545,9.84957666721,1
6,61.7851368976,16.7095659071,-2.4903107851,-1.70323135624,0.279884356809,6.66875842545,9.84957666721,1
6,61.8522217368,16.7766507463,-3.473739683,-1.70270476965,0.287471511562,6.66875842545,9.84957666721,1
6,61.9193065759,16.8437355855,-4.30318768057,-1.70197963612,0.293124250653,6.66875842545,9.84957666721,1
6,61.9863914151,16.9108204246,-4.95275534009,-1.701047832,0.297921759557,6.66875842545,9.84957666721,1
6,62.0534762543,16.9779052638,-5.40327441374,-1.69990591499,0.30288217383,6.66875842545,9.84957666721,1
6,62.1205610935,17.044990103,-5.64652202391,-1.69855849247,0.308649332997,6.66875842545,9.84957666721,1
6,62.1876459327,17.1120749422,-5.6817513686,-1.6970247792,0.315285786995,6.66875842545,9.84957666721,1
6,62.2547307719,17.1791597814,-5.51733284122,-1.69533454088,0.322243633052,6.66875842545,9.84957666721,1
6,62.3218156111,17.2462446206,-5.17058213531,-1.69353850204,0.328526642485,6.66875842545,9.84957666721,1
6,62.3889004503,17.3133294598,-4.64449895599,-1.69170125324,0.332993982569,6.66875842545,9.84957666721,1
6,62.4559852895,17.380414299,-3.95396722,-1.68985590762,0.334708523872,6.66875842545,9.84957666721,1
6,62.5230701287,17.4474991382,-3.18045766468,-1.68803965711,0.333218176536,6.66875842545,9.84957666721,1
6,62.5901549679,17.5145839774,-2.41023901446,-1.68630306529,0.328682246197,6.66875842545,9.84957666721,1
6,62.6572398071,17.5816688166,-1.77071445417,-1.68469168657,0.321912655454,6.66875842545,9.84957666721,1
6,62.7243246463,17.6487536558,-1.33793192882,-1.68323463455,0.314899118124,6.66875842545,9.84957666721,1
6,62.7914094855,17.715838495,-1.17022669221,-1.68193203386,0.310883934684,6.66875842545,9.84957666721,1
6,62.8584943247,17.7829233342,-1.31915338368,-1.68074642411,0.313703956246,6.66875842545,9.84957666721,1
6,62.9255791639,17.8500081734,-1.80759658141,-1.67961254862,0.327040695828,6.66875842545,9.84957666721,1
6,62.9926640031,17.9170930126,-2.6073388251,-1.67849684653,0.353739840077,6.66875842545,9.84957666721,1
6,63.0597488422,17.9841778517,-3.63557050244,-1.67740822946,0.395282833143,6.66875842545,9.84957666721,1
6,63.1268336814,18.0512626909,-4.7471574564,-1.67634241182,0.451442405916,6.66875842545,9.84957666721,1
6,63.1939185206,18.1183475301,-5.83873494292,-1.67529340782,0.520174607002,6.66875842545,9.84957666721,1
6,63.2610033598,18.1854323693,-6.89129298206,-1.67425489416,0.597821423111,6.66875842545,9.84957666721,1
6,63.328088199,18.2525172085,-7.85836396411,-1.67322383481,0.679377685066,6.66875842545,9.84957666721,1
6,63.3951730382,18.3196020477,-8.70072526619,-1.67219645493,0.758879631405,6.66875842545,9.84957666721,1
6,63.4622578774,18.3866868869,-9.38738178314,-1.6711723214,0.829976667634,6.66875842545,9.84957666721,1
6,63.5293427166,18.4537717261,-9.89672261687,-1.67014992757,0.886657769513,6.66875842545,9.84957666721,1
6,63.5964275558,18.5208565653,-10.2149892683,-1.66913163515,0.924025828525,6.66875842545,9.84957666721,1
6,63.663512395,18.5879414045,-10.3360059389,-1.66811483314,0.938981822842,6.66875842545,9.84957666721,1
6,63.7305972342,18.6550262437,-10.2614611728,-1.66709679241,0.93067583125,6.66875842545,9.84957666721,1
6,63.7976820734,18.7221110829,-9.99943854879,-1.66609126491,0.900623385101,6.66875842545,9.84957666721,1
6,63.8647669126,18.7891959221,-9.56788908015,-1.66512906935,0.852460698978,6.66875842545,9.84957666721,1
6,63.9318517518,18.8562807613,-8.9813274104,-1.66422766993,0.7913938456,6.66875842545,9.84957666721,1
6,63.998936591,18.9233656005,-8.2389613035,-1.66338713625,0.723455797652,6.66875842545,9.84957666721,1
6,64.0660214302,18.9904504397,-7.44300590501,-1.66259219697,0.654629835377,6.66875842545,9.84957666721,1
6,64.1331062693,19.0575352789,-6.71557311634,-1.66182130095,0.590013552672,6.66875842545,9.84957666721,1
6,64.2001911085,19.124620118,-6.1288693333,-1.66104894371,0.533320044267,6.66875842545,9.84957666721,1
6,64.2672759477,19.1917049572,-5.7149781262,-1.66025228654,0.486636638114,6.66875842545,9.84957666721,1
6,64.3343607869,19.2587897964,-5.47308313172,-1.65940993104,0.450411766444,6.66875842545,9.84957666721,1
6,64.4014456261,19.3258746356,-5.38711200315,-1.65850588114,0.42363964463,6.66875842545,9.84957666721,1
6,64.4685304653,19.3929594748,-5.42940071466,-1.65752484251,0.404227231758,6.66875842545,9.84957666721,1
6,64.5356153045,19.460044314,-5.56832346413,-1.65646150849,0.389517112548,6.66875842545,9.84957666721,1
6,64.6027001437,19.5271291532,-5.76936444687,-1.6553053291,0.376909497353,6.66875842545,9.84957666721,1
6,64.6697849829,19.5942139924,-5.99510207659,-1.65405583726,0.364482802424,6.66875842545,9.84957666721,1
6,64.7368698221,19.6612988316,-6.22076951002,-1.65271034727,0.351478324103,6.66875842545,9.84957666721,1
6,64.8039546613,19.7283836708,-6.39183887813,-1.65127161167,0.338456925139,6.66875842545,9.84957666721,1
6,64.8710395005,19.79546851,-6.41694326501,-1.64974722133,0.326516361975,6.66875842545,9.84957666721,1
6,64.9381243397,19.8625533492,-6.24468163257,-1.64814496189,0.316394960357,6.66875842545,9.84957666721,1
6,65.0052091789,19.9296381884,-5.82952523499,-1.646476706,0.30822519281,6.66875842545,9.84957666721,1
6,65.0722940181,19.9967230276,-5.19899683537,-1.64475740066,0.301483840633,6.66875842545,9.84957666721,1
6,65.1393788573,20.0638078668,-4.37661025793,-1.64300518813,0.295118486319,6.66875842545,9.84957666721,1
6,65.2064636964,20.130892706,-3.38137023029,-1.64124235441,0.287820889392,6.66875842545,9.84957666721,1
6,65.2735485356,20.1979775451,-2.23954640387,-1.63949317944,0.278364440294,6.66875842545,9.84957666721,1
6,65.3406333748,20.2650623843,-0.99131437071,-1.63778341982,0.265903166467,6.66875842545,9.84957666721,1
6,65.407718214,20.3321472235,0.316398719445,-1.63613504016,0.250151879475,6.66875842545,9.84957666721,1
6,65.4748030532,20.3992320627,1.62099426307,-1.63456251263,0.231417592972,6.66875842545,9.84957666721,1
6,65.5418878924,20.4663169019,2.85782157619,-1.63306484132,0.210497747034,6.66875842545,9.84957666721,1
6,65.6089727316,20.5334017411,3.95512093843,-1.63162269123,0.188497839398,6.66875842545,9.84957666721,1
6,65.6760575708,20.6004865803,4.85795843117,-1.63020474165,0.166623746868,6.66875842545,9.84957666721,1
6,65.74314241,20.6675714195,5.53004788404,-1.62879735569,0.14599090768,6.66875842545,9.84957666721,1
6,65.8102272492,20.7346562587,5.98715222973,-1.62740191419,0.12747367851,6.66875842545,9.84957666721,1
6,65.8773120884,20.8017410979,6.28925349411,-1.62601799533,0.111604733294,6.66875842545,9.84957666721,1
6,65.9443969276,20.8688259371,6.53502240441,-1.62464013183,0.0985364348588,6.66875842545,9.84957666721,1
6,66.0114817668,20.9359107763,6.72337612087,-1.62326584827,0.0881750907851,6.66875842545,9.84957666721,1
6,66.078566606,21.0029956155,6.83857767682,-1.6218908171,0.0803889204495,6.66875842545,9.84957666721,1
6,66.1456514452,21.0700804547,6.88788794502,-1.62051315835,0.0750667055685,6.66875842545,9.84957666721,1
6,66.2127362844,21.1371652939,6.87699885609,-1.61912934704,0.0721450561815,6.66875842545,9.84957666721,1
6,66.2798211236,21.2042501331,6.80505215822,-1.61773826035,0.0716294134775,6.66875842545,9.84957666721,1
6,66.3469059627,21.2713349722,6.67848442085,-1.61633724782,0.0736065696515,6.66875842545,9.84957666721,1
6,66.4139908019,21.3384198114,6.49367174493,-1.61492610178,0.0782396206205,6.66875842545,9.84957666721,1
6,66.4810756411,21.4055046506,6.25901166909,-1.61350314343,0.0857323658616,6.66875842545,9.84957666721,1
6,66.5481604803,21.4725894898,5.9297951294,-1.61206916679,0.0962771856223,6.66875842545,9.84957666721,1
6,66.6152453195,21.539674329,5.50951986253,-1.61062358966,0.110768064776,6.66875842545,9.84957666721,1
6,66.6823301587,21.6067591682,5.08289886059,-1.60916810801,0.132302796517,6.66875842545,9.84957666721,1
6,66.7494149979,21.6738440074,4.65671617526,-1.60770314902,0.165775611587,6.66875842545,9.84957666721,1
6,66.8164998371,21.7409288466,4.25084860133,-1.60623177597,0.216597363975,6.66875842545,9.84957666721,1
6,66.8835846763,21.8080136858,3.85842507797,-1.60475202539,0.289238748049,6.66875842545,9.84957666721,1
6,66.9506695155,21.875098525,3.46199120542,-1.60327115223,0.38588571226,6.66875842545,9.84957666721,1
6,67.0177543547,21.9421833642,3.06022376219,-1.60178804445,0.505443989141,6.66875842545,9.84957666721,1
6,67.0848391939,22.0092682034,2.6630264422,-1.60030908937,0.643066815773,6.66875842545,9.84957666721,1
6,67.1519240331,22.0763530426,2.17752901726,-1.59883600673,0.79022639915,6.66875842545,9.84957666721,1
6,67.2190088723,22.1434378818,1.52562081458,-1.59736670918,0.93544120935,6.66875842545,9.84957666721,1
6,67.2860937115,22.210522721,0.680810743069,-1.59590436073,1.06576229817,6.66875842545,9.84957666721,1
6,67.3531785507,22.2776075602,-0.334048024851,-1.59446775429,1.168647022,6.66875842545,9.84957666721,1
6,67.4202633898,22.3446923994,-1.46711925658,-1.59308082503,1.23389992274,6.66875842545,9.84957666721,1
6,67.487348229,22.4117772385,-2.65156212625,-1.59175383614,1.25531355458,6.66875842545,9.84957666721,1
6,67.5544330682,22.4788620777,-3.81912391804,-1.59048060282,1.23169078426,6.66875842545,9.84957666721,1
6,67.6215179074,22.5459469169,-4.90683329157,-1.58924601835,1.16704706494,6.66875842545,9.84957666721,1
6,67.6886027466,22.6130317561,-5.86028107128,-1.58802824195,1.06994975164,6.66875842545,9.84957666721,1
6,67.7556875858,22.6801165953,-6.63576199011,-1.58680613016,0.952116461557,6.66875842545,9.84957666721,1
6,67.822772425,22.7472014345,-7.19730322641,-1.58555838815,0.826535043708,6.66875842545,9.84957666721,1
6,67.8898572642,22.8142862737,-7.51879630854,-1.58426851653,0.705460756927,6.66875842545,9.84957666721,1
6,67.9569421034,22.8813711129,-7.57901059423,-1.58292164007,0.598625815911,6.66875842545,9.84957666721,1
6,68.0240269426,22.9484559521,-7.36737289869,-1.58150800861,0.512013306614,6.66875842545,9.84957666721,1
6,68.0911117818,23.0155407913,-6.87465990949,-1.58001903983,0.447352803324,6.66875842545,9.84957666721,1
6,68.158196621,23.0826256305,-6.10317728874,-1.57845063136,0.402439272937,6.66875842545,9.84957666721,1
6,68.2252814602,23.1497104697,-5.0642460015,-1.5767997277,0.372185672939,6.66875842545,9.84957666721,1
6,68.2923662994,23.2167953089,-3.80803863059,-1.57506720521,0.350200369024,6.66875842545,9.84957666721,1
6,68.3594511386,23.2838801481,-2.37451505315,-1.57325527114,0.330570166109,6.66875842545,9.84957666721,1
6,68.4265359778,23.3509649873,-0.886751941605,-1.57136950123,0.309461922864,6.66875842545,9.84957666721,1
6,68.4936208169,23.4180498265,0.58179937777,-1.56942714062,0.285863385921,6.66875842545,9.84957666721,1
6,68.5607056561,23.4851346656,2.02027370451,-1.5674331257,0.260182410657,6.66875842545,9.84957666721,1
6,68.6277904953,23.5522195048,3.35319399595,-1.56538514915,0.233219387431,6.66875842545,9.84957666721,1
6,68.6948753345,23.619304344,4.52069159444,-1.5632838285,0.206007762138,6.66875842545,9.84957666721,1
6,68.7619601737,23.6863891832,5.46376805991,-1.56112618112,0.179650668081,6.66875842545,9.84957666721,1
6,68.8290450129,23.7534740224,6.16518773164,-1.5589386161,0.155153412944,6.66875842545,9.84957666721,1
6,68.8961298521,23.8205588616,6.64434997843,-1.55673919413,0.133280496234,6.66875842545,9.84957666721,1
6,68.9632146913,23.8876437008,6.98163880484,-1.55455184251,0.114455533102,6.66875842545,9.84957666721,1
6,69.0302995305,23.95472854,7.26370485074,-1.55238935738,0.0987312426001,6.66875842545,9.84957666721,1
6,69.0973843697,24.0218133792,7.48357267395,-1.55025989043,0.085956478579,6.66875842545,9.84957666721,1
6,69.1644692089,24.0888982184,7.62928858636,-1.54815231811,0.0759584496929,6.66875842545,9.84957666721,1
6,69.2315540481,24.1559830576,7.71574134783,-1.54606119955,0.0685835907199,6.66875842545,9.84957666721,1
6,69.2986388873,24.2230678968,7.74386925197,-1.54399188222,0.0637145919238,6.66875842545,9.84957666721,1
6,69.3657237265,24.290152736,7.72202862313,-1.54196230285,0.0612796105596,6.66875842545,9.84957666721,1
6,69.4328085657,24.3572375752,7.64813713902,-1.53997872817,0.0612566217986,6.66875842545,9.84957666721,1
6,69.4998934049,24.4243224144,7.52618557041,-1.53804956119,0.0636743102672,6.66875842545,9.84957666721,1
6,69.5669782441,24.4914072536,7.35009302981,-1.53617672758,0.0686098612985,6.66875842545,9.84957666721,1
6,69.6340630832,24.5584920927,7.12043858739,-1.53436566171,0.0761833355141,6.66875842545,9.84957666721,1
6,69.7011479224,24.6255769319,6.82497290871,-1.53261460057,0.0865472990132,6.66875842545,9.84957666721,1
6,69.7682327616,24.6926617711,6.47714219821,-1.53092607127,0.0998686910243,6.66875842545,9.84957666721,1
6,69.8353176008,24.7597466103,6.08638788012,-1.52929423637,0.116284813073,6.66875842545,9.84957666721,1
6,69.90240244,24.8268314495,5.56574962707,-1.52771885551,0.135704483442,6.66875842545,9.84957666721,1
6,69.9694872792,24.8939162887,4.83957983986,-1.52618881565,0.157629389535,6.66875842545,9.84957666721,1
6,70.0365721184,24.9610011279,3.88848916017,-1.52470798159,0.181186620673,6.66875842545,9.84957666721,1
6,70.1036569576,25.0280859671,2.73607041226,-1.52326460381,0.205234198198,6.66875842545,9.84957666721,1
6,70.1707417968,25.0951708063,1.43779034984,-1.52181480695,0.228512416796,6.66875842545,9.84957666721,1
6,70.237826636,25.1622556455,0.0580483590046,-1.5203253264,0.249830857889,6.66875842545,9.84957666721,1
6,70.3049114752,25.2293404847,-1.33475515217,-1.51877962021,0.268273307414,6.66875842545,9.84957666721,1
6,70.3719963144,25.2964253239,-2.68313485018,-1.51717338805,0.283389744966,6.66875842545,9.84957666721,1
6,70.4390811536,25.3635101631,-3.93516735048,-1.51551273719,0.295327994201,6.66875842545,9.84957666721,1
6,70.5061659928,25.4305950023,-5.05534960447,-1.5138057159,0.304853656923,6.66875842545,9.84957666721,1
6,70.573250832,25.4976798415,-5.98651785868,-1.5120651866,0.313225089253,6.66875842545,9.84957666721,1
6,70.6403356712,25.5647646807,-6.70435705531,-1.51030160339,0.321926679654,6.66875842545,9.84957666721,1
6,70.7074205103,25.6318495199,-7.23808320138,-1.50852828244,0.332308906096,6.66875842545,9.84957666721,1
6,70.7745053495,25.698934359,-7.62842398388,-1.5067554174,0.34522172541,6.66875842545,9.84957666721,1
6,70.8415901887,25.7660191982,-7.94534307318,-1.50499125904,0.360909328942,6.66875842545,9.84957666721,1
6,70.9086750279,25.8331040374,-8.20503059667,-1.50326034943,0.379717960557,6.66875842545,9.84957666721,1
6,70.9757598671,25.9001888766,-8.41652799056,-1.50158628902,0.402409152476,6.66875842545,9.84957666721,1
6,71.0428447063,25.9672737158,-8.59631251534,-1.49998162783,0.429996041803,6.66875842545,9.84957666721,1
6,71.1099295455,26.034358555,-8.75377813737,-1.49845500226,0.463545129581,6.66875842545,9.84957666721,1
6,71.1770143847,26.1014433942,-8.89877689109,-1.49698911534,0.503960023091,6.66875842545,9.84957666721,1
6,71.2440992239,26.1685282334,-9.04010877049,-1.49558324893,0.551740028058,6.66875842545,9.84957666721,1
6,71.3111840631,26.2356130726,-9.19195011528,-1.49422442577,0.606710885292,6.66875842545,9.84957666721,1
6,71.3782689023,26.3026979118,-9.37267416255,-1.49290575152,0.667752953639,6.66875842545,9.84957666721,1
6,71.4453537415,26.369782751,-9.60416107748,-1.49160700617,0.732587898184,6.66875842545,9.84957666721,1
6,71.5124385807,26.4368675902,-9.89960848883,-1.4903130014,0.797699883572,6.66875842545,9.84957666721,1
6,71.5795234199,26.5039524294,-10.2503541111,-1.48899504732,0.858474486925,6.66875842545,9.84957666721,1
6,71.6466082591,26.5710372686,-10.606699823,-1.48763179886,0.909584419092,6.66875842545,9.84957666721,1
6,71.7136930983,26.6381221078,-10.8729542021,-1.48619217688,0.945607990548,6.66875842545,9.84957666721,1
6,71.7807779374,26.705206947,-10.9484028593,-1.48466068237,0.961795271776,6.66875842545,9.84957666721,1
6,71.8478627766,26.7722917861,-10.8391821828,-1.48302196914,0.954932682172,6.66875842545,9.84957666721,1
6,71.9149476158,26.8393766253,-10.5497219067,-1.48128857724,0.923996256266,6.66875842545,9.84957666721,1
6,71.982032455,26.9064614645,-10.0710919847,-1.47947759659,0.870365227686,6.66875842545,9.84957666721,1
6,72.0491172942,26.9735463037,-9.40539408418,-1.47761475367,0.797636900586,6.66875842545,9.84957666721,1
6,72.1162021334,27.0406311429,-8.55919877073,-1.4756718006,0.711094705907,6.66875842545,9.84957666721,1
6,72.1832869726,27.1077159821,-7.54784340127,-1.47365093463,0.616951460473,6.66875842545,9.84957666721,1
6,72.2503718118,27.1748008213,-6.39359646556,-1.47153194983,0.521526928414,6.66875842545,9.84957666721,1
6,72.317456651,27.2418856605,-5.12761047406,-1.4693159321,0.430512174211,6.66875842545,9.84957666721,1
6,72.3845414902,27.3089704997,-3.78867331344,-1.46697459027,0.348427090413,6.66875842545,9.84957666721,1
6,72.4516263294,27.3760553389,-2.42240717271,-1.46451530265,0.278306004517,6.66875842545,9.84957666721,1
6,72.5187111686,27.4431401781,-1.07805559057,-1.46191131294,0.221608185217,6.66875842545,9.84957666721,1
6,72.5857960078,27.5102250173,0.19640638625,-1.4591609015,0.178314747328,6.66875842545,9.84957666721,1
6,72.652880847,27.5773098565,1.3588303975,-1.45610566446,0.147180399903,6.66875842545,9.84957666721,1
6,72.7199656862,27.6443946957,2.3770775475,-1.45281479616,0.126115544524,6.66875842545,9.84957666721,1
6,72.7870505254,27.7114795349,3.22830487025,-1.44954005379,0.112669823519,6.66875842545,9.84957666721,1
6,72.8541353646,27.7785643741,3.90224964608,-1.44633402083,0.104565221161,6.66875842545,9.84957666721,1
6,72.9212202037,27.8456492132,4.38221918874,-1.4432600172,0.100201384413,6.66875842545,9.84957666721,1
6,72.9883050429,27.9127340524,4.70022477785,-1.44029560198,0.0989296049158,6.66875842545,9.84957666721,1
6,73.0553898821,27.9798188916,4.91674921054,-1.43739117427,0.100519254106,6.66875842545,9.84957666721,1
6,73.1224747213,28.0469037308,5.06266133839,-1.43455603621,0.104760762884,6.66875842545,9.84957666721,1
6,73.1895595605,28.11398857,5.16585868832,-1.43175868294,0.111510379884,6.66875842545,9.84957666721,1
6,73.2566443997,28.1810734092,5.18555833969,-1.42870681031,0.120717392955,6.66875842545,9.84957666721,1
6,73.3237292389,28.2481582484,5.13796414472,-1.42518766849,0.132411211157,6.66875842545,9.84957666721,1
6,73.3908140781,28.3152430876,5.00601464118,-1.4211366788,0.146627333286,6.66875842545,9.84957666721,1
6,73.4578989173,28.3823279268,4.69262217757,-1.41664517601,0.163199956234,6.66875842545,9.84957666721,1
6,73.5249837565,28.449412766,4.14650036717,-1.41188276657,0.181645433562,6.66875842545,9.84957666721,1
6,73.5920685957,28.5164976052,3.36392905669,-1.40706471861,0.201169899132,6.66875842545,9.84957666721,1
6,73.6591534349,28.5835824444,2.38654884985,-1.4024005928,0.220741584616,6.66875842545,9.84957666721,1
6,73.7262382741,28.6506672836,1.27581742876,-1.39808344264,0.23922912937,6.66875842545,9.84957666721,1
6,73.7933231133,28.7177521228,0.103723290946,-1.39427132002,0.255595341909,6.66875842545,9.84957666721,1
6,73.8604079525,28.784836962,-1.06249372727,-1.39109053086,0.26911158334,6.66875842545,9.84957666721,1
6,73.9274927917,28.8519218012,-2.16221920164,-1.38863571216,0.27953535737,6.66875842545,9.84957666721,1
6,73.9945776308,28.9190066404,-3.14743955448,-1.38697326306,0.287184577223,6.66875842545,9.84957666721,1
6,74.06166247,28.9860914795,-3.98000913028,-1.38614629981,0.292864571959,6.66875842545,9.84957666721,1
6,74.1287473092,29.0531763187,-4.63303149564,-1.38617058431,0.297645822557,6.66875842545,9.84957666721,0
6,74.1958321484,29.1202611579,-5.08768128541,-1.38705054397,0.302548190028,6.66875842545,9.84957666721,0
6,74.2629169876,29.1873459971,-5.3347752757,-1.38875806595,0.308226502306,6.66875842545,9.84957666721,0
6,74.3300018268,29.2544308363,-5.37382238107,-1.39121376969,0.314759331705,6.66875842545,9.84957666721,0
6,74.397086666,29.3215156755,-5.21230812685,-1.39423099762,0.321613738835,6.66875842545,9.84957666721,0
6,74.4641715052,29.3886005147,-4.86794010607,-1.3976073586,0.327801365889,6.66875842545,9.84957666721,0
6,74.5312563444,29.4556853539,-4.34810098648,-1.400904901,0.332178381979,6.66875842545,9.84957666721,0
6,74.5983411836,29.5227701931,-3.66030697563,-1.40389687161,0.333794187424,6.66875842545,9.84957666721,0
6,74.6654260228,29.5898550323,-2.88114701234,-1.40649710025,0.332178117539,6.66875842545,9.84957666721,0
6,74.732510862,29.6569398715,-2.09600088267,-1.40845659923,0.327475225084,6.66875842545,9.84957666721,0
6,74.7995957012,29.7240247107,-1.42970707102,-1.40956067071,0.320452819533,6.66875842545,9.84957666721,0
6,74.8666805404,29.7911095499,-0.9705629177,-1.40961237563,0.312943680142,6.66875842545,9.84957666721,0
6,74.9337653796,29.8581943891,-0.773905288281,-1.40855044648,0.308066541773,6.66875842545,9.84957666721,0
6,75.0008502188,29.9252792283,-0.895149237031,-1.40643451821,0.309619346694,6.66875842545,9.84957666721,0
6,75.0679350579,29.9923640675,-1.35778940665,-1.40349587497,0.321332777644,6.66875842545,9.84957666721,0
6,75.1350198971,30.0594489066,-2.13860027509,-1.39991018986,0.346179081125,6.66875842545,9.84957666721,0
6,75.2021047363,30.1265337458,-3.15577840332,-1.39559823047,0.385823545319,6.66875842545,9.84957666721,0
6,75.2691895755,30.193618585,-4.26779869172,-1.39048585968,0.440257608291,6.66875842545,9.84957666721,0
6,75.3362744147,30.2607034242,-5.36562441289,-1.38453320455,0.507664298885,6.66875842545,9.84957666721,0
6,75.4033592539,30.3277882634,-6.43098614732,-1.37766591933,0.584595552487,6.66875842545,9.84957666721,0
6,75.4704440931,30.3948731026,-7.41563444426,-1.36980265265,0.666217933772,6.66875842545,9.84957666721,0
6,75.5375289323,30.4619579418,-8.28073934717,-1.36082266331,0.746672439994,6.66875842545,9.84957666721,0
6,75.6046137715,30.529042781,-8.99245746612,-1.35058939702,0.819619590989,6.66875842545,9.84957666721,0
6,75.6716986107,30.5961276202,-9.52997877906,-1.3389169664,0.878948427618,6.66875842545,9.84957666721,0
6,75.7387834499,30.6632124594,-9.87651861385,-1.32559263792,0.919551996083,6.66875842545,9.84957666721,0
6,75.8058682891,30.7302972986,-10.0270992561,-1.31034177498,0.938033808886,6.66875842545,9.84957666721,0
6,75.8729531283,30.7973821378,-9.98000547916,-1.29293000673,0.933200304236,6.66875842545,9.84957666721,0
6,75.9400379675,30.864466977,-9.74507890889,-1.27310955584,0.906229221766,6.66875842545,9.84957666721,0
6,76.0071228067,30.9315518162,-9.33565579676,-1.25023185378,0.860475611175,6.66875842545,9.84957666721,0
6,76.0742076459,30.9986366554,-8.77304172018,-1.22324345818,0.80095935106,6.66875842545,9.84957666721,0
6,76.1412924851,31.0657214946,-8.04944327975,-1.19095893058,0.73364355343,6.66875842545,9.84957666721,0
6,76.2083773242,31.1328063337,-7.25183728177,-1.15229864216,0.664578939515,6.66875842545,9.84957666721,0
6,76.2754621634,31.1998911729,-6.50729016117,-1.10646681012,0.599035135889,6.66875842545,9.84957666721,0
6,76.3425470026,31.2669760121,-5.89574563662,-1.05301257561,0.540953892916,6.66875842545,9.84957666721,0
6,76.4096318418,31.3340608513,-5.45471430048,-0.99185311045,0.492672444706,6.66875842545,9.84957666721,0
6,76.476716681,31.4011456905,-5.18785551195,-0.923224331896,0.454879108566,6.66875842545,9.84957666721,0
6,76.5438015202,31.4682305297,-5.08015498293,-0.847644679129,0.426768745103,6.66875842545,9.84957666721,0
6,76.6108863594,31.5353153689,-5.10605733037,-0.765850807962,0.406384187872,6.66875842545,9.84957666721,0
6,76.6779711986,31.6024002081,-5.23319523178,-0.678859594106,0.391118747451,6.66875842545,9.84957666721,0
6,76.7450560378,31.6694850473,-5.4284711867,-0.587815470201,0.378328042261,6.66875842545,9.84957666721,0
6,76.812140877,31.7365698865,-5.65309586061,-0.493740305009,0.365959287109,6.66875842545,9.84957666721,0
6,76.8792257162,31.8036547257,-5.8814235615,-0.397421095485,0.353062819922,6.66875842545,9.84957666721,0
6,76.9463105554,31.8707395649,-6.06714396634,-0.299314760773,0.340024408122,6.66875842545,9.84957666721,0
6,77.0133953946,31.9378244041,-6.11829432605,-0.199746298311,0.327935538958,6.66875842545,9.84957666721,0
6,77.0804802338,32.0049092433,-5.97865755646,-0.0989823282835,0.317601525874,6.66875842545,9.84957666721,0
6,77.147565073,32.0719940825,-5.59992285581,0.00279361543159,0.309239875867,6.66875842545,9.84957666721,0
6,77.2146499122,32.1390789217,-4.99814566937,0.105454239496,0.302408129132,6.66875842545,9.84957666721,0
6,77.2817347513,32.2061637609,-4.2038416386,0.208927766214,0.296107055807,6.66875842545,9.84957666721,0
6,77.3488195905,32.2732486,-3.23155313411,0.313193220842,0.289038367224,6.66875842545,9.84957666721,0
6,77.4159044297,32.3403334392,-2.10935877792,0.418307860311,0.27993969334,6.66875842545,9.84957666721,0
6,77.4829892689,32.4074182784,-0.872395652346,0.52442724068,0.267894659692,6.66875842545,9.84957666721,0
6,77.5500741081,32.4745031176,0.430843871544,0.631821776851,0.252532080491,6.66875842545,9.84957666721,0
6,77.6171589473,32.5415879568,1.74283473305,0.740827717193,0.234078376597,6.66875842545,9.84957666721,0
6,77.6842437865,32.608672796,2.99633571122,0.851729787267,0.213271331799,6.66875842545,9.84957666721,0
6,77.7513286257,32.6757576352,4.12293654661,0.964544043134,0.191186251911,6.66875842545,9.84957666721,0
6,77.8184134649,32.7428424744,5.06155024044,1.07879473813,0.169029029174,6.66875842545,9.84957666721,0
6,77.8854983041,32.8099273136,5.77473193442,1.19351345959,0.147941156911,6.66875842545,9.84957666721,0
6,77.9525831433,32.8770121528,6.26662734619,1.30767864583,0.128842059663,6.66875842545,9.84957666721,0
6,78.0196679825,32.944096992,6.59317235294,1.42028537419,0.11232001156,6.66875842545,9.84957666721,0
6,78.0867528217,33.0111818312,6.85067013113,1.53029828619,0.0985798293461,6.66875842545,9.84957666721,0
6,78.1538376609,33.0782666704,7.06084648102,1.63668556289,0.0875413332248,6.66875842545,9.84957666721,0
6,78.2209225001,33.1453515096,7.19546344497,1.73845456809,0.0790612453619,6.66875842545,9.84957666721,0
6,78.2880073393,33.2124363488,7.2691868378,1.83469259526,0.0730055486627,6.66875842545,9.84957666721,0
6,78.3550921784,33.279521188,7.2799075813,1.92461080822,0.0692755651618,6.66875842545,9.84957666721,0
6,78.4221770176,33.3466060271,7.23740314612,2.00758797481,0.0678292843888,6.66875842545,9.84957666721,0
6,78.4892618568,33.4136908663,7.13558375739,2.08321616785,0.0686993735066,6.66875842545,9.84957666721,0
6,78.556346696,33.4807757055,6.98384344697,2.151334393,0.0720026951048,6.66875842545,9.84957666721,0
6,78.6234315352,33.5478605447,6.77477898097,2.21205132742,0.0779295983286,6.66875842545,9.84957666721,0
6,78.6905163744,33.6149453839,6.51614156772,2.26573686685,0.086699383878,6.66875842545,9.84957666721,0
6,78.7576012136,33.6820302231,6.15083880075,2.31299413119,0.0985439720444,6.66875842545,9.84957666721,0
6,78.8246860528,33.7491150623,5.71526946763,2.3546052384,0.114751138526,6.66875842545,9.84957666721,0
6,78.891770892,33.8161999015,5.27803740721,2.39148027171,0.138891013907,6.66875842545,9.84957666721,0
6,78.9588557312,33.8832847407,4.84396551199,2.42459862912,0.17608669122,6.66875842545,9.84957666721,0
6,79.0259405704,33.9503695799,4.43001322343,2.45500014732,0.231663692349,6.66875842545,9.84957666721,0
6,79.0930254096,34.0174544191,4.02514061316,2.48357029993,0.309693540066,6.66875842545,9.84957666721,0
6,79.1601102488,34.0845392583,3.61057605187,2.51090216135,0.411708056998,6.66875842545,9.84957666721,0
6,79.227195088,34.1516240975,3.19946125093,2.53739443222,0.53581412216,6.66875842545,9.84957666721,0
6,79.2942799272,34.2187089367,2.77236428986,2.56332981111,0.676337156119,6.66875842545,9.84957666721,0
6,79.3613647664,34.2857937759,2.22394780976,2.58912601691,0.824007743974,6.66875842545,9.84957666721,0
6,79.4284496055,34.3528786151,1.49650495377,2.61517832083,0.966880984693,6.66875842545,9.84957666721,0
6,79.4955344447,34.4199634542,0.577622643379,2.64199334039,1.09194012644,6.66875842545,9.84957666721,0
6,79.5626192839,34.4870482934,-0.495512068029,2.67052320332,1.18700352818,6.66875842545,9.84957666721,0
6,79.6297041231,34.5541331326,-1.66657871147,2.70201247772,1.24262529266,6.66875842545,9.84957666721,0
6,79.6967889623,34.6212179718,-2.86483187066,2.73774063541,1.25362518736,6.66875842545,9.84957666721,0
6,79.7638738015,34.688302811,-4.02439448351,2.77878194056,1.21995292888,6.66875842545,9.84957666721,0
6,79.8309586407,34.7553876502,-5.08288474598,2.82588271974,1.14671405299,6.66875842545,9.84957666721,0
6,79.8980434799,34.8224724894,-5.99022358785,2.87940196046,1.04334110299,6.66875842545,9.84957666721,0
6,79.9651283191,34.8895573286,-6.70376242191,2.93932838513,0.922059543261,6.66875842545,9.84957666721,0
6,80.0322131583,34.9566421678,-7.19147409188,3.00531660639,0.795934338003,6.66875842545,9.84957666721,0
6,80.0992979975,35.023727007,-7.42765938272,3.07675252303,0.676859875168,6.66875842545,9.84957666721,0
6,80.1663828367,35.0908118462,-7.39524856459,3.1528085873,0.57384649279,6.66875842545,9.84957666721,0
6,80.2334676759,35.1578966854,-7.08383144142,3.23250521061,0.491931447195,6.66875842545,9.84957666721,0
6,80.3005525151,35.2249815246,-6.48847238898,3.31475662562,0.431863941686,6.66875842545,9.84957666721,0
6,80.3676373543,35.2920663638,-5.61185273356,3.39842449103,0.390614780647,6.66875842545,9.84957666721,0
6,80.4347221935,35.359151203,-4.47561507243,3.48236409063,0.362591769373,6.66875842545,9.84957666721,0
6,80.5018070327,35.4262360422,-3.12986267045,3.56547240085,0.341309025774,6.66875842545,9.84957666721,0
6,80.5688918718,35.4933208814,-1.62510532401,3.64672883446,0.321166794156,6.66875842545,9.84957666721,0
6,80.635976711,35.5604057205,-0.0956854633759,3.72516317528,0.298949943345,6.66875842545,9.84957666721,0
6,80.7030615502,35.6274905597,1.41196977374,3.79988499295,0.274154017962,6.66875842545,9.84957666721,0
6,80.7701463894,35.6945753989,2.87300970823,3.87037613049,0.247336749003,6.66875842545,9.84957666721,0
6,80.8372312286,35.7616602381,4.21084963913,3.9366041929,0.21938348989,6.66875842545,9.84957666721,0
6,80.9043160678,35.8287450773,5.36859707122,3.99917391301,0.191363765786,6.66875842545,9.84957666721,0
6,80.971400907,35.8958299165,6.29542543383,4.05918779038,0.164366088229,6.66875842545,9.84957666721,0
6,81.0384857462,35.9629147557,6.98912074068,4.11808199972,0.139333201302,6.66875842545,9.84957666721,0
6,81.1055705854,36.0299995949,7.48515140278,4.17757945051,0.116922610665,6.66875842545,9.84957666721,0
6,81.1726554246,36.0970844341,7.88159368775,4.23953330454,0.0974104853609,6.66875842545,9.84957666721,0
6,81.2397402638,36.1641692733,8.23957515213,4.30567241789,0.0807000428756,6.66875842545,9.84957666721,0
6,81.306825103,36.2312541125,8.53711080724,4.37728887902,0.0665403634542,6.66875842545,9.84957666721,0
6,81.3739099422,36.2983389517,8.77933291449,4.45495988638,0.0546522088559,6.66875842545,9.84957666721,0
6,81.4409947814,36.3654237909,8.97757511176,4.53868661391,0.0447521075402,6.66875842545,9.84957666721,0
6,81.5080796206,36.4325086301,9.13866030997,4.62827678081,0.0365649043528,6.66875842545,9.84957666721,0
6,81.5751644598,36.4995934693,9.27044561904,4.72330258609,0.0298318352535,6.66875842545,9.84957666721,0
6,81.6422492989,36.5666783085,9.37729314449,4.82311599946,0.0243166093275,6.66875842545,9.84957666721,0
6,81.7093341381,36.6337631476,9.46482181812,4.92688636235,0.0198099652487,6.66875842545,9.84957666721,0
6,81.7764189773,36.7008479868,9.53562217723,5.03365879461,0.016132135835,6.66875842545,9.84957666721,0
6,81.8435038165,36.767932826,9.5937692598,5.14239006155,0.0131327262464,6.66875842545,9.84957666721,0
6,81.9105886557,36.8350176652,9.64066621327,5.25200072106,0.010688190608,6.66875842545,9.84957666721,0
6,81.9776734949,36.9021025044,9.67933612299,5.36140665982,0.0086977636031,6.66875842545,9.84957666721,0
6,82.0447583341,36.9691873436,9.71040186397,5.46956974344,0.00707898635328,6.66875842545,9.84957666721,0
6,82.1118431733,37.0362721828,9.73616820625,5.57552802904,0.00576379306679,6.66875842545,9.84957666721,0
6,82.1789280125,37.103357022,9.75674934089,5.67841321075,0.00469564538198,6.66875842545,9.84957666721,0
6,82.2460128517,37.1704418612,9.77395821018,5.77739279071,0.00382767545897,6.66875842545,9.84957666721,0
6,82.3130976909,37.2375267004,9.78758407034,5.87205879999,0.00312145953313,6.66875842545,9.84957666721,0
6,82.3801825301,37.3046115396,9.7991049651,5.96264596823,0.00254598932524,6.66875842545,9.84957666721,0
6,82.4472673693,37.3716963788,9.80810904689,6.04984411334,0.00207656993489,6.66875842545,9.84957666721,0
6,82.5143522085,37.438781218,9.81584421021,6.13456652864,0.00169360301525,6.66875842545,9.84957666721,0
6,82.5814370477,37.5058660572,9.82177607078,6.21776302718,0.00138138304611,6.66875842545,9.84957666721,0
6,82.6485218869,37.5729508964,9.82699032359,6.3003106373,0.00112708428089,6.66875842545,9.84957666721,0
6,82.715606726,37.6400357356,9.83088016112,6.38294922755,0.000920052265569,6.66875842545,9.84957666721,0
6,82.7826915652,37.7071205747,9.83441401043,6.46624590602,0.000751395973588,6.66875842545,9.84957666721,0
6,82.8497764044,37.7742054139,9.83694532398,6.55058157033,0.000613777809512,6.66875842545,9.84957666721,0
6,82.9168612436,37.8412902531,9.83935668577,6.6361358825,0.000501269368054,6.66875842545,9.84957666721,0
6,82.9839460828,37.9083750923,9.84098365659,6.72292351853,0.000409177871751,6.66875842545,9.84957666721,0
6,83.051030922,37.9754599315,9.84264460114,6.81069510259,0.000333816151478,6.66875842545,9.84957666721,0
6,83.1181157612,38.0425447707,9.84367073051,6.89875054937,0.000272246574277,6.66875842545,9.84957666721,0
6,83.1852006004,38.1096296099,9.8448303794,6.98605526613,0.0002220545257,6.66875842545,9.84957666721,0
6,83.2522854396,38.1767144491,9.84545846229,7.0713373803,0.00018119485106,6.66875842545,9.84957666721,0
6,83.3193702788,38.2437992883,9.84628298136,7.15336984002,0.000147919805489,6.66875842545,9.84957666721,0
6,83.386455118,38.3108841275,9.84664769403,7.23107236938,0.000120762199391,6.66875842545,9.84957666721,0
6,83.4535399572,38.3779689667,9.84724748581,7.3034665765,9.85334274355e-05,6.66875842545,9.84957666721,0
6,83.5206247964,38.4450538059,9.84743822484,7.36972130603,8.03050350551e-05,6.66875842545,9.84957666721,0
6,83.5877096356,38.5121386451,9.84788700344,7.42920198938,6.5364207514e-05,6.66875842545,9.84957666721,0
6,83.6547944748,38.5792234843,9.84796358613,7.481535308,5.31530149385e-05,6.66875842545,9.84957666721,0
6,83.721879314,38.6463083235,9.84831093322,7.52666444894,4.32109683286e-05,6.66875842545,9.84957666721,0
6,83.7889641532,38.7133931627,9.84831336805,7.56489589202,3.51373735431e-05,6.66875842545,9.84957666721,0
6,83.8560489923,38.7804780019,9.84859237268,7.59681050143,2.85785355922e-05,6.66875842545,9.84957666721,0
6,83.9231338315,38.847562841,9.84854712052,7.62273604364,2.32319535858e-05,6.66875842545,9.84957666721,0
6,83.9902186707,38.9146476802,9.84877975452,7.64275195661,1.8853917943e-05,6.66875842545,9.84957666721,0
6,84.0573035099,38.9817325194,9.84870420232,7.65713615098,1.52596307292e-05,6.66875842545,9.84957666721,0
6,84.1243883491,39.0488173586,9.84890510096,7.66630577269,1.23129405519e-05,6.66875842545,9.84957666721,0
6,84.1914731883,39.1159021978,9.84881089524,7.6707319894,9.90963440436e-06,6.66875842545,9.84957666721,0
6,84.2585580275,39.182987037,9.84898999341,7.67124064155,7.96160096359e-06,6.66875842545,9.84957666721,0
6,84.3256428667,39.2500718762,9.84888486929,7.66916458206,6.38774845232e-06,6.66875842545,9.84957666721,0
6,84.3927277059,39.3171567154,9.84904882538,7.66597342765,5.11333996772e-06,6.66875842545,9.84957666721,0
6,84.4598125451,39.3842415546,9.84893781863,7.66263275798,4.07442704814e-06,6.66875842545,9.84957666721,0
6,84.5268973843,39.4513263938,9.84909130507,7.65951711675,3.22210151216e-06,6.66875842545,9.84957666721,0
6,84.5939822235,39.518411233,9.8489783153,7.65694336041,2.52265272852e-06,6.66875842545,9.84957666721,0
6,84.6610670627,39.5854960722,9.8491241654,7.65519941393,1.95335696903e-06,6.66875842545,9.84957666721,0
6,84.7281519019,39.6525809114,9.84901059295,7.65459100473,1.49627891285e-06,6.66875842545,9.84957666721,0
6,84.7952367411,39.7196657506,9.84915058349,7.65543114838,1.1334348645e-06,6.66875842545,9.84957666721,0
6,84.8623215803,39.7867505898,9.84903781922,7.65824089604,8.45406066411e-07,6.66875842545,9.84957666721,0
6,84.9294064194,39.853835429,9.84917329653,7.66339929463,6.13449588189e-07,6.66875842545,9.84957666721,0
6,84.9964912586,39.9209202681,9.84906218675,7.67096878613,4.22951623036e-07,6.66875842545,9.84957666721,0
6,85.0635760978,39.9880051073,9.84919404358,7.68092650156,2.65564984175e-07,6.66875842545,9.84957666721,0
6,85.130660937,40.0550899465,9.84908509049,7.69318125944,1.38396517408e-07,6.66875842545,9.84957666721,0
6,85.1977457762,40.1221747857,9.84921398242,7.70768487244,4.08197041223e-08,6.66875842545,9.84957666721,0
6,85.2648306154,40.1892596249,9.84910761675,7.72446764669,-2.91457868637e-08,6.66875842545,9.84957666721,0
6,85.3319154546,40.2563444641,9.84923408389,7.74353270899,-7.67251282613e-08,6.66875842545,9.84957666721,0
6,85.3990002938,40.3234293033,9.84913027095,7.7650121989,-1.09671732427e-07,6.66875842545,9.84957666721,0
6,85.466085133,40.3905141425,9.8492544084,7.78952280692,-1.3553123372e-07,6.66875842545,9.84957666721,0
6,85.5331699722,40.4575989817,9.84915318065,7.81801255274,-1.58730386283e-07,6.66875842545,9.84957666721,0
6,85.6002548114,40.5246838209,9.84927519235,7.85150744984,-1.79266222914e-07,6.66875842545,9.84957666721,0
6,85.6673396506,40.5917686601,9.84917656153,7.89085738742,-1.93858069634e-07,6.66875842545,9.84957666721,0
6,85.7344244898,40.6588534993,9.8492966323,7.93660928913,-1.98823854432e-07,6.66875842545,9.84957666721,0
6,85.801509329,40.7259383385,9.84920051783,7.9889334737,-1.93021970653e-07,6.66875842545,9.84957666721,0
6,85.8685941682,40.7930231777,9.84931868932,8.04763503821,-1.79096923386e-07,6.66875842545,9.84957666721,0
6,85.9356790074,40.8601080169,9.84922498546,8.11217819982,-1.62396821842e-07,6.66875842545,9.84957666721,0
6,86.0027638465,40.9271928561,9.84934129335,8.18174532646,-1.48218998632e-07,6.66875842545,9.84957666721,0
6,86.0698486857,40.9942776952,9.84924986653,8.25528269273,-1.39083381292e-07,6.66875842545,9.84957666721,0
6,86.1369335249,41.0613625344,9.84936436215,8.33155515099,-1.33571149149e-07,6.66875842545,9.84957666721,0
6,86.2040183641,41.1284473736,9.84927512364,8.40918483298,-1.2740917961e-07,6.66875842545,9.84957666721,0
6,86.2711032033,41.1955322128,9.84938784869,8.48669686089,-1.16107761553e-07,6.66875842545,9.84957666721,0
6,86.3381880425,41.262617052,9.84930070394,8.56255599853,-9.76802465494e-08,6.66875842545,9.84957666721,0
6,86.4052728817,41.3297018912,9.84941167923,8.63520013445,-7.38562452295e-08,6.66875842545,9.84957666721,0
6,86.4723577209,41.3967867304,9.84932654757,8.70308601265,-4.91560997245e-08,6.66875842545,9.84957666721,0
6,86.5394425601,41.4638715696,9.8494357922,8.76479108794,-2.83560146573e-08,6.66875842545,9.84957666721,0
6,86.6065273993,41.5309564088,9.84935251865,8.81914584247,-1.38656686918e-08,6.66875842545,9.84957666721,0
6,86.6736122385,41.598041248,9.84946001179,8.86530771206,-4.46161726327e-09,6.66875842545,9.84957666721,0
6,86.7406970777,41.6651260872,9.84937845121,8.90305646501,3.91382138931e-09,6.66875842545,9.84957666721,0
6,86.8077819169,41.7322109264,9.84948416267,8.93248860744,1.580929127e-08,6.66875842545,9.84957666721,0
6,86.8748667561,41.7992957656,9.84940423898,8.95388462194,3.36610396123e-08,6.66875842545,9.84957666721,0
6,86.9419515953,41.8663806048,9.84950821986,8.96789467957,5.64295239287e-08,6.66875842545,9.84957666721,0
6,87.0090364345,41.933465444,9.84942985137,8.97549533051,8.02057062044e-08,6.66875842545,9.84957666721,0
6,87.0761212737,42.0005502832,9.84953210864,8.9779215106,1.00450768339e-07,6.66875842545,9.84957666721,0
6,87.1432061128,42.0676351224,9.84945518755,8.97643829679,1.14526953889e-07,6.66875842545,9.84957666721,0
6,87.210290952,42.1347199615,9.84955566483,8.97211058234,1.23125132998e-07,6.66875842545,9.84957666721,0
6,87.2773757912,42.2018048007,9.84948005418,8.96553369046,1.29800218681e-07,6.66875842545,9.84957666721,0
6,87.3444606304,42.2688896399,9.8495787264,8.95698297639,1.38949324924e-07,6.66875842545,9.84957666721,0
6,87.4115454696,42.3359744791,9.84950434876,8.94677101449,1.53333050529e-07,6.66875842545,9.84957666721,0
6,87.4786303088,42.4030593183,9.84960128094,8.93520122693,1.72551720594e-07,6.66875842545,9.84957666721,0
6,87.545715148,42.4701441575,9.84952811074,8.92252165451,1.93299896418e-07,6.66875842545,9.84957666721,0
6,87.6127999872,42.5372289967,9.84962329621,8.90893882668,2.11271146038e-07,6.66875842545,9.84957666721,0
6,87.6798848264,42.6043138359,9.8495512002,8.8946182739,2.23572555678e-07,6.66875842545,9.84957666721,0
6,87.7469696656,42.6713986751,9.84964459188,8.87969830415,2.30311104976e-07,6.66875842545,9.84957666721,0
6,87.8140545048,42.7384835143,9.84957349407,8.86428850873,2.34469125686e-07,6.66875842545,9.84957666721,0
6,87.881139344,42.8055683535,9.84966509949,8.84848128571,2.4020908502e-07,6.66875842545,9.84957666721,0
6,87.9482241832,42.8726531927,9.84959498535,8.83234883204,2.50531657577e-07,6.66875842545,9.84957666721,0
6,88.0153090224,42.9397380319,9.84968484391,8.81595291737,2.65619832388e-07,6.66875842545,9.84957666721,0
6,88.0823938616,43.0068228711,9.84961560883,8.79934088142,2.82770602123e-07,6.66875842545,9.84957666721,0
6,88.1494787008,43.0739077103,9.8497036989,8.78255412703,2.97965914935e-07,6.66875842545,9.84957666721,0
6,88.2165635399,43.1409925495,9.84963524833,8.76562353083,3.08131092805e-07,6.66875842545,9.84957666721,0
6,88.2836483791,43.2080773886,9.84972152478,8.7485769982,3.12825048704e-07,6.66875842545,9.84957666721,0
6,88.3507332183,43.2751622278,9.8496538214,8.73143454851,3.14428287692e-07,6.66875842545,9.84957666721,0
6,88.4178180575,43.342247067,9.84973834702,8.71421516123,3.16795249453e-07,6.66875842545,9.84957666721,0
6,88.4849028967,43.4093319062,9.8496713419,8.69693170015,3.23094054872e-07,6.66875842545,9.84957666721,0
6,88.5519877359,43.4764167454,9.84975407818,8.6795972206,3.34048017508e-07,6.66875842545,9.84957666721,0
6,88.6190725751,43.5435015846,9.8496877104,8.66221985324,3.47546757426e-07,6.66875842545,9.84957666721,0
6,88.6861574143,43.6105864238,9.84976867157,8.64480870353,3.59880375243e-07,6.66875842545,9.84957666721,0
6,88.7532422535,43.677671263,9.84970288755,8.62736876776,3.6784420286e-07,6.66875842545,9.84957666721,0
6,88.8203270927,43.7447561022,9.84978207483,8.60990651067,3.70519160023e-07,6.66875842545,9.84957666721,0
6,88.8874119319,43.8118409414,9.84971683301,8.5924248597,3.69725390779e-07,6.66875842545,9.84957666721,0
6,88.9544967711,43.8789257806,9.84979426709,8.57492851587,3.68976742881e-07,6.66875842545,9.84957666721,0
6,89.0215816103,43.9460106198,9.84972955015,8.55741904413,3.71513188299e-07,6.66875842545,9.84957666721,0
6,89.0886664495,44.013095459,9.84980523705,8.53989996031,3.78509622655e-07,6.66875842545,9.84957666721,0
6,89.1557512887,44.0801802982,9.84974098032,8.52237192996,3.88429834299e-07,6.66875842545,9.84957666721,0
6,89.2228361279,44.1472651374,9.84981492602,8.50483766407,3.97925439404e-07,6.66875842545,9.84957666721,0
6,89.289920967,44.2143499766,9.84975110509,8.48729723457,4.03739815022e-07,6.66875842545,9.84957666721,0
6,89.3570058062,44.2814348157,9.84982326278,8.46975280474,4.04534222244e-07,6.66875842545,9.84957666721,0
6,89.4240906454,44.3485196549,9.84975982635,8.45220405963,4.01586695706e-07,6.66875842545,9.84957666721,0
6,89.4911754846,44.4156044941,9.84983025501,8.4346527882,3.98042045289e-07,6.66875842545,9.84957666721,0
6,89.5582603238,44.4826893333,9.84976716672,8.4170984251,3.9714342718e-07,6.66875842545,9.84957666721,0
6,89.625345163,44.5497741725,9.84983591186,8.3995424993,4.00442257183e-07,6.66875842545,9.84957666721,0
6,89.6924300022,44.6168590117,9.84977321968,8.38198428262,4.0694366484e-07,6.66875842545,9.84957666721,0
6,89.7595148414,44.6839438509,9.84984027806,8.36442511836,4.13692396357e-07,6.66875842545,9.84957666721,0
6,89.8265996806,44.7510286901,9.84977788741,8.34686417199,4.17450255904e-07,6.66875842545,9.84957666721,0
6,89.8936845198,44.8181135293,9.84984320307,8.32930265086,4.1652165132e-07,6.66875842545,9.84957666721,0
6,89.960769359,44.8851983685,9.72925803468,8.31173965049,4.11667276649e-07,6.66875842545,9.84957666721,0
6,90.0278541982,44.9522832077,9.38540794561,8.29417627426,4.05642668568e-07,6.66875842545,9.84957666721,0
6,90.0949390374,45.0193680469,8.86945148277,8.27661156843,4.01636301764e-07,6.66875842545,9.84957666721,0
