slab_id,phase,h,k,l,facet_label,termination_id,raw_cut_shift,parent_structure_path,parent_sha256,transformation,composition,atom_count,n_formula_units_if_integer,stoichiometric,nominal_charge,cell_normal_length_A,slab_thickness_A,vacuum_A,surface_area_A2,upper_face_id,lower_face_id,faces_equivalent,undercoord_Zn_upper,undercoord_In_upper,undercoord_S_upper,upper_face_composition,upper_termination_fingerprint,undercoord_Zn_lower,undercoord_In_lower,undercoord_S_lower,lower_face_composition,lower_termination_fingerprint,broken_ZnS_estimate,broken_InS_estimate,minimum_distance_A,connectivity_status,connectivity_components,polarity_screen,formal_dipole_eA,formal_dipole_per_area_e_per_A,charged_plane_sequence,cut_diagnostics,complete_layer_count,duplicate_of,materialized_path,status,reason,notes
beta_001_t01,beta,0,0,1,(001),t01,0.14151552213265028,vasp/wp2_surface_and_facet_screening/structure/bulk_parents/beta/POSCAR,e52ccce041a7efac9eabdbdd11b26f9dfe29b5be8d1047d7dddceef691c8480d,"{""final_lattice_A"": [[3.8782842923155867, 0.0, 0.0], [-1.9391421461577933, 3.3586927202930394, 0.0], [0.0, 0.0, 31.061657619433554]], ""inplane_wrap_integers"": [[0, 0], [0, 0], [0, 0], [0, 0], [0, 0], [0, 0], [0, 0]], ""literal_parent_basis_preserved"": false, ""normal_in_parent_cartesian"": [0.0, 0.0, 1.0], ""normal_sign_relative_to_hkl"": 1, ""oriented_repeat_count"": 1, ""oriented_unit_cell_lattice_A"": [[-3.8782842923155867, 0.0, 0.0], [1.9391421461577933, -3.3586927202930394, 0.0], [0.0, 0.0, 12.148433133274931]], ""oriented_unit_cell_matrix"": [[-1, 0, 0], [0, -1, 0], [0, 0, 1]], ""parent_site_indices"": [0, 1, 2, 3, 4, 5, 6], ""raw_lattice_A"": [[-3.8782842923155867, 0.0, 0.0], [1.9391421461577933, -3.3586927202930394, 0.0], [0.0, 0.0, 36.44529939982479]], ""row_cartesian_rotation"": [[-1.0, 0.0, 0.0], [0.0, -1.0, 0.0], [0.0, 0.0, 1.0]], ""translation_z_A"": 9.456612243079311}",Zn1 In2 S4,7,1,True,0.0,31.061657619433554,11.061657619433557,19.999999999999996,13.025965219827203,beta_001_t01_upper,beta_001_t01_lower,False,0,0,1,"{""S"": 2, ""Zn"": 1}","[{""coordination"": [[""S"", 0]], ""depth_A"": 0.0, ""species"": {""S"": 1}}, {""coordination"": [[""S"", 3]], ""depth_A"": 2.72857, ""species"": {""S"": 1}}, {""coordination"": [[""Zn"", 4]], ""depth_A"": 3.28291, ""species"": {""Zn"": 1}}]",0,1,0,"{""In"": 1, ""S"": 1}","[{""coordination"": [[""In"", 1]], ""depth_A"": 0.0, ""species"": {""In"": 1}}, {""coordination"": [[""S"", 4]], ""depth_A"": 2.45095, ""species"": {""S"": 1}}]",0,3,2.3067251184194215,FINITE_FRAGMENTS,"[{""atom_count"": 1, ""composition"": {""S"": 1}, ""periodic_cycle_vectors"": [], ""periodic_rank"": 0, ""site_indices"": [0]}, {""atom_count"": 6, ""composition"": {""In"": 2, ""S"": 3, ""Zn"": 1}, ""periodic_cycle_vectors"": [[-1, -1, 0], [-1, 0, 0], [0, -1, 0], [0, 1, 0], [1, 0, 0], [1, 1, 0]], ""periodic_rank"": 2, ""site_indices"": [1, 2, 3, 4, 5, 6]}]",HIGH_CONCERN,-26.688451156410448,-2.0488655317294397,"[{""formal_charge_e"": 3, ""site_indices"": [4], ""species"": {""In"": 1}, ""z_A"": 0.0}, {""formal_charge_e"": -2, ""site_indices"": [1], ""species"": {""S"": 1}, ""z_A"": 2.4509494549728643}, {""formal_charge_e"": 3, ""site_indices"": [5], ""species"": {""In"": 1}, ""z_A"": 3.976125543156149}, {""formal_charge_e"": -2, ""site_indices"": [2], ""species"": {""S"": 1}, ""z_A"": 5.241474263405262}, {""formal_charge_e"": 2, ""site_indices"": [6], ""species"": {""Zn"": 1}, ""z_A"": 7.778750141226471}, {""formal_charge_e"": -2, ""site_indices"": [3], ""species"": {""S"": 1}, ""z_A"": 8.333082696354236}, {""formal_charge_e"": -2, ""site_indices"": [0], ""species"": {""S"": 1}, ""z_A"": 11.061657619433557}]","{""crossing_InS"": 3, ""crossing_ZnS"": 0, ""fractional_shift"": 0.14151552213265028, ""nearest_gap_width_A"": 1.0867755138413773, ""no_first_shell_bond_crosses"": false, ""oriented_bulk_planes"": [{""formal_charge_e"": -2, ""site_indices"": [0], ""species"": {""S"": 1}, ""z_A"": 0.0}, {""formal_charge_e"": 3, ""site_indices"": [4], ""species"": {""In"": 1}, ""z_A"": 1.0867755138413773}, {""formal_charge_e"": -2, ""site_indices"": [1], ""species"": {""S"": 1}, ""z_A"": 3.5377249688142407}, {""formal_charge_e"": 3, ""site_indices"": [5], ""species"": {""In"": 1}, ""z_A"": 5.062901056997525}, {""formal_charge_e"": -2, ""site_indices"": [2], ""species"": {""S"": 1}, ""z_A"": 6.328249777246642}, {""formal_charge_e"": 2, ""site_indices"": [6], ""species"": {""Zn"": 1}, ""z_A"": 8.86552565506785}, {""formal_charge_e"": -2, ""site_indices"": [3], ""species"": {""S"": 1}, ""z_A"": 9.419858210195612}]}",,,,REJECT,detached finite fragment(s); incomplete or bond-cut basal layered unit; basal cut crosses bulk first-shell bonds,Unrelaxed seed; vacuum/thickness not converged; no energy ranking.
beta_001_t02,beta,0,0,1,(001),t02,0.2871196889417964,vasp/wp2_surface_and_facet_screening/structure/bulk_parents/beta/POSCAR,e52ccce041a7efac9eabdbdd11b26f9dfe29b5be8d1047d7dddceef691c8480d,"{""final_lattice_A"": [[3.8782842923155867, 0.0, 0.0], [-1.9391421461577933, 3.3586927202930394, 0.0], [0.0, 0.0, 29.69748367830207]], ""inplane_wrap_integers"": [[0, 0], [0, 0], [0, 0], [0, 0], [0, 0], [0, 0], [0, 0]], ""literal_parent_basis_preserved"": false, ""normal_in_parent_cartesian"": [0.0, 0.0, 1.0], ""normal_sign_relative_to_hkl"": 1, ""oriented_repeat_count"": 1, ""oriented_unit_cell_lattice_A"": [[-3.8782842923155867, 0.0, 0.0], [1.9391421461577933, -3.3586927202930394, 0.0], [0.0, 0.0, 12.148433133274931]], ""oriented_unit_cell_matrix"": [[-1, 0, 0], [0, -1, 0], [0, 0, 1]], ""parent_site_indices"": [0, 1, 2, 3, 4, 5, 6], ""raw_lattice_A"": [[-3.8782842923155867, 0.0, 0.0], [1.9391421461577933, -3.3586927202930394, 0.0], [0.0, 0.0, 36.44529939982479]], ""row_cartesian_rotation"": [[-1.0, 0.0, 0.0], [0.0, -1.0, 0.0], [0.0, 0.0, 1.0]], ""translation_z_A"": 8.77452527251357}",Zn1 In2 S4,7,1,True,0.0,29.69748367830207,9.697483678302069,20.0,13.025965219827203,beta_001_t02_upper,beta_001_t02_lower,False,0,1,0,"{""In"": 1, ""S"": 1}","[{""coordination"": [[""In"", 3]], ""depth_A"": 0.0, ""species"": {""In"": 1}}, {""coordination"": [[""S"", 3]], ""depth_A"": 1.08678, ""species"": {""S"": 1}}]",0,0,1,"{""In"": 1, ""S"": 2}","[{""coordination"": [[""S"", 3]], ""depth_A"": 0.0, ""species"": {""S"": 1}}, {""coordination"": [[""In"", 6]], ""depth_A"": 1.52518, ""species"": {""In"": 1}}, {""coordination"": [[""S"", 4]], ""depth_A"": 2.79052, ""species"": {""S"": 1}}]",0,1,2.306725118419421,PERIODIC_VDW_COMPONENTS,"[{""atom_count"": 2, ""composition"": {""In"": 1, ""S"": 1}, ""periodic_cycle_vectors"": [[-1, -1, 0], [-1, 0, 0], [1, 0, 0], [1, 1, 0]], ""periodic_rank"": 2, ""site_indices"": [0, 4]}, {""atom_count"": 5, ""composition"": {""In"": 1, ""S"": 3, ""Zn"": 1}, ""periodic_cycle_vectors"": [[-1, -1, 0], [-1, 0, 0], [0, -1, 0], [0, 1, 0], [1, 0, 0], [1, 1, 0]], ""periodic_rank"": 2, ""site_indices"": [1, 2, 3, 5, 6]}]",HIGH_CONCERN,9.756848243414348,0.7490307304493001,"[{""formal_charge_e"": -2, ""site_indices"": [1], ""species"": {""S"": 1}, ""z_A"": 0.0}, {""formal_charge_e"": 3, ""site_indices"": [5], ""species"": {""In"": 1}, ""z_A"": 1.525176088183283}, {""formal_charge_e"": -2, ""site_indices"": [2], ""species"": {""S"": 1}, ""z_A"": 2.7905248084324015}, {""formal_charge_e"": 2, ""site_indices"": [6], ""species"": {""Zn"": 1}, ""z_A"": 5.3278006862536085}, {""formal_charge_e"": -2, ""site_indices"": [3], ""species"": {""S"": 1}, ""z_A"": 5.88213324138137}, {""formal_charge_e"": -2, ""site_indices"": [0], ""species"": {""S"": 1}, ""z_A"": 8.610708164460691}, {""formal_charge_e"": 3, ""site_indices"": [4], ""species"": {""In"": 1}, ""z_A"": 9.697483678302069}]","{""crossing_InS"": 1, ""crossing_ZnS"": 0, ""fractional_shift"": 0.2871196889417964, ""nearest_gap_width_A"": 2.450949454972863, ""no_first_shell_bond_crosses"": false, ""oriented_bulk_planes"": [{""formal_charge_e"": -2, ""site_indices"": [0], ""species"": {""S"": 1}, ""z_A"": 0.0}, {""formal_charge_e"": 3, ""site_indices"": [4], ""species"": {""In"": 1}, ""z_A"": 1.0867755138413773}, {""formal_charge_e"": -2, ""site_indices"": [1], ""species"": {""S"": 1}, ""z_A"": 3.5377249688142407}, {""formal_charge_e"": 3, ""site_indices"": [5], ""species"": {""In"": 1}, ""z_A"": 5.062901056997525}, {""formal_charge_e"": -2, ""site_indices"": [2], ""species"": {""S"": 1}, ""z_A"": 6.328249777246642}, {""formal_charge_e"": 2, ""site_indices"": [6], ""species"": {""Zn"": 1}, ""z_A"": 8.86552565506785}, {""formal_charge_e"": -2, ""site_indices"": [3], ""species"": {""S"": 1}, ""z_A"": 9.419858210195612}]}",,,,REJECT,incomplete or bond-cut basal layered unit; basal cut crosses bulk first-shell bonds,Unrelaxed seed; vacuum/thickness not converged; no energy ranking.
beta_001_t03,beta,0,0,1,(001),t03,0.4507673585439534,vasp/wp2_surface_and_facet_screening/structure/bulk_parents/beta/POSCAR,e52ccce041a7efac9eabdbdd11b26f9dfe29b5be8d1047d7dddceef691c8480d,"{""final_lattice_A"": [[3.8782842923155867, 0.0, 0.0], [-1.9391421461577933, 3.3586927202930394, 0.0], [0.0, 0.0, 30.62325704509165]], ""inplane_wrap_integers"": [[0, 0], [0, 0], [0, 0], [0, 0], [0, 0], [0, 0], [0, 0]], ""literal_parent_basis_preserved"": false, ""normal_in_parent_cartesian"": [0.0, 0.0, 1.0], ""normal_sign_relative_to_hkl"": 1, ""oriented_repeat_count"": 1, ""oriented_unit_cell_lattice_A"": [[-3.8782842923155867, 0.0, 0.0], [1.9391421461577933, -3.3586927202930394, 0.0], [0.0, 0.0, 12.148433133274931]], ""oriented_unit_cell_matrix"": [[-1, 0, 0], [0, -1, 0], [0, 0, 1]], ""parent_site_indices"": [0, 1, 2, 3, 4, 5, 6], ""raw_lattice_A"": [[-3.8782842923155867, 0.0, 0.0], [1.9391421461577933, -3.3586927202930394, 0.0], [0.0, 0.0, 36.44529939982479]], ""row_cartesian_rotation"": [[-1.0, 0.0, 0.0], [0.0, -1.0, 0.0], [0.0, 0.0, 1.0]], ""translation_z_A"": 9.237411955908359}",Zn1 In2 S4,7,1,True,0.0,30.62325704509165,10.623257045091648,20.0,13.025965219827203,beta_001_t03_upper,beta_001_t03_lower,False,0,0,1,"{""In"": 1, ""S"": 2}","[{""coordination"": [[""S"", 1]], ""depth_A"": 0.0, ""species"": {""S"": 1}}, {""coordination"": [[""In"", 4]], ""depth_A"": 2.45095, ""species"": {""In"": 1}}, {""coordination"": [[""S"", 3]], ""depth_A"": 3.53772, ""species"": {""S"": 1}}]",0,1,0,"{""In"": 1, ""S"": 1}","[{""coordination"": [[""In"", 3]], ""depth_A"": 0.0, ""species"": {""In"": 1}}, {""coordination"": [[""S"", 4]], ""depth_A"": 1.26535, ""species"": {""S"": 1}}]",0,3,2.3067251184194215,PERIODIC_VDW_COMPONENTS,"[{""atom_count"": 3, ""composition"": {""In"": 1, ""S"": 2}, ""periodic_cycle_vectors"": [[-1, -1, 0], [-1, 0, 0], [1, 0, 0], [1, 1, 0]], ""periodic_rank"": 2, ""site_indices"": [0, 1, 4]}, {""atom_count"": 4, ""composition"": {""In"": 1, ""S"": 2, ""Zn"": 1}, ""periodic_cycle_vectors"": [[-1, -1, 0], [-1, 0, 0], [0, -1, 0], [0, 1, 0], [1, 0, 0], [1, 1, 0]], ""periodic_rank"": 2, ""site_indices"": [2, 3, 5, 6]}]",HIGH_CONCERN,-14.540018023135517,-1.1162334443365263,"[{""formal_charge_e"": 3, ""site_indices"": [5], ""species"": {""In"": 1}, ""z_A"": 0.0}, {""formal_charge_e"": -2, ""site_indices"": [2], ""species"": {""S"": 1}, ""z_A"": 1.2653487202491167}, {""formal_charge_e"": 2, ""site_indices"": [6], ""species"": {""Zn"": 1}, ""z_A"": 3.8026245980703237}, {""formal_charge_e"": -2, ""site_indices"": [3], ""species"": {""S"": 1}, ""z_A"": 4.356957153198087}, {""formal_charge_e"": -2, ""site_indices"": [0], ""species"": {""S"": 1}, ""z_A"": 7.085532076277406}, {""formal_charge_e"": 3, ""site_indices"": [4], ""species"": {""In"": 1}, ""z_A"": 8.172307590118784}, {""formal_charge_e"": -2, ""site_indices"": [1], ""species"": {""S"": 1}, ""z_A"": 10.623257045091648}]","{""crossing_InS"": 3, ""crossing_ZnS"": 0, ""fractional_shift"": 0.4507673585439534, ""nearest_gap_width_A"": 1.525176088183284, ""no_first_shell_bond_crosses"": false, ""oriented_bulk_planes"": [{""formal_charge_e"": -2, ""site_indices"": [0], ""species"": {""S"": 1}, ""z_A"": 0.0}, {""formal_charge_e"": 3, ""site_indices"": [4], ""species"": {""In"": 1}, ""z_A"": 1.0867755138413773}, {""formal_charge_e"": -2, ""site_indices"": [1], ""species"": {""S"": 1}, ""z_A"": 3.5377249688142407}, {""formal_charge_e"": 3, ""site_indices"": [5], ""species"": {""In"": 1}, ""z_A"": 5.062901056997525}, {""formal_charge_e"": -2, ""site_indices"": [2], ""species"": {""S"": 1}, ""z_A"": 6.328249777246642}, {""formal_charge_e"": 2, ""site_indices"": [6], ""species"": {""Zn"": 1}, ""z_A"": 8.86552565506785}, {""formal_charge_e"": -2, ""site_indices"": [3], ""species"": {""S"": 1}, ""z_A"": 9.419858210195612}]}",,,,REJECT,incomplete or bond-cut basal layered unit; basal cut crosses bulk first-shell bonds,Unrelaxed seed; vacuum/thickness not converged; no energy ranking.
beta_001_t04,beta,0,0,1,(001),t04,0.5656185816530911,vasp/wp2_surface_and_facet_screening/structure/bulk_parents/beta/POSCAR,e52ccce041a7efac9eabdbdd11b26f9dfe29b5be8d1047d7dddceef691c8480d,"{""final_lattice_A"": [[3.8782842923155867, 0.0, 0.0], [-1.9391421461577933, 3.3586927202930394, 0.0], [0.0, 0.0, 30.883084413025813]], ""inplane_wrap_integers"": [[0, 0], [0, 0], [0, 0], [0, 0], [0, 0], [0, 0], [0, 0]], ""literal_parent_basis_preserved"": false, ""normal_in_parent_cartesian"": [0.0, 0.0, 1.0], ""normal_sign_relative_to_hkl"": 1, ""oriented_repeat_count"": 1, ""oriented_unit_cell_lattice_A"": [[-3.8782842923155867, 0.0, 0.0], [1.9391421461577933, -3.3586927202930394, 0.0], [0.0, 0.0, 12.148433133274931]], ""oriented_unit_cell_matrix"": [[-1, 0, 0], [0, -1, 0], [0, 0, 1]], ""parent_site_indices"": [0, 1, 2, 3, 4, 5, 6], ""raw_lattice_A"": [[-3.8782842923155867, 0.0, 0.0], [1.9391421461577933, -3.3586927202930394, 0.0], [0.0, 0.0, 36.44529939982479]], ""row_cartesian_rotation"": [[-1.0, 0.0, 0.0], [0.0, -1.0, 0.0], [0.0, 0.0, 1.0]], ""translation_z_A"": 9.36732563987544}",Zn1 In2 S4,7,1,True,0.0,30.883084413025813,10.883084413025813,20.0,13.025965219827203,beta_001_t04_upper,beta_001_t04_lower,False,0,1,0,"{""In"": 1, ""S"": 1}","[{""coordination"": [[""In"", 3]], ""depth_A"": 0.0, ""species"": {""In"": 1}}, {""coordination"": [[""S"", 4]], ""depth_A"": 1.52518, ""species"": {""S"": 1}}]",0,0,1,"{""S"": 2, ""Zn"": 1}","[{""coordination"": [[""S"", 1]], ""depth_A"": 0.0, ""species"": {""S"": 1}}, {""coordination"": [[""Zn"", 4]], ""depth_A"": 2.53728, ""species"": {""Zn"": 1}}, {""coordination"": [[""S"", 3]], ""depth_A"": 3.09161, ""species"": {""S"": 1}}]",0,3,2.3067251184194215,PERIODIC_VDW_COMPONENTS,"[{""atom_count"": 4, ""composition"": {""In"": 2, ""S"": 2}, ""periodic_cycle_vectors"": [[-1, -1, 0], [-1, 0, 0], [1, 0, 0], [1, 1, 0]], ""periodic_rank"": 2, ""site_indices"": [0, 1, 4, 5]}, {""atom_count"": 3, ""composition"": {""S"": 2, ""Zn"": 1}, ""periodic_cycle_vectors"": [[-1, -1, 0], [-1, 0, 0], [1, 0, 0], [1, 1, 0]], ""periodic_rank"": 2, ""site_indices"": [2, 3, 6]}]",HIGH_CONCERN,21.905281376689288,1.681662817842214,"[{""formal_charge_e"": -2, ""site_indices"": [2], ""species"": {""S"": 1}, ""z_A"": 0.0}, {""formal_charge_e"": 2, ""site_indices"": [6], ""species"": {""Zn"": 1}, ""z_A"": 2.537275877821207}, {""formal_charge_e"": -2, ""site_indices"": [3], ""species"": {""S"": 1}, ""z_A"": 3.0916084329489717}, {""formal_charge_e"": -2, ""site_indices"": [0], ""species"": {""S"": 1}, ""z_A"": 5.82018335602829}, {""formal_charge_e"": 3, ""site_indices"": [4], ""species"": {""In"": 1}, ""z_A"": 6.906958869869673}, {""formal_charge_e"": -2, ""site_indices"": [1], ""species"": {""S"": 1}, ""z_A"": 9.35790832484253}, {""formal_charge_e"": 3, ""site_indices"": [5], ""species"": {""In"": 1}, ""z_A"": 10.883084413025813}]","{""crossing_InS"": 3, ""crossing_ZnS"": 0, ""fractional_shift"": 0.5656185816530911, ""nearest_gap_width_A"": 1.2653487202491165, ""no_first_shell_bond_crosses"": false, ""oriented_bulk_planes"": [{""formal_charge_e"": -2, ""site_indices"": [0], ""species"": {""S"": 1}, ""z_A"": 0.0}, {""formal_charge_e"": 3, ""site_indices"": [4], ""species"": {""In"": 1}, ""z_A"": 1.0867755138413773}, {""formal_charge_e"": -2, ""site_indices"": [1], ""species"": {""S"": 1}, ""z_A"": 3.5377249688142407}, {""formal_charge_e"": 3, ""site_indices"": [5], ""species"": {""In"": 1}, ""z_A"": 5.062901056997525}, {""formal_charge_e"": -2, ""site_indices"": [2], ""species"": {""S"": 1}, ""z_A"": 6.328249777246642}, {""formal_charge_e"": 2, ""site_indices"": [6], ""species"": {""Zn"": 1}, ""z_A"": 8.86552565506785}, {""formal_charge_e"": -2, ""site_indices"": [3], ""species"": {""S"": 1}, ""z_A"": 9.419858210195612}]}",,,,REJECT,incomplete or bond-cut basal layered unit; basal cut crosses bulk first-shell bonds,Unrelaxed seed; vacuum/thickness not converged; no energy ranking.
beta_001_t05,beta,0,0,1,(001),t05,0.7221253737781932,vasp/wp2_surface_and_facet_screening/structure/bulk_parents/beta/POSCAR,e52ccce041a7efac9eabdbdd11b26f9dfe29b5be8d1047d7dddceef691c8480d,"{""final_lattice_A"": [[3.8782842923155867, 0.0, 0.0], [-1.9391421461577933, 3.3586927202930394, 0.0], [0.0, 0.0, 29.611157255453723]], ""inplane_wrap_integers"": [[0, 0], [0, 0], [0, 0], [0, 0], [0, 0], [0, 0], [0, 0]], ""literal_parent_basis_preserved"": false, ""normal_in_parent_cartesian"": [0.0, 0.0, 1.0], ""normal_sign_relative_to_hkl"": 1, ""oriented_repeat_count"": 1, ""oriented_unit_cell_lattice_A"": [[-3.8782842923155867, 0.0, 0.0], [1.9391421461577933, -3.3586927202930394, 0.0], [0.0, 0.0, 12.148433133274931]], ""oriented_unit_cell_matrix"": [[-1, 0, 0], [0, -1, 0], [0, 0, 1]], ""parent_site_indices"": [0, 1, 2, 3, 4, 5, 6], ""raw_lattice_A"": [[-3.8782842923155867, 0.0, 0.0], [1.9391421461577933, -3.3586927202930394, 0.0], [0.0, 0.0, 36.44529939982479]], ""row_cartesian_rotation"": [[-1.0, 0.0, 0.0], [0.0, -1.0, 0.0], [0.0, 0.0, 1.0]], ""translation_z_A"": 8.731362061089396}",Zn1 In2 S4,7,1,True,0.0,29.611157255453723,9.61115725545372,20.0,13.025965219827203,beta_001_t05_upper,beta_001_t05_lower,False,0,0,1,"{""In"": 1, ""S"": 2}","[{""coordination"": [[""S"", 3]], ""depth_A"": 0.0, ""species"": {""S"": 1}}, {""coordination"": [[""In"", 6]], ""depth_A"": 1.26535, ""species"": {""In"": 1}}, {""coordination"": [[""S"", 4]], ""depth_A"": 2.79052, ""species"": {""S"": 1}}]",1,0,0,"{""S"": 2, ""Zn"": 1}","[{""coordination"": [[""Zn"", 3]], ""depth_A"": 0.0, ""species"": {""Zn"": 1}}, {""coordination"": [[""S"", 3]], ""depth_A"": 0.55433, ""species"": {""S"": 1}}, {""coordination"": [[""S"", 3]], ""depth_A"": 3.28291, ""species"": {""S"": 1}}]",1,0,2.306725118419421,PERIODIC_VDW_COMPONENTS,"[{""atom_count"": 5, ""composition"": {""In"": 2, ""S"": 3}, ""periodic_cycle_vectors"": [[-1, -1, 0], [-1, 0, 0], [0, -1, 0], [0, 1, 0], [1, 0, 0], [1, 1, 0]], ""periodic_rank"": 2, ""site_indices"": [0, 1, 2, 4, 5]}, {""atom_count"": 2, ""composition"": {""S"": 1, ""Zn"": 1}, ""periodic_cycle_vectors"": [[-1, -1, 0], [-1, 0, 0], [1, 0, 0], [1, 1, 0]], ""periodic_rank"": 2, ""site_indices"": [3, 6]}]",HIGH_CONCERN,-2.391584889860587,-0.18360135694361332,"[{""formal_charge_e"": 2, ""site_indices"": [6], ""species"": {""Zn"": 1}, ""z_A"": 0.0}, {""formal_charge_e"": -2, ""site_indices"": [3], ""species"": {""S"": 1}, ""z_A"": 0.5543325551277611}, {""formal_charge_e"": -2, ""site_indices"": [0], ""species"": {""S"": 1}, ""z_A"": 3.2829074782070826}, {""formal_charge_e"": 3, ""site_indices"": [4], ""species"": {""In"": 1}, ""z_A"": 4.36968299204846}, {""formal_charge_e"": -2, ""site_indices"": [1], ""species"": {""S"": 1}, ""z_A"": 6.820632447021323}, {""formal_charge_e"": 3, ""site_indices"": [5], ""species"": {""In"": 1}, ""z_A"": 8.345808535204602}, {""formal_charge_e"": -2, ""site_indices"": [2], ""species"": {""S"": 1}, ""z_A"": 9.61115725545372}]","{""crossing_InS"": 0, ""crossing_ZnS"": 1, ""fractional_shift"": 0.7221253737781932, ""nearest_gap_width_A"": 2.5372758778212083, ""no_first_shell_bond_crosses"": false, ""oriented_bulk_planes"": [{""formal_charge_e"": -2, ""site_indices"": [0], ""species"": {""S"": 1}, ""z_A"": 0.0}, {""formal_charge_e"": 3, ""site_indices"": [4], ""species"": {""In"": 1}, ""z_A"": 1.0867755138413773}, {""formal_charge_e"": -2, ""site_indices"": [1], ""species"": {""S"": 1}, ""z_A"": 3.5377249688142407}, {""formal_charge_e"": 3, ""site_indices"": [5], ""species"": {""In"": 1}, ""z_A"": 5.062901056997525}, {""formal_charge_e"": -2, ""site_indices"": [2], ""species"": {""S"": 1}, ""z_A"": 6.328249777246642}, {""formal_charge_e"": 2, ""site_indices"": [6], ""species"": {""Zn"": 1}, ""z_A"": 8.86552565506785}, {""formal_charge_e"": -2, ""site_indices"": [3], ""species"": {""S"": 1}, ""z_A"": 9.419858210195612}]}",,,,REJECT,incomplete or bond-cut basal layered unit; basal cut crosses bulk first-shell bonds,Unrelaxed seed; vacuum/thickness not converged; no energy ranking.
beta_001_t06,beta,0,0,1,(001),t06,0.8493684675596027,vasp/wp2_surface_and_facet_screening/structure/bulk_parents/beta/POSCAR,e52ccce041a7efac9eabdbdd11b26f9dfe29b5be8d1047d7dddceef691c8480d,"{""final_lattice_A"": [[3.8782842923155867, 0.0, 0.0], [-1.9391421461577933, 3.3586927202930394, 0.0], [0.0, 0.0, 31.59410057814717]], ""inplane_wrap_integers"": [[0, 0], [0, 0], [0, 0], [0, 0], [0, 0], [0, 0], [0, 0]], ""literal_parent_basis_preserved"": false, ""normal_in_parent_cartesian"": [0.0, 0.0, 1.0], ""normal_sign_relative_to_hkl"": 1, ""oriented_repeat_count"": 1, ""oriented_unit_cell_lattice_A"": [[-3.8782842923155867, 0.0, 0.0], [1.9391421461577933, -3.3586927202930394, 0.0], [0.0, 0.0, 12.148433133274931]], ""oriented_unit_cell_matrix"": [[-1, 0, 0], [0, -1, 0], [0, 0, 1]], ""parent_site_indices"": [0, 1, 2, 3, 4, 5, 6], ""raw_lattice_A"": [[-3.8782842923155867, 0.0, 0.0], [1.9391421461577933, -3.3586927202930394, 0.0], [0.0, 0.0, 36.44529939982479]], ""row_cartesian_rotation"": [[-1.0, 0.0, 0.0], [0.0, -1.0, 0.0], [0.0, 0.0, 1.0]], ""translation_z_A"": 9.72283372243612}",Zn1 In2 S4,7,1,True,0.0,31.59410057814717,11.594100578147174,19.999999999999996,13.025965219827203,beta_001_t06_upper,beta_001_t06_lower,False,1,0,0,"{""S"": 1, ""Zn"": 1}","[{""coordination"": [[""Zn"", 1]], ""depth_A"": 0.0, ""species"": {""Zn"": 1}}, {""coordination"": [[""S"", 4]], ""depth_A"": 2.53728, ""species"": {""S"": 1}}]",0,0,1,"{""S"": 2}","[{""coordination"": [[""S"", 0]], ""depth_A"": 0.0, ""species"": {""S"": 1}}, {""coordination"": [[""S"", 3]], ""depth_A"": 2.72857, ""species"": {""S"": 1}}]",3,0,2.4509494549728554,FINITE_FRAGMENTS,"[{""atom_count"": 6, ""composition"": {""In"": 2, ""S"": 3, ""Zn"": 1}, ""periodic_cycle_vectors"": [[-1, -1, 0], [-1, 0, 0], [0, -1, 0], [0, 1, 0], [1, 0, 0], [1, 1, 0]], ""periodic_rank"": 2, ""site_indices"": [0, 1, 2, 4, 5, 6]}, {""atom_count"": 1, ""composition"": {""S"": 1}, ""periodic_cycle_vectors"": [], ""periodic_rank"": 0, ""site_indices"": [3]}]",HIGH_CONCERN,21.905281376689306,1.6816628178422153,"[{""formal_charge_e"": -2, ""site_indices"": [3], ""species"": {""S"": 1}, ""z_A"": 0.0}, {""formal_charge_e"": -2, ""site_indices"": [0], ""species"": {""S"": 1}, ""z_A"": 2.7285749230793233}, {""formal_charge_e"": 3, ""site_indices"": [4], ""species"": {""In"": 1}, ""z_A"": 3.815350436920701}, {""formal_charge_e"": -2, ""site_indices"": [1], ""species"": {""S"": 1}, ""z_A"": 6.26629989189356}, {""formal_charge_e"": 3, ""site_indices"": [5], ""species"": {""In"": 1}, ""z_A"": 7.79147598007685}, {""formal_charge_e"": -2, ""site_indices"": [2], ""species"": {""S"": 1}, ""z_A"": 9.056824700325965}, {""formal_charge_e"": 2, ""site_indices"": [6], ""species"": {""Zn"": 1}, ""z_A"": 11.594100578147174}]","{""crossing_InS"": 0, ""crossing_ZnS"": 3, ""fractional_shift"": 0.8493684675596027, ""nearest_gap_width_A"": 0.5543325551277613, ""no_first_shell_bond_crosses"": false, ""oriented_bulk_planes"": [{""formal_charge_e"": -2, ""site_indices"": [0], ""species"": {""S"": 1}, ""z_A"": 0.0}, {""formal_charge_e"": 3, ""site_indices"": [4], ""species"": {""In"": 1}, ""z_A"": 1.0867755138413773}, {""formal_charge_e"": -2, ""site_indices"": [1], ""species"": {""S"": 1}, ""z_A"": 3.5377249688142407}, {""formal_charge_e"": 3, ""site_indices"": [5], ""species"": {""In"": 1}, ""z_A"": 5.062901056997525}, {""formal_charge_e"": -2, ""site_indices"": [2], ""species"": {""S"": 1}, ""z_A"": 6.328249777246642}, {""formal_charge_e"": 2, ""site_indices"": [6], ""species"": {""Zn"": 1}, ""z_A"": 8.86552565506785}, {""formal_charge_e"": -2, ""site_indices"": [3], ""species"": {""S"": 1}, ""z_A"": 9.419858210195612}]}",,,,REJECT,detached finite fragment(s); incomplete or bond-cut basal layered unit; basal cut crosses bulk first-shell bonds,Unrelaxed seed; vacuum/thickness not converged; no energy ranking.
beta_001_t07,beta,0,0,1,(001),t07,0.984484965390714,vasp/wp2_surface_and_facet_screening/structure/bulk_parents/beta/POSCAR,e52ccce041a7efac9eabdbdd11b26f9dfe29b5be8d1047d7dddceef691c8480d,"{""final_lattice_A"": [[3.8782842923155867, 0.0, 0.0], [-1.9391421461577933, 3.3586927202930394, 0.0], [0.0, 0.0, 29.419858210195613]], ""inplane_wrap_integers"": [[0, 0], [0, 0], [0, 0], [0, 0], [0, 0], [0, 0], [0, 0]], ""literal_parent_basis_preserved"": false, ""normal_in_parent_cartesian"": [0.0, 0.0, 1.0], ""normal_sign_relative_to_hkl"": 1, ""oriented_repeat_count"": 1, ""oriented_unit_cell_lattice_A"": [[-3.8782842923155867, 0.0, 0.0], [1.9391421461577933, -3.3586927202930394, 0.0], [0.0, 0.0, 12.148433133274931]], ""oriented_unit_cell_matrix"": [[-1, 0, 0], [0, -1, 0], [0, 0, 1]], ""parent_site_indices"": [0, 1, 2, 3, 4, 5, 6], ""raw_lattice_A"": [[-3.8782842923155867, 0.0, 0.0], [1.9391421461577933, -3.3586927202930394, 0.0], [0.0, 0.0, 36.44529939982479]], ""row_cartesian_rotation"": [[-1.0, 0.0, 0.0], [0.0, -1.0, 0.0], [0.0, 0.0, 1.0]], ""translation_z_A"": 8.635712538460341}",Zn1 In2 S4,7,1,True,0.0,29.419858210195613,9.419858210195613,20.0,13.025965219827203,beta_001_t07_upper,beta_001_t07_lower,False,0,0,0,"{""S"": 2, ""Zn"": 1}","[{""coordination"": [[""S"", 3]], ""depth_A"": 0.0, ""species"": {""S"": 1}}, {""coordination"": [[""Zn"", 4]], ""depth_A"": 0.55433, ""species"": {""Zn"": 1}}, {""coordination"": [[""S"", 4]], ""depth_A"": 3.09161, ""species"": {""S"": 1}}]",0,0,0,"{""In"": 1, ""S"": 2}","[{""coordination"": [[""S"", 3]], ""depth_A"": 0.0, ""species"": {""S"": 1}}, {""coordination"": [[""In"", 4]], ""depth_A"": 1.08678, ""species"": {""In"": 1}}, {""coordination"": [[""S"", 4]], ""depth_A"": 3.53772, ""species"": {""S"": 1}}]",0,0,2.306725118419422,CONNECTED,"[{""atom_count"": 7, ""composition"": {""In"": 2, ""S"": 4, ""Zn"": 1}, ""periodic_cycle_vectors"": [[-1, -1, 0], [-1, 0, 0], [0, -1, 0], [0, 1, 0], [1, 0, 0], [1, 1, 0]], ""periodic_rank"": 2, ""site_indices"": [0, 1, 2, 3, 4, 5, 6]}]",HIGH_CONCERN,-2.3915848898605834,-0.18360135694361304,"[{""formal_charge_e"": -2, ""site_indices"": [0], ""species"": {""S"": 1}, ""z_A"": 0.0}, {""formal_charge_e"": 3, ""site_indices"": [4], ""species"": {""In"": 1}, ""z_A"": 1.0867755138413777}, {""formal_charge_e"": -2, ""site_indices"": [1], ""species"": {""S"": 1}, ""z_A"": 3.5377249688142385}, {""formal_charge_e"": 3, ""site_indices"": [5], ""species"": {""In"": 1}, ""z_A"": 5.062901056997523}, {""formal_charge_e"": -2, ""site_indices"": [2], ""species"": {""S"": 1}, ""z_A"": 6.32824977724664}, {""formal_charge_e"": 2, ""site_indices"": [6], ""species"": {""Zn"": 1}, ""z_A"": 8.865525655067849}, {""formal_charge_e"": -2, ""site_indices"": [3], ""species"": {""S"": 1}, ""z_A"": 9.419858210195613}]","{""crossing_InS"": 0, ""crossing_ZnS"": 0, ""fractional_shift"": 0.984484965390714, ""nearest_gap_width_A"": 2.7285749230793206, ""no_first_shell_bond_crosses"": true, ""oriented_bulk_planes"": [{""formal_charge_e"": -2, ""site_indices"": [0], ""species"": {""S"": 1}, ""z_A"": 0.0}, {""formal_charge_e"": 3, ""site_indices"": [4], ""species"": {""In"": 1}, ""z_A"": 1.0867755138413773}, {""formal_charge_e"": -2, ""site_indices"": [1], ""species"": {""S"": 1}, ""z_A"": 3.5377249688142407}, {""formal_charge_e"": 3, ""site_indices"": [5], ""species"": {""In"": 1}, ""z_A"": 5.062901056997525}, {""formal_charge_e"": -2, ""site_indices"": [2], ""species"": {""S"": 1}, ""z_A"": 6.328249777246642}, {""formal_charge_e"": 2, ""site_indices"": [6], ""species"": {""Zn"": 1}, ""z_A"": 8.86552565506785}, {""formal_charge_e"": -2, ""site_indices"": [3], ""species"": {""S"": 1}, ""z_A"": 9.419858210195612}]}",1,,vasp/wp2_surface_and_facet_screening/structure/slab_candidates/beta/001/beta_001_t07/POSCAR,HOLD,Structurally valid seed; high formal-electrostatics concern requires human inspection,Unrelaxed seed; vacuum/thickness not converged; no energy ranking.
beta_100_t01,beta,1,0,0,(100),t01,0.08333333574999989,vasp/wp2_surface_and_facet_screening/structure/bulk_parents/beta/POSCAR,e52ccce041a7efac9eabdbdd11b26f9dfe29b5be8d1047d7dddceef691c8480d,"{""final_lattice_A"": [[3.878284292358531, 0.0, 0.0], [0.0, 12.148433133274931, 0.0], [0.0, 0.0, 32.315206608470746]], ""inplane_wrap_integers"": [[-1, 0], [0, 0], [0, 0], [0, 0], [-1, 0], [0, 0], [0, 0], [0, 0], [0, 0], [0, 0], [0, 0], [0, 0], [-1, 0], [0, 0], [-1, 0], [0, 0], [0, 0], [0, 0], [-1, 0], [0, 0], [0, 0], [0, 0], [0, 0], [0, 0], [0, 0], [0, 0], [-1, 0], [0, 0]], ""literal_parent_basis_preserved"": false, ""normal_in_parent_cartesian"": [0.866025403787635, 0.4999999999944635, 0.0], ""normal_sign_relative_to_hkl"": 1, ""oriented_repeat_count"": 2, ""oriented_unit_cell_lattice_A"": [[1.9391421461577933, -3.3586927202930394, 0.0], [0.0, 0.0, -12.148433133274931], [5.81742643847338, 3.3586927202930394, 0.0]], ""oriented_unit_cell_matrix"": [[0, -1, 0], [0, 0, -1], [2, 1, 0]], ""parent_site_indices"": [0, 0, 1, 1, 2, 2, 3, 3, 4, 4, 5, 5, 6, 6, 0, 0, 1, 1, 2, 2, 3, 3, 4, 4, 5, 5, 6, 6], ""raw_lattice_A"": [[1.9391421461577933, -3.3586927202930394, 0.0], [0.0, 0.0, -12.148433133274931], [29.087132192366898, 16.7934636014652, 0.0]], ""row_cartesian_rotation"": [[0.49999999999446354, 0.0, 0.866025403787635], [-0.8660254037876352, 0.0, 0.4999999999944635], [0.0, -1.0, 0.0]], ""translation_z_A"": 9.440217863723678}",Zn4 In8 S16,28,4,True,0.0,32.315206608470746,12.31520660847075,19.999999999999996,47.1150773975481,beta_100_t01_upper,beta_100_t01_lower,False,1,1,2,"{""In"": 2, ""S"": 6, ""Zn"": 2}","[{""coordination"": [[""S"", 1], [""S"", 3], [""Zn"", 3]], ""depth_A"": 0.0, ""species"": {""S"": 2, ""Zn"": 1}}, {""coordination"": [[""In"", 5], [""S"", 3]], ""depth_A"": 1.11956, ""species"": {""In"": 1, ""S"": 1}}, {""coordination"": [[""In"", 4], [""S"", 4]], ""depth_A"": 2.23913, ""species"": {""In"": 1, ""S"": 1}}, {""coordination"": [[""S"", 3], [""S"", 4], [""Zn"", 4]], ""depth_A"": 3.35869, ""species"": {""S"": 2, ""Zn"": 1}}]",0,2,2,"{""In"": 3, ""S"": 5, ""Zn"": 1}","[{""coordination"": [[""In"", 2], [""S"", 3]], ""depth_A"": 0.0, ""species"": {""In"": 1, ""S"": 1}}, {""coordination"": [[""In"", 5], [""S"", 2]], ""depth_A"": 1.11956, ""species"": {""In"": 1, ""S"": 1}}, {""coordination"": [[""S"", 3], [""S"", 4], [""Zn"", 4]], ""depth_A"": 2.23913, ""species"": {""S"": 2, ""Zn"": 1}}, {""coordination"": [[""In"", 4], [""S"", 4]], ""depth_A"": 3.35869, ""species"": {""In"": 1, ""S"": 1}}]",1,4,2.3067251184194206,CONNECTED,"[{""atom_count"": 28, ""composition"": {""In"": 8, ""S"": 16, ""Zn"": 4}, ""periodic_cycle_vectors"": [[-1, 0, 0], [1, 0, 0]], ""periodic_rank"": 1, ""site_indices"": [0, 1, 2, 3, 4, 5, 6, 7, 8, 9, 10, 11, 12, 13, 14, 15, 16, 17, 18, 19, 20, 21, 22, 23, 24, 25, 26, 27]}]",HIGH_CONCERN,-13.434770477980233,-0.28514800823991404,"[{""formal_charge_e"": 1, ""site_indices"": [2, 8], ""species"": {""In"": 1, ""S"": 1}, ""z_A"": 0.0}, {""formal_charge_e"": 1, ""site_indices"": [6, 10], ""species"": {""In"": 1, ""S"": 1}, ""z_A"": 1.1195642759113493}, {""formal_charge_e"": -2, ""site_indices"": [1, 5, 13], ""species"": {""S"": 2, ""Zn"": 1}, ""z_A"": 2.2391284477032034}, {""formal_charge_e"": 1, ""site_indices"": [3, 9], ""species"": {""In"": 1, ""S"": 1}, ""z_A"": 3.358692720255849}, {""formal_charge_e"": 1, ""site_indices"": [7, 11], ""species"": {""In"": 1, ""S"": 1}, ""z_A"": 4.478256996167197}, {""formal_charge_e"": -2, ""site_indices"": [0, 4, 12], ""species"": {""S"": 2, ""Zn"": 1}, ""z_A"": 5.597821167959053}, {""formal_charge_e"": 1, ""site_indices"": [16, 22], ""species"": {""In"": 1, ""S"": 1}, ""z_A"": 6.717385440511698}, {""formal_charge_e"": 1, ""site_indices"": [20, 24], ""species"": {""In"": 1, ""S"": 1}, ""z_A"": 7.836949716423046}, {""formal_charge_e"": -2, ""site_indices"": [15, 19, 27], ""species"": {""S"": 2, ""Zn"": 1}, ""z_A"": 8.9565138882149}, {""formal_charge_e"": 1, ""site_indices"": [17, 23], ""species"": {""In"": 1, ""S"": 1}, ""z_A"": 10.076078160767544}, {""formal_charge_e"": 1, ""site_indices"": [21, 25], ""species"": {""In"": 1, ""S"": 1}, ""z_A"": 11.195642436678895}, {""formal_charge_e"": -2, ""site_indices"": [14, 18, 26], ""species"": {""S"": 2, ""Zn"": 1}, ""z_A"": 12.31520660847075}]","{""crossing_InS"": 4, ""crossing_ZnS"": 1, ""fractional_shift"": 0.08333333574999989, ""nearest_gap_width_A"": 1.1195642725526447, ""no_first_shell_bond_crosses"": false, ""oriented_bulk_planes"": [{""formal_charge_e"": -2, ""site_indices"": [0, 4, 12], ""species"": {""S"": 2, ""Zn"": 1}, ""z_A"": 0.0}, {""formal_charge_e"": 1, ""site_indices"": [2, 8], ""species"": {""In"": 1, ""S"": 1}, ""z_A"": 1.1195642725526447}, {""formal_charge_e"": 1, ""site_indices"": [6, 10], ""species"": {""In"": 1, ""S"": 1}, ""z_A"": 2.2391285484639942}, {""formal_charge_e"": -2, ""site_indices"": [1, 5, 13], ""species"": {""S"": 2, ""Zn"": 1}, ""z_A"": 3.3586927202558488}, {""formal_charge_e"": 1, ""site_indices"": [3, 9], ""species"": {""In"": 1, ""S"": 1}, ""z_A"": 4.478256992808493}, {""formal_charge_e"": 1, ""site_indices"": [7, 11], ""species"": {""In"": 1, ""S"": 1}, ""z_A"": 5.5978212687198425}]}",,,vasp/wp2_surface_and_facet_screening/structure/slab_candidates/beta/100/beta_100_t01/POSCAR,HOLD,Structurally valid seed; high formal-electrostatics concern requires human inspection,Unrelaxed seed; vacuum/thickness not converged; no energy ranking.
beta_100_t02,beta,1,0,0,(100),t02,0.2500000075000006,vasp/wp2_surface_and_facet_screening/structure/bulk_parents/beta/POSCAR,e52ccce041a7efac9eabdbdd11b26f9dfe29b5be8d1047d7dddceef691c8480d,"{""final_lattice_A"": [[3.878284292358531, 0.0, 0.0], [0.0, 12.148433133274931, 0.0], [0.0, 0.0, 32.31520660511204]], ""inplane_wrap_integers"": [[-1, 0], [0, 0], [0, 0], [0, 0], [-1, 0], [0, 0], [0, 0], [0, 0], [0, 0], [0, 0], [0, 0], [0, 0], [-1, 0], [0, 0], [-1, 0], [0, 0], [0, 0], [0, 0], [-1, 0], [0, 0], [0, 0], [0, 0], [0, 0], [0, 0], [0, 0], [0, 0], [-1, 0], [0, 0]], ""literal_parent_basis_preserved"": false, ""normal_in_parent_cartesian"": [0.866025403787635, 0.4999999999944635, 0.0], ""normal_sign_relative_to_hkl"": 1, ""oriented_repeat_count"": 2, ""oriented_unit_cell_lattice_A"": [[1.9391421461577933, -3.3586927202930394, 0.0], [0.0, 0.0, -12.148433133274931], [5.81742643847338, 3.3586927202930394, 0.0]], ""oriented_unit_cell_matrix"": [[0, -1, 0], [0, 0, -1], [2, 1, 0]], ""parent_site_indices"": [0, 0, 1, 1, 2, 2, 3, 3, 4, 4, 5, 5, 6, 6, 0, 0, 1, 1, 2, 2, 3, 3, 4, 4, 5, 5, 6, 6], ""raw_lattice_A"": [[1.9391421461577933, -3.3586927202930394, 0.0], [0.0, 0.0, -12.148433133274931], [29.087132192366898, 16.7934636014652, 0.0]], ""row_cartesian_rotation"": [[0.49999999999446354, 0.0, 0.866025403787635], [-0.8660254037876352, 0.0, 0.4999999999944635], [0.0, -1.0, 0.0]], ""translation_z_A"": 9.440217862044324}",Zn4 In8 S16,28,4,True,0.0,32.31520660511204,12.315206605112042,19.999999999999996,47.1150773975481,beta_100_t02_upper,beta_100_t02_lower,False,1,1,2,"{""In"": 3, ""S"": 5, ""Zn"": 1}","[{""coordination"": [[""In"", 3], [""S"", 2]], ""depth_A"": 0.0, ""species"": {""In"": 1, ""S"": 1}}, {""coordination"": [[""S"", 3], [""S"", 3], [""Zn"", 3]], ""depth_A"": 1.11956, ""species"": {""S"": 2, ""Zn"": 1}}, {""coordination"": [[""In"", 6], [""S"", 3]], ""depth_A"": 2.23913, ""species"": {""In"": 1, ""S"": 1}}, {""coordination"": [[""In"", 4], [""S"", 4]], ""depth_A"": 3.35869, ""species"": {""In"": 1, ""S"": 1}}]",0,1,2,"{""In"": 3, ""S"": 5, ""Zn"": 1}","[{""coordination"": [[""In"", 3], [""S"", 2]], ""depth_A"": 0.0, ""species"": {""In"": 1, ""S"": 1}}, {""coordination"": [[""S"", 2], [""S"", 4], [""Zn"", 4]], ""depth_A"": 1.11956, ""species"": {""S"": 2, ""Zn"": 1}}, {""coordination"": [[""In"", 4], [""S"", 4]], ""depth_A"": 2.23913, ""species"": {""In"": 1, ""S"": 1}}, {""coordination"": [[""In"", 6], [""S"", 3]], ""depth_A"": 3.35869, ""species"": {""In"": 1, ""S"": 1}}]",1,4,2.3067251184194193,CONNECTED,"[{""atom_count"": 28, ""composition"": {""In"": 8, ""S"": 16, ""Zn"": 4}, ""periodic_cycle_vectors"": [[-1, 0, 0], [1, 0, 0]], ""periodic_rank"": 1, ""site_indices"": [0, 1, 2, 3, 4, 5, 6, 7, 8, 9, 10, 11, 12, 13, 14, 15, 16, 17, 18, 19, 20, 21, 22, 23, 24, 25, 26, 27]}]",WARNING,4.0304314907757544e-07,8.554440984502131e-09,"[{""formal_charge_e"": 1, ""site_indices"": [6, 10], ""species"": {""In"": 1, ""S"": 1}, ""z_A"": 0.0}, {""formal_charge_e"": -2, ""site_indices"": [1, 5, 13], ""species"": {""S"": 2, ""Zn"": 1}, ""z_A"": 1.1195641717918559}, {""formal_charge_e"": 1, ""site_indices"": [3, 9], ""species"": {""In"": 1, ""S"": 1}, ""z_A"": 2.239128444344498}, {""formal_charge_e"": 1, ""site_indices"": [7, 11], ""species"": {""In"": 1, ""S"": 1}, ""z_A"": 3.3586927202558474}, {""formal_charge_e"": -2, ""site_indices"": [0, 4, 12], ""species"": {""S"": 2, ""Zn"": 1}, ""z_A"": 4.478256892047703}, {""formal_charge_e"": 1, ""site_indices"": [2, 8], ""species"": {""In"": 1, ""S"": 1}, ""z_A"": 5.597821164600344}, {""formal_charge_e"": 1, ""site_indices"": [20, 24], ""species"": {""In"": 1, ""S"": 1}, ""z_A"": 6.717385440511691}, {""formal_charge_e"": -2, ""site_indices"": [15, 19, 27], ""species"": {""S"": 2, ""Zn"": 1}, ""z_A"": 7.836949612303549}, {""formal_charge_e"": 1, ""site_indices"": [17, 23], ""species"": {""In"": 1, ""S"": 1}, ""z_A"": 8.956513884856193}, {""formal_charge_e"": 1, ""site_indices"": [21, 25], ""species"": {""In"": 1, ""S"": 1}, ""z_A"": 10.076078160767544}, {""formal_charge_e"": -2, ""site_indices"": [14, 18, 26], ""species"": {""S"": 2, ""Zn"": 1}, ""z_A"": 11.195642332559398}, {""formal_charge_e"": 1, ""site_indices"": [16, 22], ""species"": {""In"": 1, ""S"": 1}, ""z_A"": 12.315206605112042}]","{""crossing_InS"": 4, ""crossing_ZnS"": 1, ""fractional_shift"": 0.2500000075000006, ""nearest_gap_width_A"": 1.1195642759113495, ""no_first_shell_bond_crosses"": false, ""oriented_bulk_planes"": [{""formal_charge_e"": -2, ""site_indices"": [0, 4, 12], ""species"": {""S"": 2, ""Zn"": 1}, ""z_A"": 0.0}, {""formal_charge_e"": 1, ""site_indices"": [2, 8], ""species"": {""In"": 1, ""S"": 1}, ""z_A"": 1.1195642725526447}, {""formal_charge_e"": 1, ""site_indices"": [6, 10], ""species"": {""In"": 1, ""S"": 1}, ""z_A"": 2.2391285484639942}, {""formal_charge_e"": -2, ""site_indices"": [1, 5, 13], ""species"": {""S"": 2, ""Zn"": 1}, ""z_A"": 3.3586927202558488}, {""formal_charge_e"": 1, ""site_indices"": [3, 9], ""species"": {""In"": 1, ""S"": 1}, ""z_A"": 4.478256992808493}, {""formal_charge_e"": 1, ""site_indices"": [7, 11], ""species"": {""In"": 1, ""S"": 1}, ""z_A"": 5.5978212687198425}]}",,,vasp/wp2_surface_and_facet_screening/structure/slab_candidates/beta/100/beta_100_t02/POSCAR,PASS,Structural seed checks pass; electronic stability and convergence untested,Unrelaxed seed; vacuum/thickness not converged; no energy ranking.
beta_100_t03,beta,1,0,0,(100),t03,0.4166666717500007,vasp/wp2_surface_and_facet_screening/structure/bulk_parents/beta/POSCAR,e52ccce041a7efac9eabdbdd11b26f9dfe29b5be8d1047d7dddceef691c8480d,"{""final_lattice_A"": [[3.878284292358531, 0.0, 0.0], [0.0, 12.148433133274931, 0.0], [0.0, 0.0, 32.31520670923154]], ""inplane_wrap_integers"": [[-1, 0], [0, 0], [0, 0], [0, 0], [-1, 0], [0, 0], [0, 0], [0, 0], [0, 0], [0, 0], [0, 0], [0, 0], [-1, 0], [0, 0], [-1, 0], [0, 0], [0, 0], [0, 0], [-1, 0], [0, 0], [0, 0], [0, 0], [0, 0], [0, 0], [0, 0], [0, 0], [-1, 0], [0, 0]], ""literal_parent_basis_preserved"": false, ""normal_in_parent_cartesian"": [0.866025403787635, 0.4999999999944635, 0.0], ""normal_sign_relative_to_hkl"": 1, ""oriented_repeat_count"": 2, ""oriented_unit_cell_lattice_A"": [[1.9391421461577933, -3.3586927202930394, 0.0], [0.0, 0.0, -12.148433133274931], [5.81742643847338, 3.3586927202930394, 0.0]], ""oriented_unit_cell_matrix"": [[0, -1, 0], [0, 0, -1], [2, 1, 0]], ""parent_site_indices"": [0, 0, 1, 1, 2, 2, 3, 3, 4, 4, 5, 5, 6, 6, 0, 0, 1, 1, 2, 2, 3, 3, 4, 4, 5, 5, 6, 6], ""raw_lattice_A"": [[1.9391421461577933, -3.3586927202930394, 0.0], [0.0, 0.0, -12.148433133274931], [29.087132192366898, 16.7934636014652, 0.0]], ""row_cartesian_rotation"": [[0.49999999999446354, 0.0, 0.866025403787635], [-0.8660254037876352, 0.0, 0.4999999999944635], [0.0, -1.0, 0.0]], ""translation_z_A"": 9.440217914104073}",Zn4 In8 S16,28,4,True,0.0,32.31520670923154,12.31520670923154,20.0,47.1150773975481,beta_100_t03_upper,beta_100_t03_lower,False,0,2,1,"{""In"": 3, ""S"": 5, ""Zn"": 1}","[{""coordination"": [[""In"", 3], [""S"", 1]], ""depth_A"": 0.0, ""species"": {""In"": 1, ""S"": 1}}, {""coordination"": [[""In"", 3], [""S"", 4]], ""depth_A"": 1.11956, ""species"": {""In"": 1, ""S"": 1}}, {""coordination"": [[""S"", 3], [""S"", 4], [""Zn"", 4]], ""depth_A"": 2.23913, ""species"": {""S"": 2, ""Zn"": 1}}, {""coordination"": [[""In"", 6], [""S"", 3]], ""depth_A"": 3.35869, ""species"": {""In"": 1, ""S"": 1}}]",1,0,3,"{""In"": 2, ""S"": 6, ""Zn"": 2}","[{""coordination"": [[""S"", 2], [""S"", 2], [""Zn"", 2]], ""depth_A"": 0.0, ""species"": {""S"": 2, ""Zn"": 1}}, {""coordination"": [[""In"", 4], [""S"", 3]], ""depth_A"": 1.11956, ""species"": {""In"": 1, ""S"": 1}}, {""coordination"": [[""In"", 6], [""S"", 3]], ""depth_A"": 2.23913, ""species"": {""In"": 1, ""S"": 1}}, {""coordination"": [[""S"", 3], [""S"", 4], [""Zn"", 4]], ""depth_A"": 3.35869, ""species"": {""S"": 2, ""Zn"": 1}}]",2,4,2.306725118419419,CONNECTED,"[{""atom_count"": 28, ""composition"": {""In"": 8, ""S"": 16, ""Zn"": 4}, ""periodic_cycle_vectors"": [[-1, 0, 0], [1, 0, 0]], ""periodic_rank"": 1, ""site_indices"": [0, 1, 2, 3, 4, 5, 6, 7, 8, 9, 10, 11, 12, 13, 14, 15, 16, 17, 18, 19, 20, 21, 22, 23, 24, 25, 26, 27]}]",HIGH_CONCERN,13.434771284066558,0.2851480253487966,"[{""formal_charge_e"": -2, ""site_indices"": [1, 5, 13], ""species"": {""S"": 2, ""Zn"": 1}, ""z_A"": 0.0}, {""formal_charge_e"": 1, ""site_indices"": [3, 9], ""species"": {""In"": 1, ""S"": 1}, ""z_A"": 1.119564272552644}, {""formal_charge_e"": 1, ""site_indices"": [7, 11], ""species"": {""In"": 1, ""S"": 1}, ""z_A"": 2.2391285484639933}, {""formal_charge_e"": -2, ""site_indices"": [0, 4, 12], ""species"": {""S"": 2, ""Zn"": 1}, ""z_A"": 3.358692720255851}, {""formal_charge_e"": 1, ""site_indices"": [2, 8], ""species"": {""In"": 1, ""S"": 1}, ""z_A"": 4.478256992808493}, {""formal_charge_e"": 1, ""site_indices"": [6, 10], ""species"": {""In"": 1, ""S"": 1}, ""z_A"": 5.5978212687198425}, {""formal_charge_e"": -2, ""site_indices"": [15, 19, 27], ""species"": {""S"": 2, ""Zn"": 1}, ""z_A"": 6.717385440511698}, {""formal_charge_e"": 1, ""site_indices"": [17, 23], ""species"": {""In"": 1, ""S"": 1}, ""z_A"": 7.836949713064342}, {""formal_charge_e"": 1, ""site_indices"": [21, 25], ""species"": {""In"": 1, ""S"": 1}, ""z_A"": 8.956513988975694}, {""formal_charge_e"": -2, ""site_indices"": [14, 18, 26], ""species"": {""S"": 2, ""Zn"": 1}, ""z_A"": 10.076078160767544}, {""formal_charge_e"": 1, ""site_indices"": [16, 22], ""species"": {""In"": 1, ""S"": 1}, ""z_A"": 11.195642433320192}, {""formal_charge_e"": 1, ""site_indices"": [20, 24], ""species"": {""In"": 1, ""S"": 1}, ""z_A"": 12.31520670923154}]","{""crossing_InS"": 4, ""crossing_ZnS"": 2, ""fractional_shift"": 0.4166666717500007, ""nearest_gap_width_A"": 1.1195641717918547, ""no_first_shell_bond_crosses"": false, ""oriented_bulk_planes"": [{""formal_charge_e"": -2, ""site_indices"": [0, 4, 12], ""species"": {""S"": 2, ""Zn"": 1}, ""z_A"": 0.0}, {""formal_charge_e"": 1, ""site_indices"": [2, 8], ""species"": {""In"": 1, ""S"": 1}, ""z_A"": 1.1195642725526447}, {""formal_charge_e"": 1, ""site_indices"": [6, 10], ""species"": {""In"": 1, ""S"": 1}, ""z_A"": 2.2391285484639942}, {""formal_charge_e"": -2, ""site_indices"": [1, 5, 13], ""species"": {""S"": 2, ""Zn"": 1}, ""z_A"": 3.3586927202558488}, {""formal_charge_e"": 1, ""site_indices"": [3, 9], ""species"": {""In"": 1, ""S"": 1}, ""z_A"": 4.478256992808493}, {""formal_charge_e"": 1, ""site_indices"": [7, 11], ""species"": {""In"": 1, ""S"": 1}, ""z_A"": 5.5978212687198425}]}",,,vasp/wp2_surface_and_facet_screening/structure/slab_candidates/beta/100/beta_100_t03/POSCAR,HOLD,Structurally valid seed; high formal-electrostatics concern requires human inspection,Unrelaxed seed; vacuum/thickness not converged; no energy ranking.
beta_100_t04,beta,1,0,0,(100),t04,0.5833333357499999,vasp/wp2_surface_and_facet_screening/structure/bulk_parents/beta/POSCAR,e52ccce041a7efac9eabdbdd11b26f9dfe29b5be8d1047d7dddceef691c8480d,"{""final_lattice_A"": [[3.878284292358531, 0.0, 0.0], [0.0, 12.148433133274931, 0.0], [0.0, 0.0, 32.315206608470746]], ""inplane_wrap_integers"": [[-1, 0], [0, 0], [0, 0], [0, 0], [-1, 0], [0, 0], [0, 0], [0, 0], [0, 0], [0, 0], [0, 0], [0, 0], [-1, 0], [0, 0], [-1, 0], [0, 0], [0, 0], [0, 0], [-1, 0], [0, 0], [0, 0], [0, 0], [0, 0], [0, 0], [0, 0], [0, 0], [-1, 0], [0, 0]], ""literal_parent_basis_preserved"": false, ""normal_in_parent_cartesian"": [0.866025403787635, 0.4999999999944635, 0.0], ""normal_sign_relative_to_hkl"": 1, ""oriented_repeat_count"": 2, ""oriented_unit_cell_lattice_A"": [[1.9391421461577933, -3.3586927202930394, 0.0], [0.0, 0.0, -12.148433133274931], [5.81742643847338, 3.3586927202930394, 0.0]], ""oriented_unit_cell_matrix"": [[0, -1, 0], [0, 0, -1], [2, 1, 0]], ""parent_site_indices"": [0, 0, 1, 1, 2, 2, 3, 3, 4, 4, 5, 5, 6, 6, 0, 0, 1, 1, 2, 2, 3, 3, 4, 4, 5, 5, 6, 6], ""raw_lattice_A"": [[1.9391421461577933, -3.3586927202930394, 0.0], [0.0, 0.0, -12.148433133274931], [29.087132192366898, 16.7934636014652, 0.0]], ""row_cartesian_rotation"": [[0.49999999999446354, 0.0, 0.866025403787635], [-0.8660254037876352, 0.0, 0.4999999999944635], [0.0, -1.0, 0.0]], ""translation_z_A"": 9.440217863723678}",Zn4 In8 S16,28,4,True,0.0,32.315206608470746,12.31520660847075,19.999999999999996,47.1150773975481,beta_100_t04_upper,beta_100_t04_lower,False,1,1,2,"{""In"": 2, ""S"": 6, ""Zn"": 2}","[{""coordination"": [[""S"", 1], [""S"", 3], [""Zn"", 3]], ""depth_A"": 0.0, ""species"": {""S"": 2, ""Zn"": 1}}, {""coordination"": [[""In"", 5], [""S"", 3]], ""depth_A"": 1.11956, ""species"": {""In"": 1, ""S"": 1}}, {""coordination"": [[""In"", 4], [""S"", 4]], ""depth_A"": 2.23913, ""species"": {""In"": 1, ""S"": 1}}, {""coordination"": [[""S"", 3], [""S"", 4], [""Zn"", 4]], ""depth_A"": 3.35869, ""species"": {""S"": 2, ""Zn"": 1}}]",0,2,2,"{""In"": 3, ""S"": 5, ""Zn"": 1}","[{""coordination"": [[""In"", 2], [""S"", 3]], ""depth_A"": 0.0, ""species"": {""In"": 1, ""S"": 1}}, {""coordination"": [[""In"", 5], [""S"", 2]], ""depth_A"": 1.11956, ""species"": {""In"": 1, ""S"": 1}}, {""coordination"": [[""S"", 3], [""S"", 4], [""Zn"", 4]], ""depth_A"": 2.23913, ""species"": {""S"": 2, ""Zn"": 1}}, {""coordination"": [[""In"", 4], [""S"", 4]], ""depth_A"": 3.35869, ""species"": {""In"": 1, ""S"": 1}}]",1,4,2.30672511841942,CONNECTED,"[{""atom_count"": 28, ""composition"": {""In"": 8, ""S"": 16, ""Zn"": 4}, ""periodic_cycle_vectors"": [[-2, 0, 0], [-1, 0, 0], [1, 0, 0], [2, 0, 0]], ""periodic_rank"": 1, ""site_indices"": [0, 1, 2, 3, 4, 5, 6, 7, 8, 9, 10, 11, 12, 13, 14, 15, 16, 17, 18, 19, 20, 21, 22, 23, 24, 25, 26, 27]}]",HIGH_CONCERN,-13.434770477980228,-0.28514800823991393,"[{""formal_charge_e"": 1, ""site_indices"": [3, 9], ""species"": {""In"": 1, ""S"": 1}, ""z_A"": 0.0}, {""formal_charge_e"": 1, ""site_indices"": [7, 11], ""species"": {""In"": 1, ""S"": 1}, ""z_A"": 1.1195642759113493}, {""formal_charge_e"": -2, ""site_indices"": [0, 4, 12], ""species"": {""S"": 2, ""Zn"": 1}, ""z_A"": 2.2391284477032034}, {""formal_charge_e"": 1, ""site_indices"": [2, 8], ""species"": {""In"": 1, ""S"": 1}, ""z_A"": 3.358692720255849}, {""formal_charge_e"": 1, ""site_indices"": [6, 10], ""species"": {""In"": 1, ""S"": 1}, ""z_A"": 4.4782569961671985}, {""formal_charge_e"": -2, ""site_indices"": [1, 5, 13], ""species"": {""S"": 2, ""Zn"": 1}, ""z_A"": 5.597821167959053}, {""formal_charge_e"": 1, ""site_indices"": [17, 23], ""species"": {""In"": 1, ""S"": 1}, ""z_A"": 6.717385440511698}, {""formal_charge_e"": 1, ""site_indices"": [21, 25], ""species"": {""In"": 1, ""S"": 1}, ""z_A"": 7.836949716423046}, {""formal_charge_e"": -2, ""site_indices"": [14, 18, 26], ""species"": {""S"": 2, ""Zn"": 1}, ""z_A"": 8.9565138882149}, {""formal_charge_e"": 1, ""site_indices"": [16, 22], ""species"": {""In"": 1, ""S"": 1}, ""z_A"": 10.076078160767548}, {""formal_charge_e"": 1, ""site_indices"": [20, 24], ""species"": {""In"": 1, ""S"": 1}, ""z_A"": 11.195642436678895}, {""formal_charge_e"": -2, ""site_indices"": [15, 19, 27], ""species"": {""S"": 2, ""Zn"": 1}, ""z_A"": 12.31520660847075}]","{""crossing_InS"": 4, ""crossing_ZnS"": 1, ""fractional_shift"": 0.5833333357499999, ""nearest_gap_width_A"": 1.1195642725526447, ""no_first_shell_bond_crosses"": false, ""oriented_bulk_planes"": [{""formal_charge_e"": -2, ""site_indices"": [0, 4, 12], ""species"": {""S"": 2, ""Zn"": 1}, ""z_A"": 0.0}, {""formal_charge_e"": 1, ""site_indices"": [2, 8], ""species"": {""In"": 1, ""S"": 1}, ""z_A"": 1.1195642725526447}, {""formal_charge_e"": 1, ""site_indices"": [6, 10], ""species"": {""In"": 1, ""S"": 1}, ""z_A"": 2.2391285484639942}, {""formal_charge_e"": -2, ""site_indices"": [1, 5, 13], ""species"": {""S"": 2, ""Zn"": 1}, ""z_A"": 3.3586927202558488}, {""formal_charge_e"": 1, ""site_indices"": [3, 9], ""species"": {""In"": 1, ""S"": 1}, ""z_A"": 4.478256992808493}, {""formal_charge_e"": 1, ""site_indices"": [7, 11], ""species"": {""In"": 1, ""S"": 1}, ""z_A"": 5.5978212687198425}]}",,beta_100_t01,,HOLD,Equivalent slab-pair duplicate of beta_100_t01; Structurally valid seed; high formal-electrostatics concern requires human inspection,Unrelaxed seed; vacuum/thickness not converged; no energy ranking.
beta_100_t05,beta,1,0,0,(100),t05,0.7500000075000006,vasp/wp2_surface_and_facet_screening/structure/bulk_parents/beta/POSCAR,e52ccce041a7efac9eabdbdd11b26f9dfe29b5be8d1047d7dddceef691c8480d,"{""final_lattice_A"": [[3.878284292358531, 0.0, 0.0], [0.0, 12.148433133274931, 0.0], [0.0, 0.0, 32.315206605112046]], ""inplane_wrap_integers"": [[-1, 0], [0, 0], [0, 0], [0, 0], [-1, 0], [0, 0], [0, 0], [0, 0], [0, 0], [0, 0], [0, 0], [0, 0], [-1, 0], [0, 0], [-1, 0], [0, 0], [0, 0], [0, 0], [-1, 0], [0, 0], [0, 0], [0, 0], [0, 0], [0, 0], [0, 0], [0, 0], [-1, 0], [0, 0]], ""literal_parent_basis_preserved"": false, ""normal_in_parent_cartesian"": [0.866025403787635, 0.4999999999944635, 0.0], ""normal_sign_relative_to_hkl"": 1, ""oriented_repeat_count"": 2, ""oriented_unit_cell_lattice_A"": [[1.9391421461577933, -3.3586927202930394, 0.0], [0.0, 0.0, -12.148433133274931], [5.81742643847338, 3.3586927202930394, 0.0]], ""oriented_unit_cell_matrix"": [[0, -1, 0], [0, 0, -1], [2, 1, 0]], ""parent_site_indices"": [0, 0, 1, 1, 2, 2, 3, 3, 4, 4, 5, 5, 6, 6, 0, 0, 1, 1, 2, 2, 3, 3, 4, 4, 5, 5, 6, 6], ""raw_lattice_A"": [[1.9391421461577933, -3.3586927202930394, 0.0], [0.0, 0.0, -12.148433133274931], [29.087132192366898, 16.7934636014652, 0.0]], ""row_cartesian_rotation"": [[0.49999999999446354, 0.0, 0.866025403787635], [-0.8660254037876352, 0.0, 0.4999999999944635], [0.0, -1.0, 0.0]], ""translation_z_A"": 9.440217862044326}",Zn4 In8 S16,28,4,True,0.0,32.315206605112046,12.315206605112046,20.0,47.1150773975481,beta_100_t05_upper,beta_100_t05_lower,False,1,1,2,"{""In"": 3, ""S"": 5, ""Zn"": 1}","[{""coordination"": [[""In"", 3], [""S"", 2]], ""depth_A"": 0.0, ""species"": {""In"": 1, ""S"": 1}}, {""coordination"": [[""S"", 3], [""S"", 3], [""Zn"", 3]], ""depth_A"": 1.11956, ""species"": {""S"": 2, ""Zn"": 1}}, {""coordination"": [[""In"", 6], [""S"", 3]], ""depth_A"": 2.23913, ""species"": {""In"": 1, ""S"": 1}}, {""coordination"": [[""In"", 4], [""S"", 4]], ""depth_A"": 3.35869, ""species"": {""In"": 1, ""S"": 1}}]",0,1,2,"{""In"": 3, ""S"": 5, ""Zn"": 1}","[{""coordination"": [[""In"", 3], [""S"", 2]], ""depth_A"": 0.0, ""species"": {""In"": 1, ""S"": 1}}, {""coordination"": [[""S"", 2], [""S"", 4], [""Zn"", 4]], ""depth_A"": 1.11956, ""species"": {""S"": 2, ""Zn"": 1}}, {""coordination"": [[""In"", 4], [""S"", 4]], ""depth_A"": 2.23913, ""species"": {""In"": 1, ""S"": 1}}, {""coordination"": [[""In"", 6], [""S"", 3]], ""depth_A"": 3.35869, ""species"": {""In"": 1, ""S"": 1}}]",1,4,2.3067251184194193,CONNECTED,"[{""atom_count"": 28, ""composition"": {""In"": 8, ""S"": 16, ""Zn"": 4}, ""periodic_cycle_vectors"": [[-2, 0, 0], [-1, 0, 0], [1, 0, 0], [2, 0, 0]], ""periodic_rank"": 1, ""site_indices"": [0, 1, 2, 3, 4, 5, 6, 7, 8, 9, 10, 11, 12, 13, 14, 15, 16, 17, 18, 19, 20, 21, 22, 23, 24, 25, 26, 27]}]",WARNING,4.0304315795935963e-07,8.554441173014698e-09,"[{""formal_charge_e"": 1, ""site_indices"": [7, 11], ""species"": {""In"": 1, ""S"": 1}, ""z_A"": 0.0}, {""formal_charge_e"": -2, ""site_indices"": [0, 4, 12], ""species"": {""S"": 2, ""Zn"": 1}, ""z_A"": 1.1195641717918559}, {""formal_charge_e"": 1, ""site_indices"": [2, 8], ""species"": {""In"": 1, ""S"": 1}, ""z_A"": 2.2391284443445}, {""formal_charge_e"": 1, ""site_indices"": [6, 10], ""species"": {""In"": 1, ""S"": 1}, ""z_A"": 3.358692720255849}, {""formal_charge_e"": -2, ""site_indices"": [1, 5, 13], ""species"": {""S"": 2, ""Zn"": 1}, ""z_A"": 4.4782568920477015}, {""formal_charge_e"": 1, ""site_indices"": [3, 9], ""species"": {""In"": 1, ""S"": 1}, ""z_A"": 5.597821164600347}, {""formal_charge_e"": 1, ""site_indices"": [21, 25], ""species"": {""In"": 1, ""S"": 1}, ""z_A"": 6.717385440511695}, {""formal_charge_e"": -2, ""site_indices"": [14, 18, 26], ""species"": {""S"": 2, ""Zn"": 1}, ""z_A"": 7.8369496123035525}, {""formal_charge_e"": 1, ""site_indices"": [16, 22], ""species"": {""In"": 1, ""S"": 1}, ""z_A"": 8.956513884856196}, {""formal_charge_e"": 1, ""site_indices"": [20, 24], ""species"": {""In"": 1, ""S"": 1}, ""z_A"": 10.076078160767544}, {""formal_charge_e"": -2, ""site_indices"": [15, 19, 27], ""species"": {""S"": 2, ""Zn"": 1}, ""z_A"": 11.195642332559402}, {""formal_charge_e"": 1, ""site_indices"": [17, 23], ""species"": {""In"": 1, ""S"": 1}, ""z_A"": 12.315206605112046}]","{""crossing_InS"": 4, ""crossing_ZnS"": 1, ""fractional_shift"": 0.7500000075000006, ""nearest_gap_width_A"": 1.1195642759113495, ""no_first_shell_bond_crosses"": false, ""oriented_bulk_planes"": [{""formal_charge_e"": -2, ""site_indices"": [0, 4, 12], ""species"": {""S"": 2, ""Zn"": 1}, ""z_A"": 0.0}, {""formal_charge_e"": 1, ""site_indices"": [2, 8], ""species"": {""In"": 1, ""S"": 1}, ""z_A"": 1.1195642725526447}, {""formal_charge_e"": 1, ""site_indices"": [6, 10], ""species"": {""In"": 1, ""S"": 1}, ""z_A"": 2.2391285484639942}, {""formal_charge_e"": -2, ""site_indices"": [1, 5, 13], ""species"": {""S"": 2, ""Zn"": 1}, ""z_A"": 3.3586927202558488}, {""formal_charge_e"": 1, ""site_indices"": [3, 9], ""species"": {""In"": 1, ""S"": 1}, ""z_A"": 4.478256992808493}, {""formal_charge_e"": 1, ""site_indices"": [7, 11], ""species"": {""In"": 1, ""S"": 1}, ""z_A"": 5.5978212687198425}]}",,beta_100_t02,,HOLD,Equivalent slab-pair duplicate of beta_100_t02; Structural seed checks pass; electronic stability and convergence untested,Unrelaxed seed; vacuum/thickness not converged; no energy ranking.
beta_100_t06,beta,1,0,0,(100),t06,0.9166666717500007,vasp/wp2_surface_and_facet_screening/structure/bulk_parents/beta/POSCAR,e52ccce041a7efac9eabdbdd11b26f9dfe29b5be8d1047d7dddceef691c8480d,"{""final_lattice_A"": [[3.878284292358531, 0.0, 0.0], [0.0, 12.148433133274931, 0.0], [0.0, 0.0, 32.31520670923154]], ""inplane_wrap_integers"": [[-1, 0], [0, 0], [0, 0], [0, 0], [-1, 0], [0, 0], [0, 0], [0, 0], [0, 0], [0, 0], [0, 0], [0, 0], [-1, 0], [0, 0], [-1, 0], [0, 0], [0, 0], [0, 0], [-1, 0], [0, 0], [0, 0], [0, 0], [0, 0], [0, 0], [0, 0], [0, 0], [-1, 0], [0, 0]], ""literal_parent_basis_preserved"": false, ""normal_in_parent_cartesian"": [0.866025403787635, 0.4999999999944635, 0.0], ""normal_sign_relative_to_hkl"": 1, ""oriented_repeat_count"": 2, ""oriented_unit_cell_lattice_A"": [[1.9391421461577933, -3.3586927202930394, 0.0], [0.0, 0.0, -12.148433133274931], [5.81742643847338, 3.3586927202930394, 0.0]], ""oriented_unit_cell_matrix"": [[0, -1, 0], [0, 0, -1], [2, 1, 0]], ""parent_site_indices"": [0, 0, 1, 1, 2, 2, 3, 3, 4, 4, 5, 5, 6, 6, 0, 0, 1, 1, 2, 2, 3, 3, 4, 4, 5, 5, 6, 6], ""raw_lattice_A"": [[1.9391421461577933, -3.3586927202930394, 0.0], [0.0, 0.0, -12.148433133274931], [29.087132192366898, 16.7934636014652, 0.0]], ""row_cartesian_rotation"": [[0.49999999999446354, 0.0, 0.866025403787635], [-0.8660254037876352, 0.0, 0.4999999999944635], [0.0, -1.0, 0.0]], ""translation_z_A"": 9.440217914104073}",Zn4 In8 S16,28,4,True,0.0,32.31520670923154,12.31520670923154,20.0,47.1150773975481,beta_100_t06_upper,beta_100_t06_lower,False,0,2,1,"{""In"": 3, ""S"": 5, ""Zn"": 1}","[{""coordination"": [[""In"", 3], [""S"", 1]], ""depth_A"": 0.0, ""species"": {""In"": 1, ""S"": 1}}, {""coordination"": [[""In"", 3], [""S"", 4]], ""depth_A"": 1.11956, ""species"": {""In"": 1, ""S"": 1}}, {""coordination"": [[""S"", 3], [""S"", 4], [""Zn"", 4]], ""depth_A"": 2.23913, ""species"": {""S"": 2, ""Zn"": 1}}, {""coordination"": [[""In"", 6], [""S"", 3]], ""depth_A"": 3.35869, ""species"": {""In"": 1, ""S"": 1}}]",1,0,3,"{""In"": 2, ""S"": 6, ""Zn"": 2}","[{""coordination"": [[""S"", 2], [""S"", 2], [""Zn"", 2]], ""depth_A"": 0.0, ""species"": {""S"": 2, ""Zn"": 1}}, {""coordination"": [[""In"", 4], [""S"", 3]], ""depth_A"": 1.11956, ""species"": {""In"": 1, ""S"": 1}}, {""coordination"": [[""In"", 6], [""S"", 3]], ""depth_A"": 2.23913, ""species"": {""In"": 1, ""S"": 1}}, {""coordination"": [[""S"", 3], [""S"", 4], [""Zn"", 4]], ""depth_A"": 3.35869, ""species"": {""S"": 2, ""Zn"": 1}}]",2,4,2.3067251184194175,CONNECTED,"[{""atom_count"": 28, ""composition"": {""In"": 8, ""S"": 16, ""Zn"": 4}, ""periodic_cycle_vectors"": [[-2, 0, 0], [-1, 0, 0], [1, 0, 0], [2, 0, 0]], ""periodic_rank"": 1, ""site_indices"": [0, 1, 2, 3, 4, 5, 6, 7, 8, 9, 10, 11, 12, 13, 14, 15, 16, 17, 18, 19, 20, 21, 22, 23, 24, 25, 26, 27]}]",HIGH_CONCERN,13.434771284066555,0.2851480253487965,"[{""formal_charge_e"": -2, ""site_indices"": [0, 4, 12], ""species"": {""S"": 2, ""Zn"": 1}, ""z_A"": 0.0}, {""formal_charge_e"": 1, ""site_indices"": [2, 8], ""species"": {""In"": 1, ""S"": 1}, ""z_A"": 1.119564272552644}, {""formal_charge_e"": 1, ""site_indices"": [6, 10], ""species"": {""In"": 1, ""S"": 1}, ""z_A"": 2.239128548463995}, {""formal_charge_e"": -2, ""site_indices"": [1, 5, 13], ""species"": {""S"": 2, ""Zn"": 1}, ""z_A"": 3.358692720255851}, {""formal_charge_e"": 1, ""site_indices"": [3, 9], ""species"": {""In"": 1, ""S"": 1}, ""z_A"": 4.478256992808493}, {""formal_charge_e"": 1, ""site_indices"": [7, 11], ""species"": {""In"": 1, ""S"": 1}, ""z_A"": 5.5978212687198425}, {""formal_charge_e"": -2, ""site_indices"": [14, 18, 26], ""species"": {""S"": 2, ""Zn"": 1}, ""z_A"": 6.717385440511698}, {""formal_charge_e"": 1, ""site_indices"": [16, 22], ""species"": {""In"": 1, ""S"": 1}, ""z_A"": 7.836949713064342}, {""formal_charge_e"": 1, ""site_indices"": [20, 24], ""species"": {""In"": 1, ""S"": 1}, ""z_A"": 8.956513988975694}, {""formal_charge_e"": -2, ""site_indices"": [15, 19, 27], ""species"": {""S"": 2, ""Zn"": 1}, ""z_A"": 10.076078160767544}, {""formal_charge_e"": 1, ""site_indices"": [17, 23], ""species"": {""In"": 1, ""S"": 1}, ""z_A"": 11.195642433320188}, {""formal_charge_e"": 1, ""site_indices"": [21, 25], ""species"": {""In"": 1, ""S"": 1}, ""z_A"": 12.31520670923154}]","{""crossing_InS"": 4, ""crossing_ZnS"": 2, ""fractional_shift"": 0.9166666717500007, ""nearest_gap_width_A"": 1.1195641717918547, ""no_first_shell_bond_crosses"": false, ""oriented_bulk_planes"": [{""formal_charge_e"": -2, ""site_indices"": [0, 4, 12], ""species"": {""S"": 2, ""Zn"": 1}, ""z_A"": 0.0}, {""formal_charge_e"": 1, ""site_indices"": [2, 8], ""species"": {""In"": 1, ""S"": 1}, ""z_A"": 1.1195642725526447}, {""formal_charge_e"": 1, ""site_indices"": [6, 10], ""species"": {""In"": 1, ""S"": 1}, ""z_A"": 2.2391285484639942}, {""formal_charge_e"": -2, ""site_indices"": [1, 5, 13], ""species"": {""S"": 2, ""Zn"": 1}, ""z_A"": 3.3586927202558488}, {""formal_charge_e"": 1, ""site_indices"": [3, 9], ""species"": {""In"": 1, ""S"": 1}, ""z_A"": 4.478256992808493}, {""formal_charge_e"": 1, ""site_indices"": [7, 11], ""species"": {""In"": 1, ""S"": 1}, ""z_A"": 5.5978212687198425}]}",,beta_100_t03,,HOLD,Equivalent slab-pair duplicate of beta_100_t03; Structurally valid seed; high formal-electrostatics concern requires human inspection,Unrelaxed seed; vacuum/thickness not converged; no energy ranking.
beta_110_t01,beta,1,1,0,(110),t01,0.24999999142857066,vasp/wp2_surface_and_facet_screening/structure/bulk_parents/beta/POSCAR,e52ccce041a7efac9eabdbdd11b26f9dfe29b5be8d1047d7dddceef691c8480d,"{""final_lattice_A"": [[12.148433133274931, 0.0, 0.0], [0.0, 6.7173854405116975, 0.0], [0.0, 0.0, 33.57399508142913]], ""inplane_wrap_integers"": [[0, 0], [0, -1], [0, 0], [0, 0], [0, 0], [0, -1], [0, 0], [0, 0], [0, 0], [0, 0], [0, 0], [0, 0], [0, 0], [0, -1], [0, 0], [0, -1], [0, 0], [0, 0], [0, 0], [0, -1], [0, 0], [0, 0], [0, 0], [0, 0], [0, 0], [0, 0], [0, 0], [0, -1], [0, 0], [0, -1], [0, 0], [0, 0], [0, 0], [0, -1], [0, 0], [0, 0], [0, 0], [0, 0], [0, 0], [0, 0], [0, 0], [0, -1], [0, 0], [0, -1], [0, 0], [0, 0], [0, 0], [0, -1], [0, 0], [0, 0], [0, 0], [0, 0], [0, 0], [0, 0], [0, 0], [0, -1]], ""literal_parent_basis_preserved"": false, ""normal_in_parent_cartesian"": [-0.5000000000055366, -0.8660254037812422, 0.0], ""normal_sign_relative_to_hkl"": -1, ""oriented_repeat_count"": 4, ""oriented_unit_cell_lattice_A"": [[0.0, 0.0, 12.148433133274931], [-5.81742643847338, 3.3586927202930394, 0.0], [-1.9391421461577933, -3.3586927202930394, 0.0]], ""oriented_unit_cell_matrix"": [[0, 0, 1], [-1, 1, 0], [-1, -1, 0]], ""parent_site_indices"": [0, 0, 1, 1, 2, 2, 3, 3, 4, 4, 5, 5, 6, 6, 0, 0, 1, 1, 2, 2, 3, 3, 4, 4, 5, 5, 6, 6, 0, 0, 1, 1, 2, 2, 3, 3, 4, 4, 5, 5, 6, 6, 0, 0, 1, 1, 2, 2, 3, 3, 4, 4, 5, 5, 6, 6], ""raw_lattice_A"": [[0.0, 0.0, 12.148433133274931], [-5.81742643847338, 3.3586927202930394, 0.0], [-19.391421461577934, -33.5869272029304, 0.0]], ""row_cartesian_rotation"": [[0.0, -0.8660254037812422, -0.5000000000055366], [0.0, 0.5000000000055366, -0.8660254037812422], [1.0, 0.0, 0.0]], ""translation_z_A"": 9.030428951842197}",Zn8 In16 S32,56,8,True,0.0,33.57399508142913,13.573995081429128,20.000000000000004,81.60570785449093,beta_110_t01_upper,beta_110_t01_lower,True,1,2,4,"{""In"": 4, ""S"": 8, ""Zn"": 2}","[{""coordination"": [[""In"", 3], [""In"", 4], [""S"", 2], [""S"", 2], [""S"", 3], [""S"", 3], [""Zn"", 3]], ""depth_A"": 0.0, ""species"": {""In"": 2, ""S"": 4, ""Zn"": 1}}, {""coordination"": [[""In"", 4], [""In"", 6], [""S"", 3], [""S"", 3], [""S"", 4], [""S"", 4], [""Zn"", 4]], ""depth_A"": 1.93914, ""species"": {""In"": 2, ""S"": 4, ""Zn"": 1}}]",1,2,4,"{""In"": 4, ""S"": 8, ""Zn"": 2}","[{""coordination"": [[""In"", 3], [""In"", 4], [""S"", 2], [""S"", 2], [""S"", 3], [""S"", 3], [""Zn"", 3]], ""depth_A"": 0.0, ""species"": {""In"": 2, ""S"": 4, ""Zn"": 1}}, {""coordination"": [[""In"", 4], [""In"", 6], [""S"", 3], [""S"", 3], [""S"", 4], [""S"", 4], [""Zn"", 4]], ""depth_A"": 1.93914, ""species"": {""In"": 2, ""S"": 4, ""Zn"": 1}}]",2,6,2.306725118419419,CONNECTED,"[{""atom_count"": 56, ""composition"": {""In"": 16, ""S"": 32, ""Zn"": 8}, ""periodic_cycle_vectors"": [[0, -1, 0], [0, 1, 0]], ""periodic_rank"": 1, ""site_indices"": [0, 1, 2, 3, 4, 5, 6, 7, 8, 9, 10, 11, 12, 13, 14, 15, 16, 17, 18, 19, 20, 21, 22, 23, 24, 25, 26, 27, 28, 29, 30, 31, 32, 33, 34, 35, 36, 37, 38, 39, 40, 41, 42, 43, 44, 45, 46, 47, 48, 49, 50, 51, 52, 53, 54, 55]}]",LOW_CONCERN,-9.30788267794469e-07,-1.1405921133042973e-08,"[{""formal_charge_e"": 0, ""site_indices"": [3, 7, 9, 11, 0, 4, 12], ""species"": {""In"": 2, ""S"": 4, ""Zn"": 1}, ""z_A"": 2.4931827269369933e-08}, {""formal_charge_e"": 0, ""site_indices"": [2, 6, 8, 10, 1, 5, 13], ""species"": {""In"": 2, ""S"": 4, ""Zn"": 1}, ""z_A"": 1.9391421711110954}, {""formal_charge_e"": 0, ""site_indices"": [21, 25, 17, 23, 14, 18, 26], ""species"": {""In"": 2, ""S"": 4, ""Zn"": 1}, ""z_A"": 3.878284317290362}, {""formal_charge_e"": 0, ""site_indices"": [16, 20, 22, 24, 15, 19, 27], ""species"": {""In"": 2, ""S"": 4, ""Zn"": 1}, ""z_A"": 5.817426463469628}, {""formal_charge_e"": 0, ""site_indices"": [31, 35, 37, 39, 28, 32, 40], ""species"": {""In"": 2, ""S"": 4, ""Zn"": 1}, ""z_A"": 7.7565686096488875}, {""formal_charge_e"": 0, ""site_indices"": [30, 34, 36, 38, 29, 33, 41], ""species"": {""In"": 2, ""S"": 4, ""Zn"": 1}, ""z_A"": 9.695710755828156}, {""formal_charge_e"": 0, ""site_indices"": [45, 49, 51, 53, 42, 46, 54], ""species"": {""In"": 2, ""S"": 4, ""Zn"": 1}, ""z_A"": 11.63485290200742}, {""formal_charge_e"": 0, ""site_indices"": [44, 48, 50, 52, 43, 47, 55], ""species"": {""In"": 2, ""S"": 4, ""Zn"": 1}, ""z_A"": 13.573995048186692}]","{""crossing_InS"": 6, ""crossing_ZnS"": 2, ""fractional_shift"": 0.24999999142857066, ""nearest_gap_width_A"": 1.939142088004996, ""no_first_shell_bond_crosses"": false, ""oriented_bulk_planes"": [{""formal_charge_e"": -2, ""site_indices"": [1, 5, 13], ""species"": {""S"": 2, ""Zn"": 1}, ""z_A"": 0.0}, {""formal_charge_e"": 0, ""site_indices"": [7, 11, 3, 9, 0, 4, 12], ""species"": {""In"": 2, ""S"": 4, ""Zn"": 1}, ""z_A"": 1.9391421129368258}, {""formal_charge_e"": 2, ""site_indices"": [6, 10, 2, 8], ""species"": {""In"": 2, ""S"": 2}, ""z_A"": 3.8782842341842616}]}",,,vasp/wp2_surface_and_facet_screening/structure/slab_candidates/beta/110/beta_110_t01/POSCAR,PASS,Structural seed checks pass; electronic stability and convergence untested,Unrelaxed seed; vacuum/thickness not converged; no energy ranking.
beta_110_t02,beta,1,1,0,(110),t02,0.7499999914285708,vasp/wp2_surface_and_facet_screening/structure/bulk_parents/beta/POSCAR,e52ccce041a7efac9eabdbdd11b26f9dfe29b5be8d1047d7dddceef691c8480d,"{""final_lattice_A"": [[12.148433133274931, 0.0, 0.0], [0.0, 6.7173854405116975, 0.0], [0.0, 0.0, 33.57399508142913]], ""inplane_wrap_integers"": [[0, 0], [0, -1], [0, 0], [0, 0], [0, 0], [0, -1], [0, 0], [0, 0], [0, 0], [0, 0], [0, 0], [0, 0], [0, 0], [0, -1], [0, 0], [0, -1], [0, 0], [0, 0], [0, 0], [0, -1], [0, 0], [0, 0], [0, 0], [0, 0], [0, 0], [0, 0], [0, 0], [0, -1], [0, 0], [0, -1], [0, 0], [0, 0], [0, 0], [0, -1], [0, 0], [0, 0], [0, 0], [0, 0], [0, 0], [0, 0], [0, 0], [0, -1], [0, 0], [0, -1], [0, 0], [0, 0], [0, 0], [0, -1], [0, 0], [0, 0], [0, 0], [0, 0], [0, 0], [0, 0], [0, 0], [0, -1]], ""literal_parent_basis_preserved"": false, ""normal_in_parent_cartesian"": [-0.5000000000055366, -0.8660254037812422, 0.0], ""normal_sign_relative_to_hkl"": -1, ""oriented_repeat_count"": 4, ""oriented_unit_cell_lattice_A"": [[0.0, 0.0, 12.148433133274931], [-5.81742643847338, 3.3586927202930394, 0.0], [-1.9391421461577933, -3.3586927202930394, 0.0]], ""oriented_unit_cell_matrix"": [[0, 0, 1], [-1, 1, 0], [-1, -1, 0]], ""parent_site_indices"": [0, 0, 1, 1, 2, 2, 3, 3, 4, 4, 5, 5, 6, 6, 0, 0, 1, 1, 2, 2, 3, 3, 4, 4, 5, 5, 6, 6, 0, 0, 1, 1, 2, 2, 3, 3, 4, 4, 5, 5, 6, 6, 0, 0, 1, 1, 2, 2, 3, 3, 4, 4, 5, 5, 6, 6], ""raw_lattice_A"": [[0.0, 0.0, 12.148433133274931], [-5.81742643847338, 3.3586927202930394, 0.0], [-19.391421461577934, -33.5869272029304, 0.0]], ""row_cartesian_rotation"": [[0.0, -0.8660254037812422, -0.5000000000055366], [0.0, 0.5000000000055366, -0.8660254037812422], [1.0, 0.0, 0.0]], ""translation_z_A"": 9.030428951842197}",Zn8 In16 S32,56,8,True,0.0,33.57399508142913,13.573995081429128,20.000000000000004,81.60570785449093,beta_110_t02_upper,beta_110_t02_lower,True,1,2,4,"{""In"": 4, ""S"": 8, ""Zn"": 2}","[{""coordination"": [[""In"", 3], [""In"", 4], [""S"", 2], [""S"", 2], [""S"", 3], [""S"", 3], [""Zn"", 3]], ""depth_A"": 0.0, ""species"": {""In"": 2, ""S"": 4, ""Zn"": 1}}, {""coordination"": [[""In"", 4], [""In"", 6], [""S"", 3], [""S"", 3], [""S"", 4], [""S"", 4], [""Zn"", 4]], ""depth_A"": 1.93914, ""species"": {""In"": 2, ""S"": 4, ""Zn"": 1}}]",1,2,4,"{""In"": 4, ""S"": 8, ""Zn"": 2}","[{""coordination"": [[""In"", 3], [""In"", 4], [""S"", 2], [""S"", 2], [""S"", 3], [""S"", 3], [""Zn"", 3]], ""depth_A"": 0.0, ""species"": {""In"": 2, ""S"": 4, ""Zn"": 1}}, {""coordination"": [[""In"", 4], [""In"", 6], [""S"", 3], [""S"", 3], [""S"", 4], [""S"", 4], [""Zn"", 4]], ""depth_A"": 1.93914, ""species"": {""In"": 2, ""S"": 4, ""Zn"": 1}}]",2,6,2.3067251184194197,CONNECTED,"[{""atom_count"": 56, ""composition"": {""In"": 16, ""S"": 32, ""Zn"": 8}, ""periodic_cycle_vectors"": [[0, -1, 0], [0, 1, 0]], ""periodic_rank"": 1, ""site_indices"": [0, 1, 2, 3, 4, 5, 6, 7, 8, 9, 10, 11, 12, 13, 14, 15, 16, 17, 18, 19, 20, 21, 22, 23, 24, 25, 26, 27, 28, 29, 30, 31, 32, 33, 34, 35, 36, 37, 38, 39, 40, 41, 42, 43, 44, 45, 46, 47, 48, 49, 50, 51, 52, 53, 54, 55]}]",LOW_CONCERN,-9.3078827845261e-07,-1.140592126364831e-08,"[{""formal_charge_e"": 0, ""site_indices"": [2, 6, 8, 10, 1, 5, 13], ""species"": {""In"": 2, ""S"": 4, ""Zn"": 1}, ""z_A"": 2.4931827269369933e-08}, {""formal_charge_e"": 0, ""site_indices"": [7, 11, 3, 9, 0, 4, 12], ""species"": {""In"": 2, ""S"": 4, ""Zn"": 1}, ""z_A"": 1.9391421711110919}, {""formal_charge_e"": 0, ""site_indices"": [16, 20, 22, 24, 15, 19, 27], ""species"": {""In"": 2, ""S"": 4, ""Zn"": 1}, ""z_A"": 3.87828431729036}, {""formal_charge_e"": 0, ""site_indices"": [17, 21, 23, 25, 14, 18, 26], ""species"": {""In"": 2, ""S"": 4, ""Zn"": 1}, ""z_A"": 5.817426463469628}, {""formal_charge_e"": 0, ""site_indices"": [30, 34, 36, 38, 29, 33, 41], ""species"": {""In"": 2, ""S"": 4, ""Zn"": 1}, ""z_A"": 7.756568609648891}, {""formal_charge_e"": 0, ""site_indices"": [31, 35, 37, 39, 28, 32, 40], ""species"": {""In"": 2, ""S"": 4, ""Zn"": 1}, ""z_A"": 9.695710755828163}, {""formal_charge_e"": 0, ""site_indices"": [44, 48, 50, 52, 43, 47, 55], ""species"": {""In"": 2, ""S"": 4, ""Zn"": 1}, ""z_A"": 11.634852902007424}, {""formal_charge_e"": 0, ""site_indices"": [45, 49, 51, 53, 42, 46, 54], ""species"": {""In"": 2, ""S"": 4, ""Zn"": 1}, ""z_A"": 13.573995048186692}]","{""crossing_InS"": 6, ""crossing_ZnS"": 2, ""fractional_shift"": 0.7499999914285708, ""nearest_gap_width_A"": 1.939142088004996, ""no_first_shell_bond_crosses"": false, ""oriented_bulk_planes"": [{""formal_charge_e"": -2, ""site_indices"": [1, 5, 13], ""species"": {""S"": 2, ""Zn"": 1}, ""z_A"": 0.0}, {""formal_charge_e"": 0, ""site_indices"": [7, 11, 3, 9, 0, 4, 12], ""species"": {""In"": 2, ""S"": 4, ""Zn"": 1}, ""z_A"": 1.9391421129368258}, {""formal_charge_e"": 2, ""site_indices"": [6, 10, 2, 8], ""species"": {""In"": 2, ""S"": 2}, ""z_A"": 3.8782842341842616}]}",,beta_110_t01,,HOLD,Equivalent slab-pair duplicate of beta_110_t01; Structural seed checks pass; electronic stability and convergence untested,Unrelaxed seed; vacuum/thickness not converged; no energy ranking.
IIb_001_t01,IIb,0,0,1,(001),t01,0.07144377887262336,vasp/wp2_surface_and_facet_screening/structure/bulk_parents/IIb/POSCAR,2ec9c4fefc2d97f83ba94f70e1b048061fcbed0bd2efd8b8db5e1e59d23a1023,"{""final_lattice_A"": [[3.883346612329431, 0.0, 0.0], [-1.9416733061647156, 3.3630768180273156, 0.0], [0.0, 0.0, 43.279422093652784]], ""inplane_wrap_integers"": [[0, 0], [0, 0], [0, 0], [0, 0], [0, 0], [0, 0], [0, 0], [0, 0], [0, 0], [0, 0], [0, 0], [0, 0], [0, 0], [0, 0]], ""literal_parent_basis_preserved"": false, ""normal_in_parent_cartesian"": [0.0, 0.0, 1.0], ""normal_sign_relative_to_hkl"": 1, ""oriented_repeat_count"": 1, ""oriented_unit_cell_lattice_A"": [[-3.883346612329431, 0.0, 0.0], [1.9416733061647156, -3.3630768180273156, 0.0], [0.0, 0.0, 24.351774471458835]], ""oriented_unit_cell_matrix"": [[-1, 0, 0], [0, -1, 0], [0, 0, 1]], ""parent_site_indices"": [0, 1, 2, 3, 4, 5, 6, 7, 8, 9, 10, 11, 12, 13], ""raw_lattice_A"": [[-3.883346612329431, 0.0, 0.0], [1.9416733061647156, -3.3630768180273156, 0.0], [0.0, 0.0, 48.70354894291767]], ""row_cartesian_rotation"": [[-1.0, 0.0, 0.0], [0.0, -1.0, 0.0], [0.0, 0.0, 1.0]], ""translation_z_A"": 9.46382381109697}",Zn2 In4 S8,14,2,True,0.0,43.279422093652784,23.279422093652776,20.000000000000007,13.059992968290018,IIb_001_t01_upper,IIb_001_t01_lower,False,0,0,1,"{""S"": 2, ""Zn"": 1}","[{""coordination"": [[""S"", 0]], ""depth_A"": 0.0, ""species"": {""S"": 1}}, {""coordination"": [[""S"", 3]], ""depth_A"": 2.77918, ""species"": {""S"": 1}}, {""coordination"": [[""Zn"", 4]], ""depth_A"": 3.32461, ""species"": {""Zn"": 1}}]",0,1,0,"{""In"": 1, ""S"": 1}","[{""coordination"": [[""In"", 1]], ""depth_A"": 0.0, ""species"": {""In"": 1}}, {""coordination"": [[""S"", 4]], ""depth_A"": 2.4511, ""species"": {""S"": 1}}]",0,3,2.3074437401402856,FINITE_FRAGMENTS,"[{""atom_count"": 6, ""composition"": {""In"": 2, ""S"": 3, ""Zn"": 1}, ""periodic_cycle_vectors"": [[-1, -1, 0], [-1, 0, 0], [0, -1, 0], [0, 1, 0], [1, 0, 0], [1, 1, 0]], ""periodic_rank"": 2, ""site_indices"": [0, 2, 4, 6, 10, 12]}, {""atom_count"": 7, ""composition"": {""In"": 2, ""S"": 4, ""Zn"": 1}, ""periodic_cycle_vectors"": [[-1, -1, 0], [-1, 0, 0], [0, -1, 0], [0, 1, 0], [1, 0, 0], [1, 1, 0]], ""periodic_rank"": 2, ""site_indices"": [1, 3, 5, 7, 9, 11, 13]}, {""atom_count"": 1, ""composition"": {""S"": 1}, ""periodic_cycle_vectors"": [], ""periodic_rank"": 0, ""site_indices"": [8]}]",HIGH_CONCERN,-53.492249699624054,-4.09588656207584,"[{""formal_charge_e"": 3, ""site_indices"": [0], ""species"": {""In"": 1}, ""z_A"": 0.0}, {""formal_charge_e"": -2, ""site_indices"": [10], ""species"": {""S"": 1}, ""z_A"": 2.45109573218388}, {""formal_charge_e"": 3, ""site_indices"": [2], ""species"": {""In"": 1}, ""z_A"": 3.976420761515868}, {""formal_charge_e"": -2, ""site_indices"": [12], ""species"": {""S"": 1}, ""z_A"": 5.237623089836479}, {""formal_charge_e"": 2, ""site_indices"": [4], ""species"": {""Zn"": 1}, ""z_A"": 7.7789201477768515}, {""formal_charge_e"": -2, ""site_indices"": [6], ""species"": {""S"": 1}, ""z_A"": 8.324360491608832}, {""formal_charge_e"": -2, ""site_indices"": [9], ""species"": {""S"": 1}, ""z_A"": 11.103534857923357}, {""formal_charge_e"": 3, ""site_indices"": [1], ""species"": {""In"": 1}, ""z_A"": 12.17588687045286}, {""formal_charge_e"": -2, ""site_indices"": [11], ""species"": {""S"": 1}, ""z_A"": 14.626982967913293}, {""formal_charge_e"": 3, ""site_indices"": [3], ""species"": {""In"": 1}, ""z_A"": 16.152307997245288}, {""formal_charge_e"": -2, ""site_indices"": [13], ""species"": {""S"": 1}, ""z_A"": 17.413510325565902}, {""formal_charge_e"": 2, ""site_indices"": [5], ""species"": {""Zn"": 1}, ""z_A"": 19.954808114059563}, {""formal_charge_e"": -2, ""site_indices"": [7], ""species"": {""S"": 1}, ""z_A"": 20.500246996784952}, {""formal_charge_e"": -2, ""site_indices"": [8], ""species"": {""S"": 1}, ""z_A"": 23.279422093652776}]","{""crossing_InS"": 3, ""crossing_ZnS"": 0, ""fractional_shift"": 0.07144377887262336, ""nearest_gap_width_A"": 1.0723523778060584, ""no_first_shell_bond_crosses"": false, ""oriented_bulk_planes"": [{""formal_charge_e"": -2, ""site_indices"": [8], ""species"": {""S"": 1}, ""z_A"": 0.0}, {""formal_charge_e"": 3, ""site_indices"": [0], ""species"": {""In"": 1}, ""z_A"": 1.0723523778060586}, {""formal_charge_e"": -2, ""site_indices"": [10], ""species"": {""S"": 1}, ""z_A"": 3.523448109989941}, {""formal_charge_e"": 3, ""site_indices"": [2], ""species"": {""In"": 1}, ""z_A"": 5.048773139321928}, {""formal_charge_e"": -2, ""site_indices"": [12], ""species"": {""S"": 1}, ""z_A"": 6.3099754676425395}, {""formal_charge_e"": 2, ""site_indices"": [4], ""species"": {""Zn"": 1}, ""z_A"": 8.851272525582912}, {""formal_charge_e"": -2, ""site_indices"": [6], ""species"": {""S"": 1}, ""z_A"": 9.396712869414891}, {""formal_charge_e"": -2, ""site_indices"": [9], ""species"": {""S"": 1}, ""z_A"": 12.175887235729418}, {""formal_charge_e"": 3, ""site_indices"": [1], ""species"": {""In"": 1}, ""z_A"": 13.24823924825892}, {""formal_charge_e"": -2, ""site_indices"": [11], ""species"": {""S"": 1}, ""z_A"": 15.699335345719353}, {""formal_charge_e"": 3, ""site_indices"": [3], ""species"": {""In"": 1}, ""z_A"": 17.224660375051343}, {""formal_charge_e"": -2, ""site_indices"": [13], ""species"": {""S"": 1}, ""z_A"": 18.48586270337196}, {""formal_charge_e"": 2, ""site_indices"": [5], ""species"": {""Zn"": 1}, ""z_A"": 21.027160491865626}, {""formal_charge_e"": -2, ""site_indices"": [7], ""species"": {""S"": 1}, ""z_A"": 21.572599374591007}]}",,,,REJECT,detached finite fragment(s); incomplete or bond-cut basal layered unit; basal cut crosses bulk first-shell bonds,Unrelaxed seed; vacuum/thickness not converged; no energy ranking.
IIb_001_t02,IIb,0,0,1,(001),t02,0.1437885707094472,vasp/wp2_surface_and_facet_screening/structure/bulk_parents/IIb/POSCAR,2ec9c4fefc2d97f83ba94f70e1b048061fcbed0bd2efd8b8db5e1e59d23a1023,"{""final_lattice_A"": [[3.883346612329431, 0.0, 0.0], [-1.9416733061647156, 3.3630768180273156, 0.0], [0.0, 0.0, 41.90067873927495]], ""inplane_wrap_integers"": [[0, 0], [0, 0], [0, 0], [0, 0], [0, 0], [0, 0], [0, 0], [0, 0], [0, 0], [0, 0], [0, 0], [0, 0], [0, 0], [0, 0]], ""literal_parent_basis_preserved"": false, ""normal_in_parent_cartesian"": [0.0, 0.0, 1.0], ""normal_sign_relative_to_hkl"": 1, ""oriented_repeat_count"": 1, ""oriented_unit_cell_lattice_A"": [[-3.883346612329431, 0.0, 0.0], [1.9416733061647156, -3.3630768180273156, 0.0], [0.0, 0.0, 24.351774471458835]], ""oriented_unit_cell_matrix"": [[-1, 0, 0], [0, -1, 0], [0, 0, 1]], ""parent_site_indices"": [0, 1, 2, 3, 4, 5, 6, 7, 8, 9, 10, 11, 12, 13], ""raw_lattice_A"": [[-3.883346612329431, 0.0, 0.0], [1.9416733061647156, -3.3630768180273156, 0.0], [0.0, 0.0, 48.70354894291767]], ""row_cartesian_rotation"": [[-1.0, 0.0, 0.0], [0.0, -1.0, 0.0], [0.0, 0.0, 1.0]], ""translation_z_A"": 8.774452133908058}",Zn2 In4 S8,14,2,True,0.0,41.90067873927495,21.90067873927495,20.0,13.059992968290018,IIb_001_t02_upper,IIb_001_t02_lower,False,0,1,0,"{""In"": 1, ""S"": 1}","[{""coordination"": [[""In"", 3]], ""depth_A"": 0.0, ""species"": {""In"": 1}}, {""coordination"": [[""S"", 3]], ""depth_A"": 1.07235, ""species"": {""S"": 1}}]",0,0,1,"{""In"": 1, ""S"": 2}","[{""coordination"": [[""S"", 3]], ""depth_A"": 0.0, ""species"": {""S"": 1}}, {""coordination"": [[""In"", 6]], ""depth_A"": 1.52533, ""species"": {""In"": 1}}, {""coordination"": [[""S"", 4]], ""depth_A"": 2.78653, ""species"": {""S"": 1}}]",0,1,2.3074437401402847,PERIODIC_VDW_COMPONENTS,"[{""atom_count"": 2, ""composition"": {""In"": 1, ""S"": 1}, ""periodic_cycle_vectors"": [[-1, -1, 0], [-1, 0, 0], [1, 0, 0], [1, 1, 0]], ""periodic_rank"": 2, ""site_indices"": [0, 8]}, {""atom_count"": 7, ""composition"": {""In"": 2, ""S"": 4, ""Zn"": 1}, ""periodic_cycle_vectors"": [[-1, -1, 0], [-1, 0, 0], [0, -1, 0], [0, 1, 0], [1, 0, 0], [1, 1, 0]], ""periodic_rank"": 2, ""site_indices"": [1, 3, 5, 7, 9, 11, 13]}, {""atom_count"": 5, ""composition"": {""In"": 1, ""S"": 3, ""Zn"": 1}, ""periodic_cycle_vectors"": [[-1, -1, 0], [-1, 0, 0], [0, -1, 0], [0, 1, 0], [1, 0, 0], [1, 1, 0]], ""periodic_rank"": 2, ""site_indices"": [2, 4, 6, 10, 12]}]",HIGH_CONCERN,19.56307371475244,1.4979390695119104,"[{""formal_charge_e"": -2, ""site_indices"": [10], ""species"": {""S"": 1}, ""z_A"": 0.0}, {""formal_charge_e"": 3, ""site_indices"": [2], ""species"": {""In"": 1}, ""z_A"": 1.5253250293319862}, {""formal_charge_e"": -2, ""site_indices"": [12], ""species"": {""S"": 1}, ""z_A"": 2.7865273576525986}, {""formal_charge_e"": 2, ""site_indices"": [4], ""species"": {""Zn"": 1}, ""z_A"": 5.327824415592973}, {""formal_charge_e"": -2, ""site_indices"": [6], ""species"": {""S"": 1}, ""z_A"": 5.87326475942495}, {""formal_charge_e"": -2, ""site_indices"": [9], ""species"": {""S"": 1}, ""z_A"": 8.652439125739477}, {""formal_charge_e"": 3, ""site_indices"": [1], ""species"": {""In"": 1}, ""z_A"": 9.72479113826898}, {""formal_charge_e"": -2, ""site_indices"": [11], ""species"": {""S"": 1}, ""z_A"": 12.175887235729412}, {""formal_charge_e"": 3, ""site_indices"": [3], ""species"": {""In"": 1}, ""z_A"": 13.701212265061407}, {""formal_charge_e"": -2, ""site_indices"": [13], ""species"": {""S"": 1}, ""z_A"": 14.962414593382022}, {""formal_charge_e"": 2, ""site_indices"": [5], ""species"": {""Zn"": 1}, ""z_A"": 17.503712381875687}, {""formal_charge_e"": -2, ""site_indices"": [7], ""species"": {""S"": 1}, ""z_A"": 18.049151264601072}, {""formal_charge_e"": -2, ""site_indices"": [8], ""species"": {""S"": 1}, ""z_A"": 20.828326361468896}, {""formal_charge_e"": 3, ""site_indices"": [0], ""species"": {""In"": 1}, ""z_A"": 21.90067873927495}]","{""crossing_InS"": 1, ""crossing_ZnS"": 0, ""fractional_shift"": 0.1437885707094472, ""nearest_gap_width_A"": 2.4510957321838824, ""no_first_shell_bond_crosses"": false, ""oriented_bulk_planes"": [{""formal_charge_e"": -2, ""site_indices"": [8], ""species"": {""S"": 1}, ""z_A"": 0.0}, {""formal_charge_e"": 3, ""site_indices"": [0], ""species"": {""In"": 1}, ""z_A"": 1.0723523778060586}, {""formal_charge_e"": -2, ""site_indices"": [10], ""species"": {""S"": 1}, ""z_A"": 3.523448109989941}, {""formal_charge_e"": 3, ""site_indices"": [2], ""species"": {""In"": 1}, ""z_A"": 5.048773139321928}, {""formal_charge_e"": -2, ""site_indices"": [12], ""species"": {""S"": 1}, ""z_A"": 6.3099754676425395}, {""formal_charge_e"": 2, ""site_indices"": [4], ""species"": {""Zn"": 1}, ""z_A"": 8.851272525582912}, {""formal_charge_e"": -2, ""site_indices"": [6], ""species"": {""S"": 1}, ""z_A"": 9.396712869414891}, {""formal_charge_e"": -2, ""site_indices"": [9], ""species"": {""S"": 1}, ""z_A"": 12.175887235729418}, {""formal_charge_e"": 3, ""site_indices"": [1], ""species"": {""In"": 1}, ""z_A"": 13.24823924825892}, {""formal_charge_e"": -2, ""site_indices"": [11], ""species"": {""S"": 1}, ""z_A"": 15.699335345719353}, {""formal_charge_e"": 3, ""site_indices"": [3], ""species"": {""In"": 1}, ""z_A"": 17.224660375051343}, {""formal_charge_e"": -2, ""site_indices"": [13], ""species"": {""S"": 1}, ""z_A"": 18.48586270337196}, {""formal_charge_e"": 2, ""site_indices"": [5], ""species"": {""Zn"": 1}, ""z_A"": 21.027160491865626}, {""formal_charge_e"": -2, ""site_indices"": [7], ""species"": {""S"": 1}, ""z_A"": 21.572599374591007}]}",,,,REJECT,incomplete or bond-cut basal layered unit; basal cut crosses bulk first-shell bonds,Unrelaxed seed; vacuum/thickness not converged; no energy ranking.
IIb_001_t03,IIb,0,0,1,(001),t03,0.2254339712566718,vasp/wp2_surface_and_facet_screening/structure/bulk_parents/IIb/POSCAR,2ec9c4fefc2d97f83ba94f70e1b048061fcbed0bd2efd8b8db5e1e59d23a1023,"{""final_lattice_A"": [[3.883346612329431, 0.0, 0.0], [-1.9416733061647156, 3.3630768180273156, 0.0], [0.0, 0.0, 42.826449442126844]], ""inplane_wrap_integers"": [[0, 0], [0, 0], [0, 0], [0, 0], [0, 0], [0, 0], [0, 0], [0, 0], [0, 0], [0, 0], [0, 0], [0, 0], [0, 0], [0, 0]], ""literal_parent_basis_preserved"": false, ""normal_in_parent_cartesian"": [0.0, 0.0, 1.0], ""normal_sign_relative_to_hkl"": 1, ""oriented_repeat_count"": 1, ""oriented_unit_cell_lattice_A"": [[-3.883346612329431, 0.0, 0.0], [1.9416733061647156, -3.3630768180273156, 0.0], [0.0, 0.0, 24.351774471458835]], ""oriented_unit_cell_matrix"": [[-1, 0, 0], [0, -1, 0], [0, 0, 1]], ""parent_site_indices"": [0, 1, 2, 3, 4, 5, 6, 7, 8, 9, 10, 11, 12, 13], ""raw_lattice_A"": [[-3.883346612329431, 0.0, 0.0], [1.9416733061647156, -3.3630768180273156, 0.0], [0.0, 0.0, 48.70354894291767]], ""row_cartesian_rotation"": [[-1.0, 0.0, 0.0], [0.0, -1.0, 0.0], [0.0, 0.0, 1.0]], ""translation_z_A"": 9.237337485334006}",Zn2 In4 S8,14,2,True,0.0,42.826449442126844,22.826449442126844,20.0,13.059992968290018,IIb_001_t03_upper,IIb_001_t03_lower,False,0,0,1,"{""In"": 1, ""S"": 2}","[{""coordination"": [[""S"", 1]], ""depth_A"": 0.0, ""species"": {""S"": 1}}, {""coordination"": [[""In"", 4]], ""depth_A"": 2.4511, ""species"": {""In"": 1}}, {""coordination"": [[""S"", 3]], ""depth_A"": 3.52345, ""species"": {""S"": 1}}]",0,1,0,"{""In"": 1, ""S"": 1}","[{""coordination"": [[""In"", 3]], ""depth_A"": 0.0, ""species"": {""In"": 1}}, {""coordination"": [[""S"", 4]], ""depth_A"": 1.2612, ""species"": {""S"": 1}}]",0,3,2.307443740140284,PERIODIC_VDW_COMPONENTS,"[{""atom_count"": 3, ""composition"": {""In"": 1, ""S"": 2}, ""periodic_cycle_vectors"": [[-1, -1, 0], [-1, 0, 0], [1, 0, 0], [1, 1, 0]], ""periodic_rank"": 2, ""site_indices"": [0, 8, 10]}, {""atom_count"": 7, ""composition"": {""In"": 2, ""S"": 4, ""Zn"": 1}, ""periodic_cycle_vectors"": [[-1, -1, 0], [-1, 0, 0], [0, -1, 0], [0, 1, 0], [1, 0, 0], [1, 1, 0]], ""periodic_rank"": 2, ""site_indices"": [1, 3, 5, 7, 9, 11, 13]}, {""atom_count"": 4, ""composition"": {""In"": 1, ""S"": 2, ""Zn"": 1}, ""periodic_cycle_vectors"": [[-1, -1, 0], [-1, 0, 0], [0, -1, 0], [0, 1, 0], [1, 0, 0], [1, 1, 0]], ""periodic_rank"": 2, ""site_indices"": [2, 4, 6, 12]}]",HIGH_CONCERN,-29.14047522816521,-2.231278018213256,"[{""formal_charge_e"": 3, ""site_indices"": [2], ""species"": {""In"": 1}, ""z_A"": 0.0}, {""formal_charge_e"": -2, ""site_indices"": [12], ""species"": {""S"": 1}, ""z_A"": 1.2612023283206106}, {""formal_charge_e"": 2, ""site_indices"": [4], ""species"": {""Zn"": 1}, ""z_A"": 3.8024993862609833}, {""formal_charge_e"": -2, ""site_indices"": [6], ""species"": {""S"": 1}, ""z_A"": 4.347939730092962}, {""formal_charge_e"": -2, ""site_indices"": [9], ""species"": {""S"": 1}, ""z_A"": 7.127114096407489}, {""formal_charge_e"": 3, ""site_indices"": [1], ""species"": {""In"": 1}, ""z_A"": 8.199466108936992}, {""formal_charge_e"": -2, ""site_indices"": [11], ""species"": {""S"": 1}, ""z_A"": 10.650562206397424}, {""formal_charge_e"": 3, ""site_indices"": [3], ""species"": {""In"": 1}, ""z_A"": 12.17588723572942}, {""formal_charge_e"": -2, ""site_indices"": [13], ""species"": {""S"": 1}, ""z_A"": 13.437089564050034}, {""formal_charge_e"": 2, ""site_indices"": [5], ""species"": {""Zn"": 1}, ""z_A"": 15.978387352543695}, {""formal_charge_e"": -2, ""site_indices"": [7], ""species"": {""S"": 1}, ""z_A"": 16.52382623526908}, {""formal_charge_e"": -2, ""site_indices"": [8], ""species"": {""S"": 1}, ""z_A"": 19.303001332136905}, {""formal_charge_e"": 3, ""site_indices"": [0], ""species"": {""In"": 1}, ""z_A"": 20.375353709942964}, {""formal_charge_e"": -2, ""site_indices"": [10], ""species"": {""S"": 1}, ""z_A"": 22.826449442126844}]","{""crossing_InS"": 3, ""crossing_ZnS"": 0, ""fractional_shift"": 0.2254339712566718, ""nearest_gap_width_A"": 1.5253250293319873, ""no_first_shell_bond_crosses"": false, ""oriented_bulk_planes"": [{""formal_charge_e"": -2, ""site_indices"": [8], ""species"": {""S"": 1}, ""z_A"": 0.0}, {""formal_charge_e"": 3, ""site_indices"": [0], ""species"": {""In"": 1}, ""z_A"": 1.0723523778060586}, {""formal_charge_e"": -2, ""site_indices"": [10], ""species"": {""S"": 1}, ""z_A"": 3.523448109989941}, {""formal_charge_e"": 3, ""site_indices"": [2], ""species"": {""In"": 1}, ""z_A"": 5.048773139321928}, {""formal_charge_e"": -2, ""site_indices"": [12], ""species"": {""S"": 1}, ""z_A"": 6.3099754676425395}, {""formal_charge_e"": 2, ""site_indices"": [4], ""species"": {""Zn"": 1}, ""z_A"": 8.851272525582912}, {""formal_charge_e"": -2, ""site_indices"": [6], ""species"": {""S"": 1}, ""z_A"": 9.396712869414891}, {""formal_charge_e"": -2, ""site_indices"": [9], ""species"": {""S"": 1}, ""z_A"": 12.175887235729418}, {""formal_charge_e"": 3, ""site_indices"": [1], ""species"": {""In"": 1}, ""z_A"": 13.24823924825892}, {""formal_charge_e"": -2, ""site_indices"": [11], ""species"": {""S"": 1}, ""z_A"": 15.699335345719353}, {""formal_charge_e"": 3, ""site_indices"": [3], ""species"": {""In"": 1}, ""z_A"": 17.224660375051343}, {""formal_charge_e"": -2, ""site_indices"": [13], ""species"": {""S"": 1}, ""z_A"": 18.48586270337196}, {""formal_charge_e"": 2, ""site_indices"": [5], ""species"": {""Zn"": 1}, ""z_A"": 21.027160491865626}, {""formal_charge_e"": -2, ""site_indices"": [7], ""species"": {""S"": 1}, ""z_A"": 21.572599374591007}]}",,,,REJECT,incomplete or bond-cut basal layered unit; basal cut crosses bulk first-shell bonds,Unrelaxed seed; vacuum/thickness not converged; no energy ranking.
IIb_001_t04,IIb,0,0,1,(001),t04,0.28264802276077283,vasp/wp2_surface_and_facet_screening/structure/bulk_parents/IIb/POSCAR,2ec9c4fefc2d97f83ba94f70e1b048061fcbed0bd2efd8b8db5e1e59d23a1023,"{""final_lattice_A"": [[3.883346612329431, 0.0, 0.0], [-1.9416733061647156, 3.3630768180273156, 0.0], [0.0, 0.0, 43.090572143138225]], ""inplane_wrap_integers"": [[0, 0], [0, 0], [0, 0], [0, 0], [0, 0], [0, 0], [0, 0], [0, 0], [0, 0], [0, 0], [0, 0], [0, 0], [0, 0], [0, 0]], ""literal_parent_basis_preserved"": false, ""normal_in_parent_cartesian"": [0.0, 0.0, 1.0], ""normal_sign_relative_to_hkl"": 1, ""oriented_repeat_count"": 1, ""oriented_unit_cell_lattice_A"": [[-3.883346612329431, 0.0, 0.0], [1.9416733061647156, -3.3630768180273156, 0.0], [0.0, 0.0, 24.351774471458835]], ""oriented_unit_cell_matrix"": [[-1, 0, 0], [0, -1, 0], [0, 0, 1]], ""parent_site_indices"": [0, 1, 2, 3, 4, 5, 6, 7, 8, 9, 10, 11, 12, 13], ""raw_lattice_A"": [[-3.883346612329431, 0.0, 0.0], [1.9416733061647156, -3.3630768180273156, 0.0], [0.0, 0.0, 48.70354894291767]], ""row_cartesian_rotation"": [[-1.0, 0.0, 0.0], [0.0, -1.0, 0.0], [0.0, 0.0, 1.0]], ""translation_z_A"": 9.369398835839693}",Zn2 In4 S8,14,2,True,0.0,43.090572143138225,23.090572143138225,20.0,13.059992968290018,IIb_001_t04_upper,IIb_001_t04_lower,False,0,1,0,"{""In"": 1, ""S"": 1}","[{""coordination"": [[""In"", 3]], ""depth_A"": 0.0, ""species"": {""In"": 1}}, {""coordination"": [[""S"", 4]], ""depth_A"": 1.52533, ""species"": {""S"": 1}}]",0,0,1,"{""S"": 2, ""Zn"": 1}","[{""coordination"": [[""S"", 1]], ""depth_A"": 0.0, ""species"": {""S"": 1}}, {""coordination"": [[""Zn"", 4]], ""depth_A"": 2.5413, ""species"": {""Zn"": 1}}, {""coordination"": [[""S"", 3]], ""depth_A"": 3.08674, ""species"": {""S"": 1}}]",0,3,2.3074437401402834,PERIODIC_VDW_COMPONENTS,"[{""atom_count"": 4, ""composition"": {""In"": 2, ""S"": 2}, ""periodic_cycle_vectors"": [[-1, -1, 0], [-1, 0, 0], [1, 0, 0], [1, 1, 0]], ""periodic_rank"": 2, ""site_indices"": [0, 2, 8, 10]}, {""atom_count"": 7, ""composition"": {""In"": 2, ""S"": 4, ""Zn"": 1}, ""periodic_cycle_vectors"": [[-1, -1, 0], [-1, 0, 0], [0, -1, 0], [0, 1, 0], [1, 0, 0], [1, 1, 0]], ""periodic_rank"": 2, ""site_indices"": [1, 3, 5, 7, 9, 11, 13]}, {""atom_count"": 3, ""composition"": {""S"": 2, ""Zn"": 1}, ""periodic_cycle_vectors"": [[-1, -1, 0], [-1, 0, 0], [1, 0, 0], [1, 1, 0]], ""periodic_rank"": 2, ""site_indices"": [4, 6, 12]}]",HIGH_CONCERN,43.9148481862113,3.3625476133744963,"[{""formal_charge_e"": -2, ""site_indices"": [12], ""species"": {""S"": 1}, ""z_A"": 0.0}, {""formal_charge_e"": 2, ""site_indices"": [4], ""species"": {""Zn"": 1}, ""z_A"": 2.541297057940371}, {""formal_charge_e"": -2, ""site_indices"": [6], ""species"": {""S"": 1}, ""z_A"": 3.0867374017723517}, {""formal_charge_e"": -2, ""site_indices"": [9], ""species"": {""S"": 1}, ""z_A"": 5.865911768086878}, {""formal_charge_e"": 3, ""site_indices"": [1], ""species"": {""In"": 1}, ""z_A"": 6.938263780616381}, {""formal_charge_e"": -2, ""site_indices"": [11], ""species"": {""S"": 1}, ""z_A"": 9.389359878076814}, {""formal_charge_e"": 3, ""site_indices"": [3], ""species"": {""In"": 1}, ""z_A"": 10.914684907408805}, {""formal_charge_e"": -2, ""site_indices"": [13], ""species"": {""S"": 1}, ""z_A"": 12.17588723572942}, {""formal_charge_e"": 2, ""site_indices"": [5], ""species"": {""Zn"": 1}, ""z_A"": 14.717185024223085}, {""formal_charge_e"": -2, ""site_indices"": [7], ""species"": {""S"": 1}, ""z_A"": 15.262623906948466}, {""formal_charge_e"": -2, ""site_indices"": [8], ""species"": {""S"": 1}, ""z_A"": 18.04179900381629}, {""formal_charge_e"": 3, ""site_indices"": [0], ""species"": {""In"": 1}, ""z_A"": 19.114151381622353}, {""formal_charge_e"": -2, ""site_indices"": [10], ""species"": {""S"": 1}, ""z_A"": 21.565247113806237}, {""formal_charge_e"": 3, ""site_indices"": [2], ""species"": {""In"": 1}, ""z_A"": 23.090572143138225}]","{""crossing_InS"": 3, ""crossing_ZnS"": 0, ""fractional_shift"": 0.28264802276077283, ""nearest_gap_width_A"": 1.2612023283206115, ""no_first_shell_bond_crosses"": false, ""oriented_bulk_planes"": [{""formal_charge_e"": -2, ""site_indices"": [8], ""species"": {""S"": 1}, ""z_A"": 0.0}, {""formal_charge_e"": 3, ""site_indices"": [0], ""species"": {""In"": 1}, ""z_A"": 1.0723523778060586}, {""formal_charge_e"": -2, ""site_indices"": [10], ""species"": {""S"": 1}, ""z_A"": 3.523448109989941}, {""formal_charge_e"": 3, ""site_indices"": [2], ""species"": {""In"": 1}, ""z_A"": 5.048773139321928}, {""formal_charge_e"": -2, ""site_indices"": [12], ""species"": {""S"": 1}, ""z_A"": 6.3099754676425395}, {""formal_charge_e"": 2, ""site_indices"": [4], ""species"": {""Zn"": 1}, ""z_A"": 8.851272525582912}, {""formal_charge_e"": -2, ""site_indices"": [6], ""species"": {""S"": 1}, ""z_A"": 9.396712869414891}, {""formal_charge_e"": -2, ""site_indices"": [9], ""species"": {""S"": 1}, ""z_A"": 12.175887235729418}, {""formal_charge_e"": 3, ""site_indices"": [1], ""species"": {""In"": 1}, ""z_A"": 13.24823924825892}, {""formal_charge_e"": -2, ""site_indices"": [11], ""species"": {""S"": 1}, ""z_A"": 15.699335345719353}, {""formal_charge_e"": 3, ""site_indices"": [3], ""species"": {""In"": 1}, ""z_A"": 17.224660375051343}, {""formal_charge_e"": -2, ""site_indices"": [13], ""species"": {""S"": 1}, ""z_A"": 18.48586270337196}, {""formal_charge_e"": 2, ""site_indices"": [5], ""species"": {""Zn"": 1}, ""z_A"": 21.027160491865626}, {""formal_charge_e"": -2, ""site_indices"": [7], ""species"": {""S"": 1}, ""z_A"": 21.572599374591007}]}",,,,REJECT,incomplete or bond-cut basal layered unit; basal cut crosses bulk first-shell bonds,Unrelaxed seed; vacuum/thickness not converged; no energy ranking.
IIb_001_t05,IIb,0,0,1,(001),t05,0.3607224027349643,vasp/wp2_surface_and_facet_screening/structure/bulk_parents/IIb/POSCAR,2ec9c4fefc2d97f83ba94f70e1b048061fcbed0bd2efd8b8db5e1e59d23a1023,"{""final_lattice_A"": [[3.883346612329431, 0.0, 0.0], [-1.9416733061647156, 3.3630768180273156, 0.0], [0.0, 0.0, 41.810477413518456]], ""inplane_wrap_integers"": [[0, 0], [0, 0], [0, 0], [0, 0], [0, 0], [0, 0], [0, 0], [0, 0], [0, 0], [0, 0], [0, 0], [0, 0], [0, 0], [0, 0]], ""literal_parent_basis_preserved"": false, ""normal_in_parent_cartesian"": [0.0, 0.0, 1.0], ""normal_sign_relative_to_hkl"": 1, ""oriented_repeat_count"": 1, ""oriented_unit_cell_lattice_A"": [[-3.883346612329431, 0.0, 0.0], [1.9416733061647156, -3.3630768180273156, 0.0], [0.0, 0.0, 24.351774471458835]], ""oriented_unit_cell_matrix"": [[-1, 0, 0], [0, -1, 0], [0, 0, 1]], ""parent_site_indices"": [0, 1, 2, 3, 4, 5, 6, 7, 8, 9, 10, 11, 12, 13], ""raw_lattice_A"": [[-3.883346612329431, 0.0, 0.0], [1.9416733061647156, -3.3630768180273156, 0.0], [0.0, 0.0, 48.70354894291767]], ""row_cartesian_rotation"": [[-1.0, 0.0, 0.0], [0.0, -1.0, 0.0], [0.0, 0.0, 1.0]], ""translation_z_A"": 8.729351471029814}",Zn2 In4 S8,14,2,True,0.0,41.810477413518456,21.810477413518463,19.999999999999993,13.059992968290018,IIb_001_t05_upper,IIb_001_t05_lower,False,0,0,1,"{""In"": 1, ""S"": 2}","[{""coordination"": [[""S"", 3]], ""depth_A"": 0.0, ""species"": {""S"": 1}}, {""coordination"": [[""In"", 6]], ""depth_A"": 1.2612, ""species"": {""In"": 1}}, {""coordination"": [[""S"", 4]], ""depth_A"": 2.78653, ""species"": {""S"": 1}}]",1,0,0,"{""S"": 2, ""Zn"": 1}","[{""coordination"": [[""Zn"", 3]], ""depth_A"": 0.0, ""species"": {""Zn"": 1}}, {""coordination"": [[""S"", 3]], ""depth_A"": 0.54544, ""species"": {""S"": 1}}, {""coordination"": [[""S"", 3]], ""depth_A"": 3.32461, ""species"": {""S"": 1}}]",1,0,2.307443740140284,PERIODIC_VDW_COMPONENTS,"[{""atom_count"": 5, ""composition"": {""In"": 2, ""S"": 3}, ""periodic_cycle_vectors"": [[-1, -1, 0], [-1, 0, 0], [0, -1, 0], [0, 1, 0], [1, 0, 0], [1, 1, 0]], ""periodic_rank"": 2, ""site_indices"": [0, 2, 8, 10, 12]}, {""atom_count"": 7, ""composition"": {""In"": 2, ""S"": 4, ""Zn"": 1}, ""periodic_cycle_vectors"": [[-1, -1, 0], [-1, 0, 0], [0, -1, 0], [0, 1, 0], [1, 0, 0], [1, 1, 0]], ""periodic_rank"": 2, ""site_indices"": [1, 3, 5, 7, 9, 11, 13]}, {""atom_count"": 2, ""composition"": {""S"": 1, ""Zn"": 1}, ""periodic_cycle_vectors"": [[-1, -1, 0], [-1, 0, 0], [1, 0, 0], [1, 1, 0]], ""periodic_rank"": 2, ""site_indices"": [4, 6]}]",HIGH_CONCERN,-4.788700756706373,-0.36666947435067193,"[{""formal_charge_e"": 2, ""site_indices"": [4], ""species"": {""Zn"": 1}, ""z_A"": 0.0}, {""formal_charge_e"": -2, ""site_indices"": [6], ""species"": {""S"": 1}, ""z_A"": 0.545440343831979}, {""formal_charge_e"": -2, ""site_indices"": [9], ""species"": {""S"": 1}, ""z_A"": 3.3246147101465073}, {""formal_charge_e"": 3, ""site_indices"": [1], ""species"": {""In"": 1}, ""z_A"": 4.3969667226760105}, {""formal_charge_e"": -2, ""site_indices"": [11], ""species"": {""S"": 1}, ""z_A"": 6.848062820136441}, {""formal_charge_e"": 3, ""site_indices"": [3], ""species"": {""In"": 1}, ""z_A"": 8.373387849468433}, {""formal_charge_e"": -2, ""site_indices"": [13], ""species"": {""S"": 1}, ""z_A"": 9.63459017778905}, {""formal_charge_e"": 2, ""site_indices"": [5], ""species"": {""Zn"": 1}, ""z_A"": 12.175887966282716}, {""formal_charge_e"": -2, ""site_indices"": [7], ""species"": {""S"": 1}, ""z_A"": 12.721326849008097}, {""formal_charge_e"": -2, ""site_indices"": [8], ""species"": {""S"": 1}, ""z_A"": 15.500501945875929}, {""formal_charge_e"": 3, ""site_indices"": [0], ""species"": {""In"": 1}, ""z_A"": 16.572854323681984}, {""formal_charge_e"": -2, ""site_indices"": [10], ""species"": {""S"": 1}, ""z_A"": 19.02395005586586}, {""formal_charge_e"": 3, ""site_indices"": [2], ""species"": {""In"": 1}, ""z_A"": 20.549275085197856}, {""formal_charge_e"": -2, ""site_indices"": [12], ""species"": {""S"": 1}, ""z_A"": 21.810477413518463}]","{""crossing_InS"": 0, ""crossing_ZnS"": 1, ""fractional_shift"": 0.3607224027349643, ""nearest_gap_width_A"": 2.541297057940373, ""no_first_shell_bond_crosses"": false, ""oriented_bulk_planes"": [{""formal_charge_e"": -2, ""site_indices"": [8], ""species"": {""S"": 1}, ""z_A"": 0.0}, {""formal_charge_e"": 3, ""site_indices"": [0], ""species"": {""In"": 1}, ""z_A"": 1.0723523778060586}, {""formal_charge_e"": -2, ""site_indices"": [10], ""species"": {""S"": 1}, ""z_A"": 3.523448109989941}, {""formal_charge_e"": 3, ""site_indices"": [2], ""species"": {""In"": 1}, ""z_A"": 5.048773139321928}, {""formal_charge_e"": -2, ""site_indices"": [12], ""species"": {""S"": 1}, ""z_A"": 6.3099754676425395}, {""formal_charge_e"": 2, ""site_indices"": [4], ""species"": {""Zn"": 1}, ""z_A"": 8.851272525582912}, {""formal_charge_e"": -2, ""site_indices"": [6], ""species"": {""S"": 1}, ""z_A"": 9.396712869414891}, {""formal_charge_e"": -2, ""site_indices"": [9], ""species"": {""S"": 1}, ""z_A"": 12.175887235729418}, {""formal_charge_e"": 3, ""site_indices"": [1], ""species"": {""In"": 1}, ""z_A"": 13.24823924825892}, {""formal_charge_e"": -2, ""site_indices"": [11], ""species"": {""S"": 1}, ""z_A"": 15.699335345719353}, {""formal_charge_e"": 3, ""site_indices"": [3], ""species"": {""In"": 1}, ""z_A"": 17.224660375051343}, {""formal_charge_e"": -2, ""site_indices"": [13], ""species"": {""S"": 1}, ""z_A"": 18.48586270337196}, {""formal_charge_e"": 2, ""site_indices"": [5], ""species"": {""Zn"": 1}, ""z_A"": 21.027160491865626}, {""formal_charge_e"": -2, ""site_indices"": [7], ""species"": {""S"": 1}, ""z_A"": 21.572599374591007}]}",,,,REJECT,incomplete or bond-cut basal layered unit; basal cut crosses bulk first-shell bonds,Unrelaxed seed; vacuum/thickness not converged; no energy ranking.
IIb_001_t06,IIb,0,0,1,(001),t06,0.42410048233631165,vasp/wp2_surface_and_facet_screening/structure/bulk_parents/IIb/POSCAR,2ec9c4fefc2d97f83ba94f70e1b048061fcbed0bd2efd8b8db5e1e59d23a1023,"{""final_lattice_A"": [[3.883346612329431, 0.0, 0.0], [-1.9416733061647156, 3.3630768180273156, 0.0], [0.0, 0.0, 43.806334127626855]], ""inplane_wrap_integers"": [[0, 0], [0, 0], [0, 0], [0, 0], [0, 0], [0, 0], [0, 0], [0, 0], [0, 0], [0, 0], [0, 0], [0, 0], [0, 0], [0, 0]], ""literal_parent_basis_preserved"": false, ""normal_in_parent_cartesian"": [0.0, 0.0, 1.0], ""normal_sign_relative_to_hkl"": 1, ""oriented_repeat_count"": 1, ""oriented_unit_cell_lattice_A"": [[-3.883346612329431, 0.0, 0.0], [1.9416733061647156, -3.3630768180273156, 0.0], [0.0, 0.0, 24.351774471458835]], ""oriented_unit_cell_matrix"": [[-1, 0, 0], [0, -1, 0], [0, 0, 1]], ""parent_site_indices"": [0, 1, 2, 3, 4, 5, 6, 7, 8, 9, 10, 11, 12, 13], ""raw_lattice_A"": [[-3.883346612329431, 0.0, 0.0], [1.9416733061647156, -3.3630768180273156, 0.0], [0.0, 0.0, 48.70354894291767]], ""row_cartesian_rotation"": [[-1.0, 0.0, 0.0], [0.0, -1.0, 0.0], [0.0, 0.0, 1.0]], ""translation_z_A"": 9.727279828084011}",Zn2 In4 S8,14,2,True,0.0,43.806334127626855,23.806334127626855,20.0,13.059992968290018,IIb_001_t06_upper,IIb_001_t06_lower,False,1,0,0,"{""S"": 1, ""Zn"": 1}","[{""coordination"": [[""Zn"", 1]], ""depth_A"": 0.0, ""species"": {""Zn"": 1}}, {""coordination"": [[""S"", 4]], ""depth_A"": 2.5413, ""species"": {""S"": 1}}]",0,0,1,"{""S"": 2}","[{""coordination"": [[""S"", 0]], ""depth_A"": 0.0, ""species"": {""S"": 1}}, {""coordination"": [[""S"", 3]], ""depth_A"": 2.77917, ""species"": {""S"": 1}}]",3,0,2.307443740140284,FINITE_FRAGMENTS,"[{""atom_count"": 6, ""composition"": {""In"": 2, ""S"": 3, ""Zn"": 1}, ""periodic_cycle_vectors"": [[-1, -1, 0], [-1, 0, 0], [0, -1, 0], [0, 1, 0], [1, 0, 0], [1, 1, 0]], ""periodic_rank"": 2, ""site_indices"": [0, 2, 4, 8, 10, 12]}, {""atom_count"": 7, ""composition"": {""In"": 2, ""S"": 4, ""Zn"": 1}, ""periodic_cycle_vectors"": [[-1, -1, 0], [-1, 0, 0], [0, -1, 0], [0, 1, 0], [1, 0, 0], [1, 1, 0]], ""periodic_rank"": 2, ""site_indices"": [1, 3, 5, 7, 9, 11, 13]}, {""atom_count"": 1, ""composition"": {""S"": 1}, ""periodic_cycle_vectors"": [], ""periodic_rank"": 0, ""site_indices"": [6]}]",HIGH_CONCERN,43.91484818621125,3.3625476133744923,"[{""formal_charge_e"": -2, ""site_indices"": [6], ""species"": {""S"": 1}, ""z_A"": 0.0}, {""formal_charge_e"": -2, ""site_indices"": [9], ""species"": {""S"": 1}, ""z_A"": 2.7791743663145247}, {""formal_charge_e"": 3, ""site_indices"": [1], ""species"": {""In"": 1}, ""z_A"": 3.8515263788440297}, {""formal_charge_e"": -2, ""site_indices"": [11], ""species"": {""S"": 1}, ""z_A"": 6.302622476304464}, {""formal_charge_e"": 3, ""site_indices"": [3], ""species"": {""In"": 1}, ""z_A"": 7.827947505636455}, {""formal_charge_e"": -2, ""site_indices"": [13], ""species"": {""S"": 1}, ""z_A"": 9.089149833957073}, {""formal_charge_e"": 2, ""site_indices"": [5], ""species"": {""Zn"": 1}, ""z_A"": 11.630447622450735}, {""formal_charge_e"": -2, ""site_indices"": [7], ""species"": {""S"": 1}, ""z_A"": 12.17588650517612}, {""formal_charge_e"": -2, ""site_indices"": [8], ""species"": {""S"": 1}, ""z_A"": 14.955061602043948}, {""formal_charge_e"": 3, ""site_indices"": [0], ""species"": {""In"": 1}, ""z_A"": 16.02741397985}, {""formal_charge_e"": -2, ""site_indices"": [10], ""species"": {""S"": 1}, ""z_A"": 18.478509712033883}, {""formal_charge_e"": 3, ""site_indices"": [2], ""species"": {""In"": 1}, ""z_A"": 20.00383474136587}, {""formal_charge_e"": -2, ""site_indices"": [12], ""species"": {""S"": 1}, ""z_A"": 21.265037069686485}, {""formal_charge_e"": 2, ""site_indices"": [4], ""species"": {""Zn"": 1}, ""z_A"": 23.806334127626855}]","{""crossing_InS"": 0, ""crossing_ZnS"": 3, ""fractional_shift"": 0.42410048233631165, ""nearest_gap_width_A"": 0.545440343831979, ""no_first_shell_bond_crosses"": false, ""oriented_bulk_planes"": [{""formal_charge_e"": -2, ""site_indices"": [8], ""species"": {""S"": 1}, ""z_A"": 0.0}, {""formal_charge_e"": 3, ""site_indices"": [0], ""species"": {""In"": 1}, ""z_A"": 1.0723523778060586}, {""formal_charge_e"": -2, ""site_indices"": [10], ""species"": {""S"": 1}, ""z_A"": 3.523448109989941}, {""formal_charge_e"": 3, ""site_indices"": [2], ""species"": {""In"": 1}, ""z_A"": 5.048773139321928}, {""formal_charge_e"": -2, ""site_indices"": [12], ""species"": {""S"": 1}, ""z_A"": 6.3099754676425395}, {""formal_charge_e"": 2, ""site_indices"": [4], ""species"": {""Zn"": 1}, ""z_A"": 8.851272525582912}, {""formal_charge_e"": -2, ""site_indices"": [6], ""species"": {""S"": 1}, ""z_A"": 9.396712869414891}, {""formal_charge_e"": -2, ""site_indices"": [9], ""species"": {""S"": 1}, ""z_A"": 12.175887235729418}, {""formal_charge_e"": 3, ""site_indices"": [1], ""species"": {""In"": 1}, ""z_A"": 13.24823924825892}, {""formal_charge_e"": -2, ""site_indices"": [11], ""species"": {""S"": 1}, ""z_A"": 15.699335345719353}, {""formal_charge_e"": 3, ""site_indices"": [3], ""species"": {""In"": 1}, ""z_A"": 17.224660375051343}, {""formal_charge_e"": -2, ""site_indices"": [13], ""species"": {""S"": 1}, ""z_A"": 18.48586270337196}, {""formal_charge_e"": 2, ""site_indices"": [5], ""species"": {""Zn"": 1}, ""z_A"": 21.027160491865626}, {""formal_charge_e"": -2, ""site_indices"": [7], ""species"": {""S"": 1}, ""z_A"": 21.572599374591007}]}",,,,REJECT,detached finite fragment(s); incomplete or bond-cut basal layered unit; basal cut crosses bulk first-shell bonds,Unrelaxed seed; vacuum/thickness not converged; no energy ranking.
IIb_001_t07,IIb,0,0,1,(001),t07,0.4923627503292062,vasp/wp2_surface_and_facet_screening/structure/bulk_parents/IIb/POSCAR,2ec9c4fefc2d97f83ba94f70e1b048061fcbed0bd2efd8b8db5e1e59d23a1023,"{""final_lattice_A"": [[3.883346612329431, 0.0, 0.0], [-1.9416733061647156, 3.3630768180273156, 0.0], [0.0, 0.0, 41.57260010514431]], ""inplane_wrap_integers"": [[0, 0], [0, 0], [0, 0], [0, 0], [0, 0], [0, 0], [0, 0], [0, 0], [0, 0], [0, 0], [0, 0], [0, 0], [0, 0], [0, 0]], ""literal_parent_basis_preserved"": false, ""normal_in_parent_cartesian"": [0.0, 0.0, 1.0], ""normal_sign_relative_to_hkl"": 1, ""oriented_repeat_count"": 1, ""oriented_unit_cell_lattice_A"": [[-3.883346612329431, 0.0, 0.0], [1.9416733061647156, -3.3630768180273156, 0.0], [0.0, 0.0, 24.351774471458835]], ""oriented_unit_cell_matrix"": [[-1, 0, 0], [0, -1, 0], [0, 0, 1]], ""parent_site_indices"": [0, 1, 2, 3, 4, 5, 6, 7, 8, 9, 10, 11, 12, 13], ""raw_lattice_A"": [[-3.883346612329431, 0.0, 0.0], [1.9416733061647156, -3.3630768180273156, 0.0], [0.0, 0.0, 48.70354894291767]], ""row_cartesian_rotation"": [[-1.0, 0.0, 0.0], [0.0, -1.0, 0.0], [0.0, 0.0, 1.0]], ""translation_z_A"": 8.610412816842734}",Zn2 In4 S8,14,2,True,0.0,41.57260010514431,21.572600105144307,20.000000000000004,13.059992968290018,IIb_001_t07_upper,IIb_001_t07_lower,False,0,0,0,"{""S"": 2, ""Zn"": 1}","[{""coordination"": [[""S"", 3]], ""depth_A"": 0.0, ""species"": {""S"": 1}}, {""coordination"": [[""Zn"", 4]], ""depth_A"": 0.54544, ""species"": {""Zn"": 1}}, {""coordination"": [[""S"", 4]], ""depth_A"": 3.08674, ""species"": {""S"": 1}}]",0,0,0,"{""In"": 1, ""S"": 2}","[{""coordination"": [[""S"", 3]], ""depth_A"": 0.0, ""species"": {""S"": 1}}, {""coordination"": [[""In"", 4]], ""depth_A"": 1.07235, ""species"": {""In"": 1}}, {""coordination"": [[""S"", 4]], ""depth_A"": 3.52345, ""species"": {""S"": 1}}]",0,0,2.3074437401402847,PERIODIC_VDW_COMPONENTS,"[{""atom_count"": 7, ""composition"": {""In"": 2, ""S"": 4, ""Zn"": 1}, ""periodic_cycle_vectors"": [[-1, -1, 0], [-1, 0, 0], [0, -1, 0], [0, 1, 0], [1, 0, 0], [1, 1, 0]], ""periodic_rank"": 2, ""site_indices"": [0, 2, 4, 6, 8, 10, 12]}, {""atom_count"": 7, ""composition"": {""In"": 2, ""S"": 4, ""Zn"": 1}, ""periodic_cycle_vectors"": [[-1, -1, 0], [-1, 0, 0], [0, -1, 0], [0, 1, 0], [1, 0, 0], [1, 1, 0]], ""periodic_rank"": 2, ""site_indices"": [1, 3, 5, 7, 9, 11, 13]}]",HIGH_CONCERN,-4.788700756706426,-0.36666947435067604,"[{""formal_charge_e"": -2, ""site_indices"": [9], ""species"": {""S"": 1}, ""z_A"": 0.0}, {""formal_charge_e"": 3, ""site_indices"": [1], ""species"": {""In"": 1}, ""z_A"": 1.0723520125295032}, {""formal_charge_e"": -2, ""site_indices"": [11], ""species"": {""S"": 1}, ""z_A"": 3.5234481099899355}, {""formal_charge_e"": 3, ""site_indices"": [3], ""species"": {""In"": 1}, ""z_A"": 5.048773139321925}, {""formal_charge_e"": -2, ""site_indices"": [13], ""species"": {""S"": 1}, ""z_A"": 6.309975467642545}, {""formal_charge_e"": 2, ""site_indices"": [5], ""species"": {""Zn"": 1}, ""z_A"": 8.851273256136206}, {""formal_charge_e"": -2, ""site_indices"": [7], ""species"": {""S"": 1}, ""z_A"": 9.396712138861592}, {""formal_charge_e"": -2, ""site_indices"": [8], ""species"": {""S"": 1}, ""z_A"": 12.17588723572942}, {""formal_charge_e"": 3, ""site_indices"": [0], ""species"": {""In"": 1}, ""z_A"": 13.248239613535471}, {""formal_charge_e"": -2, ""site_indices"": [10], ""species"": {""S"": 1}, ""z_A"": 15.699335345719355}, {""formal_charge_e"": 3, ""site_indices"": [2], ""species"": {""In"": 1}, ""z_A"": 17.22466037505134}, {""formal_charge_e"": -2, ""site_indices"": [12], ""species"": {""S"": 1}, ""z_A"": 18.485862703371954}, {""formal_charge_e"": 2, ""site_indices"": [4], ""species"": {""Zn"": 1}, ""z_A"": 21.02715976131233}, {""formal_charge_e"": -2, ""site_indices"": [6], ""species"": {""S"": 1}, ""z_A"": 21.572600105144307}]","{""crossing_InS"": 0, ""crossing_ZnS"": 0, ""fractional_shift"": 0.4923627503292062, ""nearest_gap_width_A"": 2.779174366314526, ""no_first_shell_bond_crosses"": true, ""oriented_bulk_planes"": [{""formal_charge_e"": -2, ""site_indices"": [8], ""species"": {""S"": 1}, ""z_A"": 0.0}, {""formal_charge_e"": 3, ""site_indices"": [0], ""species"": {""In"": 1}, ""z_A"": 1.0723523778060586}, {""formal_charge_e"": -2, ""site_indices"": [10], ""species"": {""S"": 1}, ""z_A"": 3.523448109989941}, {""formal_charge_e"": 3, ""site_indices"": [2], ""species"": {""In"": 1}, ""z_A"": 5.048773139321928}, {""formal_charge_e"": -2, ""site_indices"": [12], ""species"": {""S"": 1}, ""z_A"": 6.3099754676425395}, {""formal_charge_e"": 2, ""site_indices"": [4], ""species"": {""Zn"": 1}, ""z_A"": 8.851272525582912}, {""formal_charge_e"": -2, ""site_indices"": [6], ""species"": {""S"": 1}, ""z_A"": 9.396712869414891}, {""formal_charge_e"": -2, ""site_indices"": [9], ""species"": {""S"": 1}, ""z_A"": 12.175887235729418}, {""formal_charge_e"": 3, ""site_indices"": [1], ""species"": {""In"": 1}, ""z_A"": 13.24823924825892}, {""formal_charge_e"": -2, ""site_indices"": [11], ""species"": {""S"": 1}, ""z_A"": 15.699335345719353}, {""formal_charge_e"": 3, ""site_indices"": [3], ""species"": {""In"": 1}, ""z_A"": 17.224660375051343}, {""formal_charge_e"": -2, ""site_indices"": [13], ""species"": {""S"": 1}, ""z_A"": 18.48586270337196}, {""formal_charge_e"": 2, ""site_indices"": [5], ""species"": {""Zn"": 1}, ""z_A"": 21.027160491865626}, {""formal_charge_e"": -2, ""site_indices"": [7], ""species"": {""S"": 1}, ""z_A"": 21.572599374591007}]}",2,,vasp/wp2_surface_and_facet_screening/structure/slab_candidates/IIb/001/IIb_001_t07/POSCAR,HOLD,Structurally valid seed; high formal-electrostatics concern requires human inspection,Unrelaxed seed; vacuum/thickness not converged; no energy ranking.
IIb_001_t08,IIb,0,0,1,(001),t08,0.5714437713726246,vasp/wp2_surface_and_facet_screening/structure/bulk_parents/IIb/POSCAR,2ec9c4fefc2d97f83ba94f70e1b048061fcbed0bd2efd8b8db5e1e59d23a1023,"{""final_lattice_A"": [[3.883346612329431, 0.0, 0.0], [-1.9416733061647156, 3.3630768180273156, 0.0], [0.0, 0.0, 43.27942245892933]], ""inplane_wrap_integers"": [[0, 0], [0, 0], [0, 0], [0, 0], [0, 0], [0, 0], [0, 0], [0, 0], [0, 0], [0, 0], [0, 0], [0, 0], [0, 0], [0, 0]], ""literal_parent_basis_preserved"": false, ""normal_in_parent_cartesian"": [0.0, 0.0, 1.0], ""normal_sign_relative_to_hkl"": 1, ""oriented_repeat_count"": 1, ""oriented_unit_cell_lattice_A"": [[-3.883346612329431, 0.0, 0.0], [1.9416733061647156, -3.3630768180273156, 0.0], [0.0, 0.0, 24.351774471458835]], ""oriented_unit_cell_matrix"": [[-1, 0, 0], [0, -1, 0], [0, 0, 1]], ""parent_site_indices"": [0, 1, 2, 3, 4, 5, 6, 7, 8, 9, 10, 11, 12, 13], ""raw_lattice_A"": [[-3.883346612329431, 0.0, 0.0], [1.9416733061647156, -3.3630768180273156, 0.0], [0.0, 0.0, 48.70354894291767]], ""row_cartesian_rotation"": [[-1.0, 0.0, 0.0], [0.0, -1.0, 0.0], [0.0, 0.0, 1.0]], ""translation_z_A"": 9.463823993735247}",Zn2 In4 S8,14,2,True,0.0,43.27942245892933,23.279422458929332,20.0,13.059992968290018,IIb_001_t08_upper,IIb_001_t08_lower,False,0,0,1,"{""S"": 2, ""Zn"": 1}","[{""coordination"": [[""S"", 0]], ""depth_A"": 0.0, ""species"": {""S"": 1}}, {""coordination"": [[""S"", 3]], ""depth_A"": 2.77917, ""species"": {""S"": 1}}, {""coordination"": [[""Zn"", 4]], ""depth_A"": 3.32461, ""species"": {""Zn"": 1}}]",0,1,0,"{""In"": 1, ""S"": 1}","[{""coordination"": [[""In"", 1]], ""depth_A"": 0.0, ""species"": {""In"": 1}}, {""coordination"": [[""S"", 4]], ""depth_A"": 2.4511, ""species"": {""S"": 1}}]",0,3,2.307443740140284,FINITE_FRAGMENTS,"[{""atom_count"": 7, ""composition"": {""In"": 2, ""S"": 4, ""Zn"": 1}, ""periodic_cycle_vectors"": [[-1, -1, 0], [-1, 0, 0], [0, -1, 0], [0, 1, 0], [1, 0, 0], [1, 1, 0]], ""periodic_rank"": 2, ""site_indices"": [0, 2, 4, 6, 8, 10, 12]}, {""atom_count"": 6, ""composition"": {""In"": 2, ""S"": 3, ""Zn"": 1}, ""periodic_cycle_vectors"": [[-1, -1, 0], [-1, 0, 0], [0, -1, 0], [0, 1, 0], [1, 0, 0], [1, 1, 0]], ""periodic_rank"": 2, ""site_indices"": [1, 3, 5, 7, 11, 13]}, {""atom_count"": 1, ""composition"": {""S"": 1}, ""periodic_cycle_vectors"": [], ""periodic_rank"": 0, ""site_indices"": [9]}]",HIGH_CONCERN,-53.49224969962404,-4.095886562075839,"[{""formal_charge_e"": 3, ""site_indices"": [1], ""species"": {""In"": 1}, ""z_A"": 0.0}, {""formal_charge_e"": -2, ""site_indices"": [11], ""species"": {""S"": 1}, ""z_A"": 2.4510960974604323}, {""formal_charge_e"": 3, ""site_indices"": [3], ""species"": {""In"": 1}, ""z_A"": 3.9764211267924257}, {""formal_charge_e"": -2, ""site_indices"": [13], ""species"": {""S"": 1}, ""z_A"": 5.237623455113042}, {""formal_charge_e"": 2, ""site_indices"": [5], ""species"": {""Zn"": 1}, ""z_A"": 7.778921243606703}, {""formal_charge_e"": -2, ""site_indices"": [7], ""species"": {""S"": 1}, ""z_A"": 8.324360126332088}, {""formal_charge_e"": -2, ""site_indices"": [8], ""species"": {""S"": 1}, ""z_A"": 11.103535223199913}, {""formal_charge_e"": 3, ""site_indices"": [0], ""species"": {""In"": 1}, ""z_A"": 12.175887601005972}, {""formal_charge_e"": -2, ""site_indices"": [10], ""species"": {""S"": 1}, ""z_A"": 14.626983333189855}, {""formal_charge_e"": 3, ""site_indices"": [2], ""species"": {""In"": 1}, ""z_A"": 16.152308362521843}, {""formal_charge_e"": -2, ""site_indices"": [12], ""species"": {""S"": 1}, ""z_A"": 17.41351069084245}, {""formal_charge_e"": 2, ""site_indices"": [4], ""species"": {""Zn"": 1}, ""z_A"": 19.954807748782827}, {""formal_charge_e"": -2, ""site_indices"": [6], ""species"": {""S"": 1}, ""z_A"": 20.5002480926148}, {""formal_charge_e"": -2, ""site_indices"": [9], ""species"": {""S"": 1}, ""z_A"": 23.279422458929332}]","{""crossing_InS"": 3, ""crossing_ZnS"": 0, ""fractional_shift"": 0.5714437713726246, ""nearest_gap_width_A"": 1.0723520125295032, ""no_first_shell_bond_crosses"": false, ""oriented_bulk_planes"": [{""formal_charge_e"": -2, ""site_indices"": [8], ""species"": {""S"": 1}, ""z_A"": 0.0}, {""formal_charge_e"": 3, ""site_indices"": [0], ""species"": {""In"": 1}, ""z_A"": 1.0723523778060586}, {""formal_charge_e"": -2, ""site_indices"": [10], ""species"": {""S"": 1}, ""z_A"": 3.523448109989941}, {""formal_charge_e"": 3, ""site_indices"": [2], ""species"": {""In"": 1}, ""z_A"": 5.048773139321928}, {""formal_charge_e"": -2, ""site_indices"": [12], ""species"": {""S"": 1}, ""z_A"": 6.3099754676425395}, {""formal_charge_e"": 2, ""site_indices"": [4], ""species"": {""Zn"": 1}, ""z_A"": 8.851272525582912}, {""formal_charge_e"": -2, ""site_indices"": [6], ""species"": {""S"": 1}, ""z_A"": 9.396712869414891}, {""formal_charge_e"": -2, ""site_indices"": [9], ""species"": {""S"": 1}, ""z_A"": 12.175887235729418}, {""formal_charge_e"": 3, ""site_indices"": [1], ""species"": {""In"": 1}, ""z_A"": 13.24823924825892}, {""formal_charge_e"": -2, ""site_indices"": [11], ""species"": {""S"": 1}, ""z_A"": 15.699335345719353}, {""formal_charge_e"": 3, ""site_indices"": [3], ""species"": {""In"": 1}, ""z_A"": 17.224660375051343}, {""formal_charge_e"": -2, ""site_indices"": [13], ""species"": {""S"": 1}, ""z_A"": 18.48586270337196}, {""formal_charge_e"": 2, ""site_indices"": [5], ""species"": {""Zn"": 1}, ""z_A"": 21.027160491865626}, {""formal_charge_e"": -2, ""site_indices"": [7], ""species"": {""S"": 1}, ""z_A"": 21.572599374591007}]}",,IIb_001_t01,,REJECT,Equivalent slab-pair duplicate of IIb_001_t01; detached finite fragment(s); incomplete or bond-cut basal layered unit; basal cut crosses bulk first-shell bonds,Unrelaxed seed; vacuum/thickness not converged; no energy ranking.
IIb_001_t09,IIb,0,0,1,(001),t09,0.6437885632094483,vasp/wp2_surface_and_facet_screening/structure/bulk_parents/IIb/POSCAR,2ec9c4fefc2d97f83ba94f70e1b048061fcbed0bd2efd8b8db5e1e59d23a1023,"{""final_lattice_A"": [[3.883346612329431, 0.0, 0.0], [-1.9416733061647156, 3.3630768180273156, 0.0], [0.0, 0.0, 41.9006783739984]], ""inplane_wrap_integers"": [[0, 0], [0, 0], [0, 0], [0, 0], [0, 0], [0, 0], [0, 0], [0, 0], [0, 0], [0, 0], [0, 0], [0, 0], [0, 0], [0, 0]], ""literal_parent_basis_preserved"": false, ""normal_in_parent_cartesian"": [0.0, 0.0, 1.0], ""normal_sign_relative_to_hkl"": 1, ""oriented_repeat_count"": 1, ""oriented_unit_cell_lattice_A"": [[-3.883346612329431, 0.0, 0.0], [1.9416733061647156, -3.3630768180273156, 0.0], [0.0, 0.0, 24.351774471458835]], ""oriented_unit_cell_matrix"": [[-1, 0, 0], [0, -1, 0], [0, 0, 1]], ""parent_site_indices"": [0, 1, 2, 3, 4, 5, 6, 7, 8, 9, 10, 11, 12, 13], ""raw_lattice_A"": [[-3.883346612329431, 0.0, 0.0], [1.9416733061647156, -3.3630768180273156, 0.0], [0.0, 0.0, 48.70354894291767]], ""row_cartesian_rotation"": [[-1.0, 0.0, 0.0], [0.0, -1.0, 0.0], [0.0, 0.0, 1.0]], ""translation_z_A"": 8.774451951269782}",Zn2 In4 S8,14,2,True,0.0,41.9006783739984,21.900678373998403,20.0,13.059992968290018,IIb_001_t09_upper,IIb_001_t09_lower,False,0,1,0,"{""In"": 1, ""S"": 1}","[{""coordination"": [[""In"", 3]], ""depth_A"": 0.0, ""species"": {""In"": 1}}, {""coordination"": [[""S"", 3]], ""depth_A"": 1.07235, ""species"": {""S"": 1}}]",0,0,1,"{""In"": 1, ""S"": 2}","[{""coordination"": [[""S"", 3]], ""depth_A"": 0.0, ""species"": {""S"": 1}}, {""coordination"": [[""In"", 6]], ""depth_A"": 1.52533, ""species"": {""In"": 1}}, {""coordination"": [[""S"", 4]], ""depth_A"": 2.78653, ""species"": {""S"": 1}}]",0,1,2.307443740140284,PERIODIC_VDW_COMPONENTS,"[{""atom_count"": 7, ""composition"": {""In"": 2, ""S"": 4, ""Zn"": 1}, ""periodic_cycle_vectors"": [[-1, -1, 0], [-1, 0, 0], [0, -1, 0], [0, 1, 0], [1, 0, 0], [1, 1, 0]], ""periodic_rank"": 2, ""site_indices"": [0, 2, 4, 6, 8, 10, 12]}, {""atom_count"": 2, ""composition"": {""In"": 1, ""S"": 1}, ""periodic_cycle_vectors"": [[-1, -1, 0], [0, -1, 0], [0, 1, 0], [1, 1, 0]], ""periodic_rank"": 2, ""site_indices"": [1, 9]}, {""atom_count"": 5, ""composition"": {""In"": 1, ""S"": 3, ""Zn"": 1}, ""periodic_cycle_vectors"": [[-1, -1, 0], [-1, 0, 0], [0, -1, 0], [0, 1, 0], [1, 0, 0], [1, 1, 0]], ""periodic_rank"": 2, ""site_indices"": [3, 5, 7, 11, 13]}]",HIGH_CONCERN,19.56307371475243,1.4979390695119095,"[{""formal_charge_e"": -2, ""site_indices"": [11], ""species"": {""S"": 1}, ""z_A"": 0.0}, {""formal_charge_e"": 3, ""site_indices"": [3], ""species"": {""In"": 1}, ""z_A"": 1.5253250293319915}, {""formal_charge_e"": -2, ""site_indices"": [13], ""species"": {""S"": 1}, ""z_A"": 2.7865273576526075}, {""formal_charge_e"": 2, ""site_indices"": [5], ""species"": {""Zn"": 1}, ""z_A"": 5.327825146146273}, {""formal_charge_e"": -2, ""site_indices"": [7], ""species"": {""S"": 1}, ""z_A"": 5.873264028871656}, {""formal_charge_e"": -2, ""site_indices"": [8], ""species"": {""S"": 1}, ""z_A"": 8.652439125739484}, {""formal_charge_e"": 3, ""site_indices"": [0], ""species"": {""In"": 1}, ""z_A"": 9.72479150354554}, {""formal_charge_e"": -2, ""site_indices"": [10], ""species"": {""S"": 1}, ""z_A"": 12.175887235729423}, {""formal_charge_e"": 3, ""site_indices"": [2], ""species"": {""In"": 1}, ""z_A"": 13.701212265061411}, {""formal_charge_e"": -2, ""site_indices"": [12], ""species"": {""S"": 1}, ""z_A"": 14.962414593382025}, {""formal_charge_e"": 2, ""site_indices"": [4], ""species"": {""Zn"": 1}, ""z_A"": 17.503711651322398}, {""formal_charge_e"": -2, ""site_indices"": [6], ""species"": {""S"": 1}, ""z_A"": 18.049151995154375}, {""formal_charge_e"": -2, ""site_indices"": [9], ""species"": {""S"": 1}, ""z_A"": 20.828326361468903}, {""formal_charge_e"": 3, ""site_indices"": [1], ""species"": {""In"": 1}, ""z_A"": 21.900678373998403}]","{""crossing_InS"": 1, ""crossing_ZnS"": 0, ""fractional_shift"": 0.6437885632094483, ""nearest_gap_width_A"": 2.4510960974604328, ""no_first_shell_bond_crosses"": false, ""oriented_bulk_planes"": [{""formal_charge_e"": -2, ""site_indices"": [8], ""species"": {""S"": 1}, ""z_A"": 0.0}, {""formal_charge_e"": 3, ""site_indices"": [0], ""species"": {""In"": 1}, ""z_A"": 1.0723523778060586}, {""formal_charge_e"": -2, ""site_indices"": [10], ""species"": {""S"": 1}, ""z_A"": 3.523448109989941}, {""formal_charge_e"": 3, ""site_indices"": [2], ""species"": {""In"": 1}, ""z_A"": 5.048773139321928}, {""formal_charge_e"": -2, ""site_indices"": [12], ""species"": {""S"": 1}, ""z_A"": 6.3099754676425395}, {""formal_charge_e"": 2, ""site_indices"": [4], ""species"": {""Zn"": 1}, ""z_A"": 8.851272525582912}, {""formal_charge_e"": -2, ""site_indices"": [6], ""species"": {""S"": 1}, ""z_A"": 9.396712869414891}, {""formal_charge_e"": -2, ""site_indices"": [9], ""species"": {""S"": 1}, ""z_A"": 12.175887235729418}, {""formal_charge_e"": 3, ""site_indices"": [1], ""species"": {""In"": 1}, ""z_A"": 13.24823924825892}, {""formal_charge_e"": -2, ""site_indices"": [11], ""species"": {""S"": 1}, ""z_A"": 15.699335345719353}, {""formal_charge_e"": 3, ""site_indices"": [3], ""species"": {""In"": 1}, ""z_A"": 17.224660375051343}, {""formal_charge_e"": -2, ""site_indices"": [13], ""species"": {""S"": 1}, ""z_A"": 18.48586270337196}, {""formal_charge_e"": 2, ""site_indices"": [5], ""species"": {""Zn"": 1}, ""z_A"": 21.027160491865626}, {""formal_charge_e"": -2, ""site_indices"": [7], ""species"": {""S"": 1}, ""z_A"": 21.572599374591007}]}",,IIb_001_t02,,REJECT,Equivalent slab-pair duplicate of IIb_001_t02; incomplete or bond-cut basal layered unit; basal cut crosses bulk first-shell bonds,Unrelaxed seed; vacuum/thickness not converged; no energy ranking.
IIb_001_t10,IIb,0,0,1,(001),t10,0.7254339712566718,vasp/wp2_surface_and_facet_screening/structure/bulk_parents/IIb/POSCAR,2ec9c4fefc2d97f83ba94f70e1b048061fcbed0bd2efd8b8db5e1e59d23a1023,"{""final_lattice_A"": [[3.883346612329431, 0.0, 0.0], [-1.9416733061647156, 3.3630768180273156, 0.0], [0.0, 0.0, 42.826449442126844]], ""inplane_wrap_integers"": [[0, 0], [0, 0], [0, 0], [0, 0], [0, 0], [0, 0], [0, 0], [0, 0], [0, 0], [0, 0], [0, 0], [0, 0], [0, 0], [0, 0]], ""literal_parent_basis_preserved"": false, ""normal_in_parent_cartesian"": [0.0, 0.0, 1.0], ""normal_sign_relative_to_hkl"": 1, ""oriented_repeat_count"": 1, ""oriented_unit_cell_lattice_A"": [[-3.883346612329431, 0.0, 0.0], [1.9416733061647156, -3.3630768180273156, 0.0], [0.0, 0.0, 24.351774471458835]], ""oriented_unit_cell_matrix"": [[-1, 0, 0], [0, -1, 0], [0, 0, 1]], ""parent_site_indices"": [0, 1, 2, 3, 4, 5, 6, 7, 8, 9, 10, 11, 12, 13], ""raw_lattice_A"": [[-3.883346612329431, 0.0, 0.0], [1.9416733061647156, -3.3630768180273156, 0.0], [0.0, 0.0, 48.70354894291767]], ""row_cartesian_rotation"": [[-1.0, 0.0, 0.0], [0.0, -1.0, 0.0], [0.0, 0.0, 1.0]], ""translation_z_A"": 9.237337485334006}",Zn2 In4 S8,14,2,True,0.0,42.826449442126844,22.826449442126844,20.0,13.059992968290018,IIb_001_t10_upper,IIb_001_t10_lower,False,0,0,1,"{""In"": 1, ""S"": 2}","[{""coordination"": [[""S"", 1]], ""depth_A"": 0.0, ""species"": {""S"": 1}}, {""coordination"": [[""In"", 4]], ""depth_A"": 2.4511, ""species"": {""In"": 1}}, {""coordination"": [[""S"", 3]], ""depth_A"": 3.52345, ""species"": {""S"": 1}}]",0,1,0,"{""In"": 1, ""S"": 1}","[{""coordination"": [[""In"", 3]], ""depth_A"": 0.0, ""species"": {""In"": 1}}, {""coordination"": [[""S"", 4]], ""depth_A"": 1.2612, ""species"": {""S"": 1}}]",0,3,2.307443740140284,PERIODIC_VDW_COMPONENTS,"[{""atom_count"": 7, ""composition"": {""In"": 2, ""S"": 4, ""Zn"": 1}, ""periodic_cycle_vectors"": [[-1, -1, 0], [-1, 0, 0], [0, -1, 0], [0, 1, 0], [1, 0, 0], [1, 1, 0]], ""periodic_rank"": 2, ""site_indices"": [0, 2, 4, 6, 8, 10, 12]}, {""atom_count"": 3, ""composition"": {""In"": 1, ""S"": 2}, ""periodic_cycle_vectors"": [[-1, -1, 0], [0, -1, 0], [0, 1, 0], [1, 1, 0]], ""periodic_rank"": 2, ""site_indices"": [1, 9, 11]}, {""atom_count"": 4, ""composition"": {""In"": 1, ""S"": 2, ""Zn"": 1}, ""periodic_cycle_vectors"": [[-1, -1, 0], [-1, 0, 0], [0, -1, 0], [0, 1, 0], [1, 0, 0], [1, 1, 0]], ""periodic_rank"": 2, ""site_indices"": [3, 5, 7, 13]}]",HIGH_CONCERN,-29.140475228165197,-2.231278018213255,"[{""formal_charge_e"": 3, ""site_indices"": [3], ""species"": {""In"": 1}, ""z_A"": 0.0}, {""formal_charge_e"": -2, ""site_indices"": [13], ""species"": {""S"": 1}, ""z_A"": 1.2612023283206142}, {""formal_charge_e"": 2, ""site_indices"": [5], ""species"": {""Zn"": 1}, ""z_A"": 3.802500116814281}, {""formal_charge_e"": -2, ""site_indices"": [7], ""species"": {""S"": 1}, ""z_A"": 4.3479389995396645}, {""formal_charge_e"": -2, ""site_indices"": [8], ""species"": {""S"": 1}, ""z_A"": 7.127114096407489}, {""formal_charge_e"": 3, ""site_indices"": [0], ""species"": {""In"": 1}, ""z_A"": 8.199466474213551}, {""formal_charge_e"": -2, ""site_indices"": [10], ""species"": {""S"": 1}, ""z_A"": 10.650562206397431}, {""formal_charge_e"": 3, ""site_indices"": [2], ""species"": {""In"": 1}, ""z_A"": 12.17588723572942}, {""formal_charge_e"": -2, ""site_indices"": [12], ""species"": {""S"": 1}, ""z_A"": 13.437089564050027}, {""formal_charge_e"": 2, ""site_indices"": [4], ""species"": {""Zn"": 1}, ""z_A"": 15.978386621990403}, {""formal_charge_e"": -2, ""site_indices"": [6], ""species"": {""S"": 1}, ""z_A"": 16.523826965822376}, {""formal_charge_e"": -2, ""site_indices"": [9], ""species"": {""S"": 1}, ""z_A"": 19.30300133213691}, {""formal_charge_e"": 3, ""site_indices"": [1], ""species"": {""In"": 1}, ""z_A"": 20.37535334466641}, {""formal_charge_e"": -2, ""site_indices"": [11], ""species"": {""S"": 1}, ""z_A"": 22.826449442126844}]","{""crossing_InS"": 3, ""crossing_ZnS"": 0, ""fractional_shift"": 0.7254339712566718, ""nearest_gap_width_A"": 1.525325029331992, ""no_first_shell_bond_crosses"": false, ""oriented_bulk_planes"": [{""formal_charge_e"": -2, ""site_indices"": [8], ""species"": {""S"": 1}, ""z_A"": 0.0}, {""formal_charge_e"": 3, ""site_indices"": [0], ""species"": {""In"": 1}, ""z_A"": 1.0723523778060586}, {""formal_charge_e"": -2, ""site_indices"": [10], ""species"": {""S"": 1}, ""z_A"": 3.523448109989941}, {""formal_charge_e"": 3, ""site_indices"": [2], ""species"": {""In"": 1}, ""z_A"": 5.048773139321928}, {""formal_charge_e"": -2, ""site_indices"": [12], ""species"": {""S"": 1}, ""z_A"": 6.3099754676425395}, {""formal_charge_e"": 2, ""site_indices"": [4], ""species"": {""Zn"": 1}, ""z_A"": 8.851272525582912}, {""formal_charge_e"": -2, ""site_indices"": [6], ""species"": {""S"": 1}, ""z_A"": 9.396712869414891}, {""formal_charge_e"": -2, ""site_indices"": [9], ""species"": {""S"": 1}, ""z_A"": 12.175887235729418}, {""formal_charge_e"": 3, ""site_indices"": [1], ""species"": {""In"": 1}, ""z_A"": 13.24823924825892}, {""formal_charge_e"": -2, ""site_indices"": [11], ""species"": {""S"": 1}, ""z_A"": 15.699335345719353}, {""formal_charge_e"": 3, ""site_indices"": [3], ""species"": {""In"": 1}, ""z_A"": 17.224660375051343}, {""formal_charge_e"": -2, ""site_indices"": [13], ""species"": {""S"": 1}, ""z_A"": 18.48586270337196}, {""formal_charge_e"": 2, ""site_indices"": [5], ""species"": {""Zn"": 1}, ""z_A"": 21.027160491865626}, {""formal_charge_e"": -2, ""site_indices"": [7], ""species"": {""S"": 1}, ""z_A"": 21.572599374591007}]}",,IIb_001_t03,,REJECT,Equivalent slab-pair duplicate of IIb_001_t03; incomplete or bond-cut basal layered unit; basal cut crosses bulk first-shell bonds,Unrelaxed seed; vacuum/thickness not converged; no energy ranking.
IIb_001_t11,IIb,0,0,1,(001),t11,0.7826480227607729,vasp/wp2_surface_and_facet_screening/structure/bulk_parents/IIb/POSCAR,2ec9c4fefc2d97f83ba94f70e1b048061fcbed0bd2efd8b8db5e1e59d23a1023,"{""final_lattice_A"": [[3.883346612329431, 0.0, 0.0], [-1.9416733061647156, 3.3630768180273156, 0.0], [0.0, 0.0, 43.09057214313822]], ""inplane_wrap_integers"": [[0, 0], [0, 0], [0, 0], [0, 0], [0, 0], [0, 0], [0, 0], [0, 0], [0, 0], [0, 0], [0, 0], [0, 0], [0, 0], [0, 0]], ""literal_parent_basis_preserved"": false, ""normal_in_parent_cartesian"": [0.0, 0.0, 1.0], ""normal_sign_relative_to_hkl"": 1, ""oriented_repeat_count"": 1, ""oriented_unit_cell_lattice_A"": [[-3.883346612329431, 0.0, 0.0], [1.9416733061647156, -3.3630768180273156, 0.0], [0.0, 0.0, 24.351774471458835]], ""oriented_unit_cell_matrix"": [[-1, 0, 0], [0, -1, 0], [0, 0, 1]], ""parent_site_indices"": [0, 1, 2, 3, 4, 5, 6, 7, 8, 9, 10, 11, 12, 13], ""raw_lattice_A"": [[-3.883346612329431, 0.0, 0.0], [1.9416733061647156, -3.3630768180273156, 0.0], [0.0, 0.0, 48.70354894291767]], ""row_cartesian_rotation"": [[-1.0, 0.0, 0.0], [0.0, -1.0, 0.0], [0.0, 0.0, 1.0]], ""translation_z_A"": 9.369398835839693}",Zn2 In4 S8,14,2,True,0.0,43.09057214313822,23.090572143138225,19.999999999999993,13.059992968290018,IIb_001_t11_upper,IIb_001_t11_lower,False,0,1,0,"{""In"": 1, ""S"": 1}","[{""coordination"": [[""In"", 3]], ""depth_A"": 0.0, ""species"": {""In"": 1}}, {""coordination"": [[""S"", 4]], ""depth_A"": 1.52533, ""species"": {""S"": 1}}]",0,0,1,"{""S"": 2, ""Zn"": 1}","[{""coordination"": [[""S"", 1]], ""depth_A"": 0.0, ""species"": {""S"": 1}}, {""coordination"": [[""Zn"", 4]], ""depth_A"": 2.5413, ""species"": {""Zn"": 1}}, {""coordination"": [[""S"", 3]], ""depth_A"": 3.08674, ""species"": {""S"": 1}}]",0,3,2.307443740140285,PERIODIC_VDW_COMPONENTS,"[{""atom_count"": 7, ""composition"": {""In"": 2, ""S"": 4, ""Zn"": 1}, ""periodic_cycle_vectors"": [[-1, -1, 0], [-1, 0, 0], [0, -1, 0], [0, 1, 0], [1, 0, 0], [1, 1, 0]], ""periodic_rank"": 2, ""site_indices"": [0, 2, 4, 6, 8, 10, 12]}, {""atom_count"": 4, ""composition"": {""In"": 2, ""S"": 2}, ""periodic_cycle_vectors"": [[-1, -1, 0], [-1, 0, 0], [0, -1, 0], [0, 1, 0], [1, 0, 0], [1, 1, 0]], ""periodic_rank"": 2, ""site_indices"": [1, 3, 9, 11]}, {""atom_count"": 3, ""composition"": {""S"": 2, ""Zn"": 1}, ""periodic_cycle_vectors"": [[-1, 0, 0], [0, -1, 0], [0, 1, 0], [1, 0, 0]], ""periodic_rank"": 2, ""site_indices"": [5, 7, 13]}]",HIGH_CONCERN,43.914848186211294,3.3625476133744954,"[{""formal_charge_e"": -2, ""site_indices"": [13], ""species"": {""S"": 1}, ""z_A"": 0.0}, {""formal_charge_e"": 2, ""site_indices"": [5], ""species"": {""Zn"": 1}, ""z_A"": 2.5412977884936634}, {""formal_charge_e"": -2, ""site_indices"": [7], ""species"": {""S"": 1}, ""z_A"": 3.0867366712190503}, {""formal_charge_e"": -2, ""site_indices"": [8], ""species"": {""S"": 1}, ""z_A"": 5.865911768086873}, {""formal_charge_e"": 3, ""site_indices"": [0], ""species"": {""In"": 1}, ""z_A"": 6.938264145892932}, {""formal_charge_e"": -2, ""site_indices"": [10], ""species"": {""S"": 1}, ""z_A"": 9.389359878076819}, {""formal_charge_e"": 3, ""site_indices"": [2], ""species"": {""In"": 1}, ""z_A"": 10.914684907408807}, {""formal_charge_e"": -2, ""site_indices"": [12], ""species"": {""S"": 1}, ""z_A"": 12.175887235729414}, {""formal_charge_e"": 2, ""site_indices"": [4], ""species"": {""Zn"": 1}, ""z_A"": 14.717184293669787}, {""formal_charge_e"": -2, ""site_indices"": [6], ""species"": {""S"": 1}, ""z_A"": 15.262624637501768}, {""formal_charge_e"": -2, ""site_indices"": [9], ""species"": {""S"": 1}, ""z_A"": 18.041799003816294}, {""formal_charge_e"": 3, ""site_indices"": [1], ""species"": {""In"": 1}, ""z_A"": 19.1141510163458}, {""formal_charge_e"": -2, ""site_indices"": [11], ""species"": {""S"": 1}, ""z_A"": 21.56524711380623}, {""formal_charge_e"": 3, ""site_indices"": [3], ""species"": {""In"": 1}, ""z_A"": 23.090572143138225}]","{""crossing_InS"": 3, ""crossing_ZnS"": 0, ""fractional_shift"": 0.7826480227607729, ""nearest_gap_width_A"": 1.2612023283206155, ""no_first_shell_bond_crosses"": false, ""oriented_bulk_planes"": [{""formal_charge_e"": -2, ""site_indices"": [8], ""species"": {""S"": 1}, ""z_A"": 0.0}, {""formal_charge_e"": 3, ""site_indices"": [0], ""species"": {""In"": 1}, ""z_A"": 1.0723523778060586}, {""formal_charge_e"": -2, ""site_indices"": [10], ""species"": {""S"": 1}, ""z_A"": 3.523448109989941}, {""formal_charge_e"": 3, ""site_indices"": [2], ""species"": {""In"": 1}, ""z_A"": 5.048773139321928}, {""formal_charge_e"": -2, ""site_indices"": [12], ""species"": {""S"": 1}, ""z_A"": 6.3099754676425395}, {""formal_charge_e"": 2, ""site_indices"": [4], ""species"": {""Zn"": 1}, ""z_A"": 8.851272525582912}, {""formal_charge_e"": -2, ""site_indices"": [6], ""species"": {""S"": 1}, ""z_A"": 9.396712869414891}, {""formal_charge_e"": -2, ""site_indices"": [9], ""species"": {""S"": 1}, ""z_A"": 12.175887235729418}, {""formal_charge_e"": 3, ""site_indices"": [1], ""species"": {""In"": 1}, ""z_A"": 13.24823924825892}, {""formal_charge_e"": -2, ""site_indices"": [11], ""species"": {""S"": 1}, ""z_A"": 15.699335345719353}, {""formal_charge_e"": 3, ""site_indices"": [3], ""species"": {""In"": 1}, ""z_A"": 17.224660375051343}, {""formal_charge_e"": -2, ""site_indices"": [13], ""species"": {""S"": 1}, ""z_A"": 18.48586270337196}, {""formal_charge_e"": 2, ""site_indices"": [5], ""species"": {""Zn"": 1}, ""z_A"": 21.027160491865626}, {""formal_charge_e"": -2, ""site_indices"": [7], ""species"": {""S"": 1}, ""z_A"": 21.572599374591007}]}",,IIb_001_t04,,REJECT,Equivalent slab-pair duplicate of IIb_001_t04; incomplete or bond-cut basal layered unit; basal cut crosses bulk first-shell bonds,Unrelaxed seed; vacuum/thickness not converged; no energy ranking.
IIb_001_t12,IIb,0,0,1,(001),t12,0.8607224177349657,vasp/wp2_surface_and_facet_screening/structure/bulk_parents/IIb/POSCAR,2ec9c4fefc2d97f83ba94f70e1b048061fcbed0bd2efd8b8db5e1e59d23a1023,"{""final_lattice_A"": [[3.883346612329431, 0.0, 0.0], [-1.9416733061647156, 3.3630768180273156, 0.0], [0.0, 0.0, 41.810476682965174]], ""inplane_wrap_integers"": [[0, 0], [0, 0], [0, 0], [0, 0], [0, 0], [0, 0], [0, 0], [0, 0], [0, 0], [0, 0], [0, 0], [0, 0], [0, 0], [0, 0]], ""literal_parent_basis_preserved"": false, ""normal_in_parent_cartesian"": [0.0, 0.0, 1.0], ""normal_sign_relative_to_hkl"": 1, ""oriented_repeat_count"": 1, ""oriented_unit_cell_lattice_A"": [[-3.883346612329431, 0.0, 0.0], [1.9416733061647156, -3.3630768180273156, 0.0], [0.0, 0.0, 24.351774471458835]], ""oriented_unit_cell_matrix"": [[-1, 0, 0], [0, -1, 0], [0, 0, 1]], ""parent_site_indices"": [0, 1, 2, 3, 4, 5, 6, 7, 8, 9, 10, 11, 12, 13], ""raw_lattice_A"": [[-3.883346612329431, 0.0, 0.0], [1.9416733061647156, -3.3630768180273156, 0.0], [0.0, 0.0, 48.70354894291767]], ""row_cartesian_rotation"": [[-1.0, 0.0, 0.0], [0.0, -1.0, 0.0], [0.0, 0.0, 1.0]], ""translation_z_A"": 8.72935110575317}",Zn2 In4 S8,14,2,True,0.0,41.810476682965174,21.810476682965174,20.0,13.059992968290018,IIb_001_t12_upper,IIb_001_t12_lower,False,0,0,1,"{""In"": 1, ""S"": 2}","[{""coordination"": [[""S"", 3]], ""depth_A"": 0.0, ""species"": {""S"": 1}}, {""coordination"": [[""In"", 6]], ""depth_A"": 1.2612, ""species"": {""In"": 1}}, {""coordination"": [[""S"", 4]], ""depth_A"": 2.78653, ""species"": {""S"": 1}}]",1,0,0,"{""S"": 2, ""Zn"": 1}","[{""coordination"": [[""Zn"", 3]], ""depth_A"": 0.0, ""species"": {""Zn"": 1}}, {""coordination"": [[""S"", 3]], ""depth_A"": 0.54544, ""species"": {""S"": 1}}, {""coordination"": [[""S"", 3]], ""depth_A"": 3.32461, ""species"": {""S"": 1}}]",1,0,2.3074437401402847,PERIODIC_VDW_COMPONENTS,"[{""atom_count"": 7, ""composition"": {""In"": 2, ""S"": 4, ""Zn"": 1}, ""periodic_cycle_vectors"": [[-1, -1, 0], [-1, 0, 0], [0, -1, 0], [0, 1, 0], [1, 0, 0], [1, 1, 0]], ""periodic_rank"": 2, ""site_indices"": [0, 2, 4, 6, 8, 10, 12]}, {""atom_count"": 5, ""composition"": {""In"": 2, ""S"": 3}, ""periodic_cycle_vectors"": [[-1, -1, 0], [-1, 0, 0], [0, -1, 0], [0, 1, 0], [1, 0, 0], [1, 1, 0]], ""periodic_rank"": 2, ""site_indices"": [1, 3, 9, 11, 13]}, {""atom_count"": 2, ""composition"": {""S"": 1, ""Zn"": 1}, ""periodic_cycle_vectors"": [[-1, 0, 0], [0, -1, 0], [0, 1, 0], [1, 0, 0]], ""periodic_rank"": 2, ""site_indices"": [5, 7]}]",HIGH_CONCERN,-4.788700756706444,-0.36666947435067737,"[{""formal_charge_e"": 2, ""site_indices"": [5], ""species"": {""Zn"": 1}, ""z_A"": 0.0}, {""formal_charge_e"": -2, ""site_indices"": [7], ""species"": {""S"": 1}, ""z_A"": 0.5454388827253851}, {""formal_charge_e"": -2, ""site_indices"": [8], ""species"": {""S"": 1}, ""z_A"": 3.3246139795932095}, {""formal_charge_e"": 3, ""site_indices"": [0], ""species"": {""In"": 1}, ""z_A"": 4.396966357399267}, {""formal_charge_e"": -2, ""site_indices"": [10], ""species"": {""S"": 1}, ""z_A"": 6.848062089583152}, {""formal_charge_e"": 3, ""site_indices"": [2], ""species"": {""In"": 1}, ""z_A"": 8.373387118915137}, {""formal_charge_e"": -2, ""site_indices"": [12], ""species"": {""S"": 1}, ""z_A"": 9.634589447235747}, {""formal_charge_e"": 2, ""site_indices"": [4], ""species"": {""Zn"": 1}, ""z_A"": 12.175886505176116}, {""formal_charge_e"": -2, ""site_indices"": [6], ""species"": {""S"": 1}, ""z_A"": 12.7213268490081}, {""formal_charge_e"": -2, ""site_indices"": [9], ""species"": {""S"": 1}, ""z_A"": 15.500501215322629}, {""formal_charge_e"": 3, ""site_indices"": [1], ""species"": {""In"": 1}, ""z_A"": 16.57285322785213}, {""formal_charge_e"": -2, ""site_indices"": [11], ""species"": {""S"": 1}, ""z_A"": 19.023949325312564}, {""formal_charge_e"": 3, ""site_indices"": [3], ""species"": {""In"": 1}, ""z_A"": 20.54927435464455}, {""formal_charge_e"": -2, ""site_indices"": [13], ""species"": {""S"": 1}, ""z_A"": 21.810476682965174}]","{""crossing_InS"": 0, ""crossing_ZnS"": 1, ""fractional_shift"": 0.8607224177349657, ""nearest_gap_width_A"": 2.541297788493665, ""no_first_shell_bond_crosses"": false, ""oriented_bulk_planes"": [{""formal_charge_e"": -2, ""site_indices"": [8], ""species"": {""S"": 1}, ""z_A"": 0.0}, {""formal_charge_e"": 3, ""site_indices"": [0], ""species"": {""In"": 1}, ""z_A"": 1.0723523778060586}, {""formal_charge_e"": -2, ""site_indices"": [10], ""species"": {""S"": 1}, ""z_A"": 3.523448109989941}, {""formal_charge_e"": 3, ""site_indices"": [2], ""species"": {""In"": 1}, ""z_A"": 5.048773139321928}, {""formal_charge_e"": -2, ""site_indices"": [12], ""species"": {""S"": 1}, ""z_A"": 6.3099754676425395}, {""formal_charge_e"": 2, ""site_indices"": [4], ""species"": {""Zn"": 1}, ""z_A"": 8.851272525582912}, {""formal_charge_e"": -2, ""site_indices"": [6], ""species"": {""S"": 1}, ""z_A"": 9.396712869414891}, {""formal_charge_e"": -2, ""site_indices"": [9], ""species"": {""S"": 1}, ""z_A"": 12.175887235729418}, {""formal_charge_e"": 3, ""site_indices"": [1], ""species"": {""In"": 1}, ""z_A"": 13.24823924825892}, {""formal_charge_e"": -2, ""site_indices"": [11], ""species"": {""S"": 1}, ""z_A"": 15.699335345719353}, {""formal_charge_e"": 3, ""site_indices"": [3], ""species"": {""In"": 1}, ""z_A"": 17.224660375051343}, {""formal_charge_e"": -2, ""site_indices"": [13], ""species"": {""S"": 1}, ""z_A"": 18.48586270337196}, {""formal_charge_e"": 2, ""site_indices"": [5], ""species"": {""Zn"": 1}, ""z_A"": 21.027160491865626}, {""formal_charge_e"": -2, ""site_indices"": [7], ""species"": {""S"": 1}, ""z_A"": 21.572599374591007}]}",,IIb_001_t05,,REJECT,Equivalent slab-pair duplicate of IIb_001_t05; incomplete or bond-cut basal layered unit; basal cut crosses bulk first-shell bonds,Unrelaxed seed; vacuum/thickness not converged; no energy ranking.
IIb_001_t13,IIb,0,0,1,(001),t13,0.9241004823363115,vasp/wp2_surface_and_facet_screening/structure/bulk_parents/IIb/POSCAR,2ec9c4fefc2d97f83ba94f70e1b048061fcbed0bd2efd8b8db5e1e59d23a1023,"{""final_lattice_A"": [[3.883346612329431, 0.0, 0.0], [-1.9416733061647156, 3.3630768180273156, 0.0], [0.0, 0.0, 43.80633558873345]], ""inplane_wrap_integers"": [[0, 0], [0, 0], [0, 0], [0, 0], [0, 0], [0, 0], [0, 0], [0, 0], [0, 0], [0, 0], [0, 0], [0, 0], [0, 0], [0, 0]], ""literal_parent_basis_preserved"": false, ""normal_in_parent_cartesian"": [0.0, 0.0, 1.0], ""normal_sign_relative_to_hkl"": 1, ""oriented_repeat_count"": 1, ""oriented_unit_cell_lattice_A"": [[-3.883346612329431, 0.0, 0.0], [1.9416733061647156, -3.3630768180273156, 0.0], [0.0, 0.0, 24.351774471458835]], ""oriented_unit_cell_matrix"": [[-1, 0, 0], [0, -1, 0], [0, 0, 1]], ""parent_site_indices"": [0, 1, 2, 3, 4, 5, 6, 7, 8, 9, 10, 11, 12, 13], ""raw_lattice_A"": [[-3.883346612329431, 0.0, 0.0], [1.9416733061647156, -3.3630768180273156, 0.0], [0.0, 0.0, 48.70354894291767]], ""row_cartesian_rotation"": [[-1.0, 0.0, 0.0], [0.0, -1.0, 0.0], [0.0, 0.0, 1.0]], ""translation_z_A"": 9.727280558637306}",Zn2 In4 S8,14,2,True,0.0,43.80633558873345,23.806335588733454,19.999999999999993,13.059992968290018,IIb_001_t13_upper,IIb_001_t13_lower,False,1,0,0,"{""S"": 1, ""Zn"": 1}","[{""coordination"": [[""Zn"", 1]], ""depth_A"": 0.0, ""species"": {""Zn"": 1}}, {""coordination"": [[""S"", 4]], ""depth_A"": 2.5413, ""species"": {""S"": 1}}]",0,0,1,"{""S"": 2}","[{""coordination"": [[""S"", 0]], ""depth_A"": 0.0, ""species"": {""S"": 1}}, {""coordination"": [[""S"", 3]], ""depth_A"": 2.77918, ""species"": {""S"": 1}}]",3,0,2.307444180261529,FINITE_FRAGMENTS,"[{""atom_count"": 7, ""composition"": {""In"": 2, ""S"": 4, ""Zn"": 1}, ""periodic_cycle_vectors"": [[-1, -1, 0], [-1, 0, 0], [0, -1, 0], [0, 1, 0], [1, 0, 0], [1, 1, 0]], ""periodic_rank"": 2, ""site_indices"": [0, 2, 4, 6, 8, 10, 12]}, {""atom_count"": 6, ""composition"": {""In"": 2, ""S"": 3, ""Zn"": 1}, ""periodic_cycle_vectors"": [[-1, -1, 0], [-1, 0, 0], [0, -1, 0], [0, 1, 0], [1, 0, 0], [1, 1, 0]], ""periodic_rank"": 2, ""site_indices"": [1, 3, 5, 9, 11, 13]}, {""atom_count"": 1, ""composition"": {""S"": 1}, ""periodic_cycle_vectors"": [], ""periodic_rank"": 0, ""site_indices"": [7]}]",HIGH_CONCERN,43.91484818621127,3.362547613374494,"[{""formal_charge_e"": -2, ""site_indices"": [7], ""species"": {""S"": 1}, ""z_A"": 0.0}, {""formal_charge_e"": -2, ""site_indices"": [8], ""species"": {""S"": 1}, ""z_A"": 2.779175096867826}, {""formal_charge_e"": 3, ""site_indices"": [0], ""species"": {""In"": 1}, ""z_A"": 3.8515274746738815}, {""formal_charge_e"": -2, ""site_indices"": [10], ""species"": {""S"": 1}, ""z_A"": 6.302623206857767}, {""formal_charge_e"": 3, ""site_indices"": [2], ""species"": {""In"": 1}, ""z_A"": 7.827948236189755}, {""formal_charge_e"": -2, ""site_indices"": [12], ""species"": {""S"": 1}, ""z_A"": 9.089150564510362}, {""formal_charge_e"": 2, ""site_indices"": [4], ""species"": {""Zn"": 1}, ""z_A"": 11.630447622450735}, {""formal_charge_e"": -2, ""site_indices"": [6], ""species"": {""S"": 1}, ""z_A"": 12.175887966282712}, {""formal_charge_e"": -2, ""site_indices"": [9], ""species"": {""S"": 1}, ""z_A"": 14.95506233259724}, {""formal_charge_e"": 3, ""site_indices"": [1], ""species"": {""In"": 1}, ""z_A"": 16.02741434512674}, {""formal_charge_e"": -2, ""site_indices"": [11], ""species"": {""S"": 1}, ""z_A"": 18.478510442587176}, {""formal_charge_e"": 3, ""site_indices"": [3], ""species"": {""In"": 1}, ""z_A"": 20.003835471919174}, {""formal_charge_e"": -2, ""site_indices"": [13], ""species"": {""S"": 1}, ""z_A"": 21.26503780023979}, {""formal_charge_e"": 2, ""site_indices"": [5], ""species"": {""Zn"": 1}, ""z_A"": 23.806335588733454}]","{""crossing_InS"": 0, ""crossing_ZnS"": 3, ""fractional_shift"": 0.9241004823363115, ""nearest_gap_width_A"": 0.5454388827253844, ""no_first_shell_bond_crosses"": false, ""oriented_bulk_planes"": [{""formal_charge_e"": -2, ""site_indices"": [8], ""species"": {""S"": 1}, ""z_A"": 0.0}, {""formal_charge_e"": 3, ""site_indices"": [0], ""species"": {""In"": 1}, ""z_A"": 1.0723523778060586}, {""formal_charge_e"": -2, ""site_indices"": [10], ""species"": {""S"": 1}, ""z_A"": 3.523448109989941}, {""formal_charge_e"": 3, ""site_indices"": [2], ""species"": {""In"": 1}, ""z_A"": 5.048773139321928}, {""formal_charge_e"": -2, ""site_indices"": [12], ""species"": {""S"": 1}, ""z_A"": 6.3099754676425395}, {""formal_charge_e"": 2, ""site_indices"": [4], ""species"": {""Zn"": 1}, ""z_A"": 8.851272525582912}, {""formal_charge_e"": -2, ""site_indices"": [6], ""species"": {""S"": 1}, ""z_A"": 9.396712869414891}, {""formal_charge_e"": -2, ""site_indices"": [9], ""species"": {""S"": 1}, ""z_A"": 12.175887235729418}, {""formal_charge_e"": 3, ""site_indices"": [1], ""species"": {""In"": 1}, ""z_A"": 13.24823924825892}, {""formal_charge_e"": -2, ""site_indices"": [11], ""species"": {""S"": 1}, ""z_A"": 15.699335345719353}, {""formal_charge_e"": 3, ""site_indices"": [3], ""species"": {""In"": 1}, ""z_A"": 17.224660375051343}, {""formal_charge_e"": -2, ""site_indices"": [13], ""species"": {""S"": 1}, ""z_A"": 18.48586270337196}, {""formal_charge_e"": 2, ""site_indices"": [5], ""species"": {""Zn"": 1}, ""z_A"": 21.027160491865626}, {""formal_charge_e"": -2, ""site_indices"": [7], ""species"": {""S"": 1}, ""z_A"": 21.572599374591007}]}",,IIb_001_t06,,REJECT,Equivalent slab-pair duplicate of IIb_001_t06; detached finite fragment(s); incomplete or bond-cut basal layered unit; basal cut crosses bulk first-shell bonds,Unrelaxed seed; vacuum/thickness not converged; no energy ranking.
IIb_001_t14,IIb,0,0,1,(001),t14,0.9923627353292048,vasp/wp2_surface_and_facet_screening/structure/bulk_parents/IIb/POSCAR,2ec9c4fefc2d97f83ba94f70e1b048061fcbed0bd2efd8b8db5e1e59d23a1023,"{""final_lattice_A"": [[3.883346612329431, 0.0, 0.0], [-1.9416733061647156, 3.3630768180273156, 0.0], [0.0, 0.0, 41.57259937459101]], ""inplane_wrap_integers"": [[0, 0], [0, 0], [0, 0], [0, 0], [0, 0], [0, 0], [0, 0], [0, 0], [0, 0], [0, 0], [0, 0], [0, 0], [0, 0], [0, 0]], ""literal_parent_basis_preserved"": false, ""normal_in_parent_cartesian"": [0.0, 0.0, 1.0], ""normal_sign_relative_to_hkl"": 1, ""oriented_repeat_count"": 1, ""oriented_unit_cell_lattice_A"": [[-3.883346612329431, 0.0, 0.0], [1.9416733061647156, -3.3630768180273156, 0.0], [0.0, 0.0, 24.351774471458835]], ""oriented_unit_cell_matrix"": [[-1, 0, 0], [0, -1, 0], [0, 0, 1]], ""parent_site_indices"": [0, 1, 2, 3, 4, 5, 6, 7, 8, 9, 10, 11, 12, 13], ""raw_lattice_A"": [[-3.883346612329431, 0.0, 0.0], [1.9416733061647156, -3.3630768180273156, 0.0], [0.0, 0.0, 48.70354894291767]], ""row_cartesian_rotation"": [[-1.0, 0.0, 0.0], [0.0, -1.0, 0.0], [0.0, 0.0, 1.0]], ""translation_z_A"": 8.610412451566084}",Zn2 In4 S8,14,2,True,0.0,41.57259937459101,21.57259937459101,19.999999999999996,13.059992968290018,IIb_001_t14_upper,IIb_001_t14_lower,False,0,0,0,"{""S"": 2, ""Zn"": 1}","[{""coordination"": [[""S"", 3]], ""depth_A"": 0.0, ""species"": {""S"": 1}}, {""coordination"": [[""Zn"", 4]], ""depth_A"": 0.54544, ""species"": {""Zn"": 1}}, {""coordination"": [[""S"", 4]], ""depth_A"": 3.08674, ""species"": {""S"": 1}}]",0,0,0,"{""In"": 1, ""S"": 2}","[{""coordination"": [[""S"", 3]], ""depth_A"": 0.0, ""species"": {""S"": 1}}, {""coordination"": [[""In"", 4]], ""depth_A"": 1.07235, ""species"": {""In"": 1}}, {""coordination"": [[""S"", 4]], ""depth_A"": 3.52345, ""species"": {""S"": 1}}]",0,0,2.3074437401402847,PERIODIC_VDW_COMPONENTS,"[{""atom_count"": 7, ""composition"": {""In"": 2, ""S"": 4, ""Zn"": 1}, ""periodic_cycle_vectors"": [[-1, -1, 0], [-1, 0, 0], [0, -1, 0], [0, 1, 0], [1, 0, 0], [1, 1, 0]], ""periodic_rank"": 2, ""site_indices"": [0, 2, 4, 6, 8, 10, 12]}, {""atom_count"": 7, ""composition"": {""In"": 2, ""S"": 4, ""Zn"": 1}, ""periodic_cycle_vectors"": [[-1, -1, 0], [-1, 0, 0], [0, -1, 0], [0, 1, 0], [1, 0, 0], [1, 1, 0]], ""periodic_rank"": 2, ""site_indices"": [1, 3, 5, 7, 9, 11, 13]}]",HIGH_CONCERN,-4.788700756706394,-0.36666947435067354,"[{""formal_charge_e"": -2, ""site_indices"": [8], ""species"": {""S"": 1}, ""z_A"": 0.0}, {""formal_charge_e"": 3, ""site_indices"": [0], ""species"": {""In"": 1}, ""z_A"": 1.0723523778060589}, {""formal_charge_e"": -2, ""site_indices"": [10], ""species"": {""S"": 1}, ""z_A"": 3.523448109989941}, {""formal_charge_e"": 3, ""site_indices"": [2], ""species"": {""In"": 1}, ""z_A"": 5.048773139321927}, {""formal_charge_e"": -2, ""site_indices"": [12], ""species"": {""S"": 1}, ""z_A"": 6.309975467642538}, {""formal_charge_e"": 2, ""site_indices"": [4], ""species"": {""Zn"": 1}, ""z_A"": 8.85127252558291}, {""formal_charge_e"": -2, ""site_indices"": [6], ""species"": {""S"": 1}, ""z_A"": 9.396712869414891}, {""formal_charge_e"": -2, ""site_indices"": [9], ""species"": {""S"": 1}, ""z_A"": 12.17588723572942}, {""formal_charge_e"": 3, ""site_indices"": [1], ""species"": {""In"": 1}, ""z_A"": 13.248239248258916}, {""formal_charge_e"": -2, ""site_indices"": [11], ""species"": {""S"": 1}, ""z_A"": 15.699335345719348}, {""formal_charge_e"": 3, ""site_indices"": [3], ""species"": {""In"": 1}, ""z_A"": 17.224660375051347}, {""formal_charge_e"": -2, ""site_indices"": [13], ""species"": {""S"": 1}, ""z_A"": 18.485862703371957}, {""formal_charge_e"": 2, ""site_indices"": [5], ""species"": {""Zn"": 1}, ""z_A"": 21.027160491865626}, {""formal_charge_e"": -2, ""site_indices"": [7], ""species"": {""S"": 1}, ""z_A"": 21.57259937459101}]","{""crossing_InS"": 0, ""crossing_ZnS"": 0, ""fractional_shift"": 0.9923627353292048, ""nearest_gap_width_A"": 2.779175096867825, ""no_first_shell_bond_crosses"": true, ""oriented_bulk_planes"": [{""formal_charge_e"": -2, ""site_indices"": [8], ""species"": {""S"": 1}, ""z_A"": 0.0}, {""formal_charge_e"": 3, ""site_indices"": [0], ""species"": {""In"": 1}, ""z_A"": 1.0723523778060586}, {""formal_charge_e"": -2, ""site_indices"": [10], ""species"": {""S"": 1}, ""z_A"": 3.523448109989941}, {""formal_charge_e"": 3, ""site_indices"": [2], ""species"": {""In"": 1}, ""z_A"": 5.048773139321928}, {""formal_charge_e"": -2, ""site_indices"": [12], ""species"": {""S"": 1}, ""z_A"": 6.3099754676425395}, {""formal_charge_e"": 2, ""site_indices"": [4], ""species"": {""Zn"": 1}, ""z_A"": 8.851272525582912}, {""formal_charge_e"": -2, ""site_indices"": [6], ""species"": {""S"": 1}, ""z_A"": 9.396712869414891}, {""formal_charge_e"": -2, ""site_indices"": [9], ""species"": {""S"": 1}, ""z_A"": 12.175887235729418}, {""formal_charge_e"": 3, ""site_indices"": [1], ""species"": {""In"": 1}, ""z_A"": 13.24823924825892}, {""formal_charge_e"": -2, ""site_indices"": [11], ""species"": {""S"": 1}, ""z_A"": 15.699335345719353}, {""formal_charge_e"": 3, ""site_indices"": [3], ""species"": {""In"": 1}, ""z_A"": 17.224660375051343}, {""formal_charge_e"": -2, ""site_indices"": [13], ""species"": {""S"": 1}, ""z_A"": 18.48586270337196}, {""formal_charge_e"": 2, ""site_indices"": [5], ""species"": {""Zn"": 1}, ""z_A"": 21.027160491865626}, {""formal_charge_e"": -2, ""site_indices"": [7], ""species"": {""S"": 1}, ""z_A"": 21.572599374591007}]}",2,IIb_001_t07,,HOLD,Equivalent slab-pair duplicate of IIb_001_t07; Structurally valid seed; high formal-electrostatics concern requires human inspection,Unrelaxed seed; vacuum/thickness not converged; no energy ranking.
IIb_100_t01,IIb,1,0,0,(100),t01,0.08333333199999961,vasp/wp2_surface_and_facet_screening/structure/bulk_parents/IIb/POSCAR,2ec9c4fefc2d97f83ba94f70e1b048061fcbed0bd2efd8b8db5e1e59d23a1023,"{""final_lattice_A"": [[3.883346612372549, 0.0, 0.0], [0.0, 24.351774471458835, 0.0], [0.0, 0.0, 32.331281734345815]], ""inplane_wrap_integers"": [[0, 0], [0, 0], [0, 0], [0, 0], [0, 0], [0, 0], [0, 0], [0, 0], [-1, 0], [0, 0], [-1, 0], [0, 0], [0, 0], [0, 0], [0, 0], [0, 0], [-1, 0], [0, 0], [-1, 0], [0, 0], [0, 0], [0, 0], [0, 0], [0, 0], [-1, 0], [0, 0], [-1, 0], [0, 0], [0, 0], [0, 0], [0, 0], [0, 0], [0, 0], [0, 0], [0, 0], [0, 0], [-1, 0], [0, 0], [-1, 0], [0, 0], [0, 0], [0, 0], [0, 0], [0, 0], [-1, 0], [0, 0], [-1, 0], [0, 0], [0, 0], [0, 0], [0, 0], [0, 0], [-1, 0], [0, 0], [-1, 0], [0, 0]], ""literal_parent_basis_preserved"": false, ""normal_in_parent_cartesian"": [0.8660254037876439, 0.49999999999444844, 0.0], ""normal_sign_relative_to_hkl"": 1, ""oriented_repeat_count"": 2, ""oriented_unit_cell_lattice_A"": [[1.9416733061647156, -3.3630768180273156, 0.0], [0.0, 0.0, -24.351774471458835], [5.825019918494147, 3.3630768180273156, 0.0]], ""oriented_unit_cell_matrix"": [[0, -1, 0], [0, 0, -1], [2, 1, 0]], ""parent_site_indices"": [0, 0, 1, 1, 2, 2, 3, 3, 4, 4, 5, 5, 6, 6, 7, 7, 8, 8, 9, 9, 10, 10, 11, 11, 12, 12, 13, 13, 0, 0, 1, 1, 2, 2, 3, 3, 4, 4, 5, 5, 6, 6, 7, 7, 8, 8, 9, 9, 10, 10, 11, 11, 12, 12, 13, 13], ""raw_lattice_A"": [[1.9416733061647156, -3.3630768180273156, 0.0], [0.0, 0.0, -24.351774471458835], [29.125099592470733, 16.81538409013658, 0.0]], ""row_cartesian_rotation"": [[0.4999999999944484, 0.0, 0.8660254037876439], [-0.8660254037876439, 0.0, 0.49999999999444844], [0.0, -1.0, 0.0]], ""translation_z_A"": 9.439487256416035}",Zn8 In16 S32,56,8,True,0.0,32.331281734345815,12.331281734345815,20.0,94.566380899,IIb_100_t01_upper,IIb_100_t01_lower,False,2,1,5,"{""In"": 4, ""S"": 12, ""Zn"": 4}","[{""coordination"": [[""S"", 1], [""S"", 2], [""S"", 2], [""S"", 3], [""Zn"", 2], [""Zn"", 3]], ""depth_A"": 0.0, ""species"": {""S"": 4, ""Zn"": 2}}, {""coordination"": [[""In"", 4], [""In"", 5], [""S"", 3], [""S"", 3]], ""depth_A"": 1.12103, ""species"": {""In"": 2, ""S"": 2}}, {""coordination"": [[""In"", 4], [""In"", 6], [""S"", 3], [""S"", 4]], ""depth_A"": 2.24205, ""species"": {""In"": 2, ""S"": 2}}, {""coordination"": [[""S"", 3], [""S"", 3], [""S"", 4], [""S"", 4], [""Zn"", 4], [""Zn"", 4]], ""depth_A"": 3.36308, ""species"": {""S"": 4, ""Zn"": 2}}]",0,4,3,"{""In"": 6, ""S"": 10, ""Zn"": 2}","[{""coordination"": [[""In"", 2], [""In"", 3], [""S"", 1], [""S"", 3]], ""depth_A"": 0.0, ""species"": {""In"": 2, ""S"": 2}}, {""coordination"": [[""In"", 3], [""In"", 5], [""S"", 2], [""S"", 4]], ""depth_A"": 1.12103, ""species"": {""In"": 2, ""S"": 2}}, {""coordination"": [[""S"", 3], [""S"", 3], [""S"", 4], [""S"", 4], [""Zn"", 4], [""Zn"", 4]], ""depth_A"": 2.24205, ""species"": {""S"": 4, ""Zn"": 2}}, {""coordination"": [[""In"", 4], [""In"", 6], [""S"", 3], [""S"", 4]], ""depth_A"": 3.36308, ""species"": {""In"": 2, ""S"": 2}}]",3,8,2.307443740140283,PERIODIC_VDW_COMPONENTS,"[{""atom_count"": 28, ""composition"": {""In"": 8, ""S"": 16, ""Zn"": 4}, ""periodic_cycle_vectors"": [[-2, 0, 0], [-1, 0, 0], [1, 0, 0], [2, 0, 0]], ""periodic_rank"": 1, ""site_indices"": [0, 1, 4, 5, 8, 9, 12, 13, 16, 17, 20, 21, 24, 25, 28, 29, 32, 33, 36, 37, 40, 41, 44, 45, 48, 49, 52, 53]}, {""atom_count"": 28, ""composition"": {""In"": 8, ""S"": 16, ""Zn"": 4}, ""periodic_cycle_vectors"": [[-1, 0, 0], [1, 0, 0]], ""periodic_rank"": 1, ""site_indices"": [2, 3, 6, 7, 10, 11, 14, 15, 18, 19, 22, 23, 26, 27, 30, 31, 34, 35, 38, 39, 42, 43, 46, 47, 50, 51, 54, 55]}]",HIGH_CONCERN,-26.90461494748905,-0.28450507137651876,"[{""formal_charge_e"": 2, ""site_indices"": [6, 14, 0, 20], ""species"": {""In"": 2, ""S"": 2}, ""z_A"": 5.0446157473515996e-08}, {""formal_charge_e"": 2, ""site_indices"": [2, 22, 4, 12], ""species"": {""In"": 2, ""S"": 2}, ""z_A"": 1.1210256418694886}, {""formal_charge_e"": -4, ""site_indices"": [9, 11, 17, 19, 25, 27], ""species"": {""S"": 4, ""Zn"": 2}, ""z_A"": 2.2420512803758896}, {""formal_charge_e"": 2, ""site_indices"": [7, 15, 1, 21], ""species"": {""In"": 2, ""S"": 2}, ""z_A"": 3.3630768684361314}, {""formal_charge_e"": 2, ""site_indices"": [3, 23, 5, 13], ""species"": {""In"": 2, ""S"": 2}, ""z_A"": 4.484102459859464}, {""formal_charge_e"": -4, ""site_indices"": [8, 10, 16, 18, 24, 26], ""species"": {""S"": 4, ""Zn"": 2}, ""z_A"": 5.605128098365865}, {""formal_charge_e"": 2, ""site_indices"": [34, 42, 28, 48], ""species"": {""In"": 2, ""S"": 2}, ""z_A"": 6.726153686426105}, {""formal_charge_e"": 2, ""site_indices"": [30, 50, 32, 40], ""species"": {""In"": 2, ""S"": 2}, ""z_A"": 7.847179277849442}, {""formal_charge_e"": -4, ""site_indices"": [37, 39, 45, 47, 53, 55], ""species"": {""S"": 4, ""Zn"": 2}, ""z_A"": 8.968204916355834}, {""formal_charge_e"": 2, ""site_indices"": [35, 43, 29, 49], ""species"": {""In"": 2, ""S"": 2}, ""z_A"": 10.089230504416083}, {""formal_charge_e"": 2, ""site_indices"": [31, 51, 33, 41], ""species"": {""In"": 2, ""S"": 2}, ""z_A"": 11.210256095839412}, {""formal_charge_e"": -4, ""site_indices"": [36, 38, 44, 46, 52, 54], ""species"": {""S"": 4, ""Zn"": 2}, ""z_A"": 12.331281734345819}]","{""crossing_InS"": 8, ""crossing_ZnS"": 3, ""fractional_shift"": 0.08333333199999961, ""nearest_gap_width_A"": 1.1210255376140867, ""no_first_shell_bond_crosses"": false, ""oriented_bulk_planes"": [{""formal_charge_e"": -4, ""site_indices"": [8, 10, 16, 18, 24, 26], ""species"": {""S"": 4, ""Zn"": 2}, ""z_A"": 0.0}, {""formal_charge_e"": 2, ""site_indices"": [6, 14, 0, 20], ""species"": {""In"": 2, ""S"": 2}, ""z_A"": 1.121025588060243}, {""formal_charge_e"": 2, ""site_indices"": [2, 22, 4, 12], ""species"": {""In"": 2, ""S"": 2}, ""z_A"": 2.242051179483575}, {""formal_charge_e"": -4, ""site_indices"": [9, 11, 17, 19, 25, 27], ""species"": {""S"": 4, ""Zn"": 2}, ""z_A"": 3.3630768179899744}, {""formal_charge_e"": 2, ""site_indices"": [7, 15, 1, 21], ""species"": {""In"": 2, ""S"": 2}, ""z_A"": 4.4841024060502175}, {""formal_charge_e"": 2, ""site_indices"": [3, 23, 5, 13], ""species"": {""In"": 2, ""S"": 2}, ""z_A"": 5.605127997473549}]}",,,vasp/wp2_surface_and_facet_screening/structure/slab_candidates/IIb/100/IIb_100_t01/POSCAR,HOLD,Structurally valid seed; high formal-electrostatics concern requires human inspection,Unrelaxed seed; vacuum/thickness not converged; no energy ranking.
IIb_100_t02,IIb,1,0,0,(100),t02,0.2499999962499997,vasp/wp2_surface_and_facet_screening/structure/bulk_parents/IIb/POSCAR,2ec9c4fefc2d97f83ba94f70e1b048061fcbed0bd2efd8b8db5e1e59d23a1023,"{""final_lattice_A"": [[3.883346612372549, 0.0, 0.0], [0.0, 24.351774471458835, 0.0], [0.0, 0.0, 32.33128183187503]], ""inplane_wrap_integers"": [[0, 0], [0, 0], [0, 0], [0, 0], [0, 0], [0, 0], [0, 0], [0, 0], [-1, 0], [0, 0], [-1, 0], [0, 0], [0, 0], [0, 0], [0, 0], [0, 0], [-1, 0], [0, 0], [-1, 0], [0, 0], [0, 0], [0, 0], [0, 0], [0, 0], [-1, 0], [0, 0], [-1, 0], [0, 0], [0, 0], [0, 0], [0, 0], [0, 0], [0, 0], [0, 0], [0, 0], [0, 0], [-1, 0], [0, 0], [-1, 0], [0, 0], [0, 0], [0, 0], [0, 0], [0, 0], [-1, 0], [0, 0], [-1, 0], [0, 0], [0, 0], [0, 0], [0, 0], [0, 0], [-1, 0], [0, 0], [-1, 0], [0, 0]], ""literal_parent_basis_preserved"": false, ""normal_in_parent_cartesian"": [0.8660254037876439, 0.49999999999444844, 0.0], ""normal_sign_relative_to_hkl"": 1, ""oriented_repeat_count"": 2, ""oriented_unit_cell_lattice_A"": [[1.9416733061647156, -3.3630768180273156, 0.0], [0.0, 0.0, -24.351774471458835], [5.825019918494147, 3.3630768180273156, 0.0]], ""oriented_unit_cell_matrix"": [[0, -1, 0], [0, 0, -1], [2, 1, 0]], ""parent_site_indices"": [0, 0, 1, 1, 2, 2, 3, 3, 4, 4, 5, 5, 6, 6, 7, 7, 8, 8, 9, 9, 10, 10, 11, 11, 12, 12, 13, 13, 0, 0, 1, 1, 2, 2, 3, 3, 4, 4, 5, 5, 6, 6, 7, 7, 8, 8, 9, 9, 10, 10, 11, 11, 12, 12, 13, 13], ""raw_lattice_A"": [[1.9416733061647156, -3.3630768180273156, 0.0], [0.0, 0.0, -24.351774471458835], [29.125099592470733, 16.81538409013658, 0.0]], ""row_cartesian_rotation"": [[0.4999999999944484, 0.0, 0.8660254037876439], [-0.8660254037876439, 0.0, 0.49999999999444844], [0.0, -1.0, 0.0]], ""translation_z_A"": 9.439487305180647}",Zn8 In16 S32,56,8,True,0.0,32.33128183187503,12.331281831875033,20.0,94.566380899,IIb_100_t02_upper,IIb_100_t02_lower,True,1,2,4,"{""In"": 6, ""S"": 10, ""Zn"": 2}","[{""coordination"": [[""In"", 3], [""In"", 3], [""S"", 2], [""S"", 2]], ""depth_A"": 0.0, ""species"": {""In"": 2, ""S"": 2}}, {""coordination"": [[""S"", 2], [""S"", 3], [""S"", 3], [""S"", 4], [""Zn"", 3], [""Zn"", 4]], ""depth_A"": 1.12103, ""species"": {""S"": 4, ""Zn"": 2}}, {""coordination"": [[""In"", 4], [""In"", 6], [""S"", 3], [""S"", 4]], ""depth_A"": 2.24205, ""species"": {""In"": 2, ""S"": 2}}, {""coordination"": [[""In"", 4], [""In"", 6], [""S"", 3], [""S"", 4]], ""depth_A"": 3.36308, ""species"": {""In"": 2, ""S"": 2}}]",1,2,4,"{""In"": 6, ""S"": 10, ""Zn"": 2}","[{""coordination"": [[""In"", 3], [""In"", 3], [""S"", 2], [""S"", 2]], ""depth_A"": 0.0, ""species"": {""In"": 2, ""S"": 2}}, {""coordination"": [[""S"", 2], [""S"", 3], [""S"", 3], [""S"", 4], [""Zn"", 3], [""Zn"", 4]], ""depth_A"": 1.12103, ""species"": {""S"": 4, ""Zn"": 2}}, {""coordination"": [[""In"", 4], [""In"", 6], [""S"", 3], [""S"", 4]], ""depth_A"": 2.24205, ""species"": {""In"": 2, ""S"": 2}}, {""coordination"": [[""In"", 4], [""In"", 6], [""S"", 3], [""S"", 4]], ""depth_A"": 3.36308, ""species"": {""In"": 2, ""S"": 2}}]",2,8,2.3074437401402825,PERIODIC_VDW_COMPONENTS,"[{""atom_count"": 28, ""composition"": {""In"": 8, ""S"": 16, ""Zn"": 4}, ""periodic_cycle_vectors"": [[-1, 0, 0], [1, 0, 0]], ""periodic_rank"": 1, ""site_indices"": [0, 1, 4, 5, 8, 9, 12, 13, 16, 17, 20, 21, 24, 25, 28, 29, 32, 33, 36, 37, 40, 41, 44, 45, 48, 49, 52, 53]}, {""atom_count"": 28, ""composition"": {""In"": 8, ""S"": 16, ""Zn"": 4}, ""periodic_cycle_vectors"": [[-1, 0, 0], [1, 0, 0]], ""periodic_rank"": 1, ""site_indices"": [2, 3, 6, 7, 10, 11, 14, 15, 18, 19, 22, 23, 26, 27, 30, 31, 34, 35, 38, 39, 42, 43, 46, 47, 50, 51, 54, 55]}]",LOW_CONCERN,-4.035692526827006e-07,-4.267576371710004e-09,"[{""formal_charge_e"": 2, ""site_indices"": [2, 22, 4, 12], ""species"": {""In"": 2, ""S"": 2}, ""z_A"": 1.0089231317067515e-07}, {""formal_charge_e"": -4, ""site_indices"": [9, 11, 17, 19, 25, 27], ""species"": {""S"": 4, ""Zn"": 2}, ""z_A"": 1.1210257393987106}, {""formal_charge_e"": 2, ""site_indices"": [7, 15, 1, 21], ""species"": {""In"": 2, ""S"": 2}, ""z_A"": 2.242051327458954}, {""formal_charge_e"": 2, ""site_indices"": [3, 23, 5, 13], ""species"": {""In"": 2, ""S"": 2}, ""z_A"": 3.3630769188822853}, {""formal_charge_e"": -4, ""site_indices"": [8, 10, 16, 18, 24, 26], ""species"": {""S"": 4, ""Zn"": 2}, ""z_A"": 4.484102557388688}, {""formal_charge_e"": 2, ""site_indices"": [6, 14, 0, 20], ""species"": {""In"": 2, ""S"": 2}, ""z_A"": 5.605128145448928}, {""formal_charge_e"": 2, ""site_indices"": [30, 50, 32, 40], ""species"": {""In"": 2, ""S"": 2}, ""z_A"": 6.726153736872261}, {""formal_charge_e"": -4, ""site_indices"": [37, 39, 45, 47, 53, 55], ""species"": {""S"": 4, ""Zn"": 2}, ""z_A"": 7.84717937537866}, {""formal_charge_e"": 2, ""site_indices"": [35, 43, 29, 49], ""species"": {""In"": 2, ""S"": 2}, ""z_A"": 8.968204963438906}, {""formal_charge_e"": 2, ""site_indices"": [31, 51, 33, 41], ""species"": {""In"": 2, ""S"": 2}, ""z_A"": 10.089230554862239}, {""formal_charge_e"": -4, ""site_indices"": [36, 38, 44, 46, 52, 54], ""species"": {""S"": 4, ""Zn"": 2}, ""z_A"": 11.210256193368634}, {""formal_charge_e"": 2, ""site_indices"": [34, 42, 28, 48], ""species"": {""In"": 2, ""S"": 2}, ""z_A"": 12.331281781428876}]","{""crossing_InS"": 8, ""crossing_ZnS"": 2, ""fractional_shift"": 0.2499999962499997, ""nearest_gap_width_A"": 1.1210254400848627, ""no_first_shell_bond_crosses"": false, ""oriented_bulk_planes"": [{""formal_charge_e"": -4, ""site_indices"": [8, 10, 16, 18, 24, 26], ""species"": {""S"": 4, ""Zn"": 2}, ""z_A"": 0.0}, {""formal_charge_e"": 2, ""site_indices"": [6, 14, 0, 20], ""species"": {""In"": 2, ""S"": 2}, ""z_A"": 1.121025588060243}, {""formal_charge_e"": 2, ""site_indices"": [2, 22, 4, 12], ""species"": {""In"": 2, ""S"": 2}, ""z_A"": 2.242051179483575}, {""formal_charge_e"": -4, ""site_indices"": [9, 11, 17, 19, 25, 27], ""species"": {""S"": 4, ""Zn"": 2}, ""z_A"": 3.3630768179899744}, {""formal_charge_e"": 2, ""site_indices"": [7, 15, 1, 21], ""species"": {""In"": 2, ""S"": 2}, ""z_A"": 4.4841024060502175}, {""formal_charge_e"": 2, ""site_indices"": [3, 23, 5, 13], ""species"": {""In"": 2, ""S"": 2}, ""z_A"": 5.605127997473549}]}",,,vasp/wp2_surface_and_facet_screening/structure/slab_candidates/IIb/100/IIb_100_t02/POSCAR,PASS,Structural seed checks pass; electronic stability and convergence untested,Unrelaxed seed; vacuum/thickness not converged; no energy ranking.
IIb_100_t03,IIb,1,0,0,(100),t03,0.4166666642500001,vasp/wp2_surface_and_facet_screening/structure/bulk_parents/IIb/POSCAR,2ec9c4fefc2d97f83ba94f70e1b048061fcbed0bd2efd8b8db5e1e59d23a1023,"{""final_lattice_A"": [[3.883346612372549, 0.0, 0.0], [0.0, 24.351774471458835, 0.0], [0.0, 0.0, 32.331281734345815]], ""inplane_wrap_integers"": [[0, 0], [0, 0], [0, 0], [0, 0], [0, 0], [0, 0], [0, 0], [0, 0], [-1, 0], [0, 0], [-1, 0], [0, 0], [0, 0], [0, 0], [0, 0], [0, 0], [-1, 0], [0, 0], [-1, 0], [0, 0], [0, 0], [0, 0], [0, 0], [0, 0], [-1, 0], [0, 0], [-1, 0], [0, 0], [0, 0], [0, 0], [0, 0], [0, 0], [0, 0], [0, 0], [0, 0], [0, 0], [-1, 0], [0, 0], [-1, 0], [0, 0], [0, 0], [0, 0], [0, 0], [0, 0], [-1, 0], [0, 0], [-1, 0], [0, 0], [0, 0], [0, 0], [0, 0], [0, 0], [-1, 0], [0, 0], [-1, 0], [0, 0]], ""literal_parent_basis_preserved"": false, ""normal_in_parent_cartesian"": [0.8660254037876439, 0.49999999999444844, 0.0], ""normal_sign_relative_to_hkl"": 1, ""oriented_repeat_count"": 2, ""oriented_unit_cell_lattice_A"": [[1.9416733061647156, -3.3630768180273156, 0.0], [0.0, 0.0, -24.351774471458835], [5.825019918494147, 3.3630768180273156, 0.0]], ""oriented_unit_cell_matrix"": [[0, -1, 0], [0, 0, -1], [2, 1, 0]], ""parent_site_indices"": [0, 0, 1, 1, 2, 2, 3, 3, 4, 4, 5, 5, 6, 6, 7, 7, 8, 8, 9, 9, 10, 10, 11, 11, 12, 12, 13, 13, 0, 0, 1, 1, 2, 2, 3, 3, 4, 4, 5, 5, 6, 6, 7, 7, 8, 8, 9, 9, 10, 10, 11, 11, 12, 12, 13, 13], ""raw_lattice_A"": [[1.9416733061647156, -3.3630768180273156, 0.0], [0.0, 0.0, -24.351774471458835], [29.125099592470733, 16.81538409013658, 0.0]], ""row_cartesian_rotation"": [[0.4999999999944484, 0.0, 0.8660254037876439], [-0.8660254037876439, 0.0, 0.49999999999444844], [0.0, -1.0, 0.0]], ""translation_z_A"": 9.4394871807468}",Zn8 In16 S32,56,8,True,0.0,32.331281734345815,12.331281734345815,20.0,94.566380899,IIb_100_t03_upper,IIb_100_t03_lower,False,0,4,3,"{""In"": 6, ""S"": 10, ""Zn"": 2}","[{""coordination"": [[""In"", 2], [""In"", 3], [""S"", 1], [""S"", 3]], ""depth_A"": 0.0, ""species"": {""In"": 2, ""S"": 2}}, {""coordination"": [[""In"", 3], [""In"", 5], [""S"", 2], [""S"", 4]], ""depth_A"": 1.12103, ""species"": {""In"": 2, ""S"": 2}}, {""coordination"": [[""S"", 3], [""S"", 3], [""S"", 4], [""S"", 4], [""Zn"", 4], [""Zn"", 4]], ""depth_A"": 2.24205, ""species"": {""S"": 4, ""Zn"": 2}}, {""coordination"": [[""In"", 4], [""In"", 6], [""S"", 3], [""S"", 4]], ""depth_A"": 3.36308, ""species"": {""In"": 2, ""S"": 2}}]",2,1,5,"{""In"": 4, ""S"": 12, ""Zn"": 4}","[{""coordination"": [[""S"", 1], [""S"", 2], [""S"", 2], [""S"", 3], [""Zn"", 2], [""Zn"", 3]], ""depth_A"": 0.0, ""species"": {""S"": 4, ""Zn"": 2}}, {""coordination"": [[""In"", 4], [""In"", 5], [""S"", 3], [""S"", 3]], ""depth_A"": 1.12103, ""species"": {""In"": 2, ""S"": 2}}, {""coordination"": [[""In"", 4], [""In"", 6], [""S"", 3], [""S"", 4]], ""depth_A"": 2.24205, ""species"": {""In"": 2, ""S"": 2}}, {""coordination"": [[""S"", 3], [""S"", 3], [""S"", 4], [""S"", 4], [""Zn"", 4], [""Zn"", 4]], ""depth_A"": 3.36308, ""species"": {""S"": 4, ""Zn"": 2}}]",3,8,2.3074437401402856,PERIODIC_VDW_COMPONENTS,"[{""atom_count"": 28, ""composition"": {""In"": 8, ""S"": 16, ""Zn"": 4}, ""periodic_cycle_vectors"": [[-1, 0, 0], [1, 0, 0]], ""periodic_rank"": 1, ""site_indices"": [0, 1, 4, 5, 8, 9, 12, 13, 16, 17, 20, 21, 24, 25, 28, 29, 32, 33, 36, 37, 40, 41, 44, 45, 48, 49, 52, 53]}, {""atom_count"": 28, ""composition"": {""In"": 8, ""S"": 16, ""Zn"": 4}, ""periodic_cycle_vectors"": [[-1, 0, 0], [1, 0, 0]], ""periodic_rank"": 1, ""site_indices"": [2, 3, 6, 7, 10, 11, 14, 15, 18, 19, 22, 23, 26, 27, 30, 31, 34, 35, 38, 39, 42, 43, 46, 47, 50, 51, 54, 55]}]",HIGH_CONCERN,26.90461414035057,0.28450506284136623,"[{""formal_charge_e"": -4, ""site_indices"": [9, 11, 17, 19, 25, 27], ""species"": {""S"": 4, ""Zn"": 2}, ""z_A"": 0.0}, {""formal_charge_e"": 2, ""site_indices"": [7, 15, 1, 21], ""species"": {""In"": 2, ""S"": 2}, ""z_A"": 1.1210255880602418}, {""formal_charge_e"": 2, ""site_indices"": [3, 23, 5, 13], ""species"": {""In"": 2, ""S"": 2}, ""z_A"": 2.2420511794835765}, {""formal_charge_e"": -4, ""site_indices"": [8, 10, 16, 18, 24, 26], ""species"": {""S"": 4, ""Zn"": 2}, ""z_A"": 3.3630768179899757}, {""formal_charge_e"": 2, ""site_indices"": [6, 14, 0, 20], ""species"": {""In"": 2, ""S"": 2}, ""z_A"": 4.484102406050219}, {""formal_charge_e"": 2, ""site_indices"": [2, 22, 4, 12], ""species"": {""In"": 2, ""S"": 2}, ""z_A"": 5.605127997473552}, {""formal_charge_e"": -4, ""site_indices"": [37, 39, 45, 47, 53, 55], ""species"": {""S"": 4, ""Zn"": 2}, ""z_A"": 6.726153635979951}, {""formal_charge_e"": 2, ""site_indices"": [35, 43, 29, 49], ""species"": {""In"": 2, ""S"": 2}, ""z_A"": 7.847179224040197}, {""formal_charge_e"": 2, ""site_indices"": [31, 51, 33, 41], ""species"": {""In"": 2, ""S"": 2}, ""z_A"": 8.968204815463523}, {""formal_charge_e"": -4, ""site_indices"": [36, 38, 44, 46, 52, 54], ""species"": {""S"": 4, ""Zn"": 2}, ""z_A"": 10.089230453969922}, {""formal_charge_e"": 2, ""site_indices"": [34, 42, 28, 48], ""species"": {""In"": 2, ""S"": 2}, ""z_A"": 11.21025604203017}, {""formal_charge_e"": 2, ""site_indices"": [30, 50, 32, 40], ""species"": {""In"": 2, ""S"": 2}, ""z_A"": 12.3312816334535}]","{""crossing_InS"": 8, ""crossing_ZnS"": 3, ""fractional_shift"": 0.4166666642500001, ""nearest_gap_width_A"": 1.1210255376140863, ""no_first_shell_bond_crosses"": false, ""oriented_bulk_planes"": [{""formal_charge_e"": -4, ""site_indices"": [8, 10, 16, 18, 24, 26], ""species"": {""S"": 4, ""Zn"": 2}, ""z_A"": 0.0}, {""formal_charge_e"": 2, ""site_indices"": [6, 14, 0, 20], ""species"": {""In"": 2, ""S"": 2}, ""z_A"": 1.121025588060243}, {""formal_charge_e"": 2, ""site_indices"": [2, 22, 4, 12], ""species"": {""In"": 2, ""S"": 2}, ""z_A"": 2.242051179483575}, {""formal_charge_e"": -4, ""site_indices"": [9, 11, 17, 19, 25, 27], ""species"": {""S"": 4, ""Zn"": 2}, ""z_A"": 3.3630768179899744}, {""formal_charge_e"": 2, ""site_indices"": [7, 15, 1, 21], ""species"": {""In"": 2, ""S"": 2}, ""z_A"": 4.4841024060502175}, {""formal_charge_e"": 2, ""site_indices"": [3, 23, 5, 13], ""species"": {""In"": 2, ""S"": 2}, ""z_A"": 5.605127997473549}]}",,IIb_100_t01,,HOLD,Equivalent slab-pair duplicate of IIb_100_t01; Structurally valid seed; high formal-electrostatics concern requires human inspection,Unrelaxed seed; vacuum/thickness not converged; no energy ranking.
IIb_100_t04,IIb,1,0,0,(100),t04,0.5833333319999996,vasp/wp2_surface_and_facet_screening/structure/bulk_parents/IIb/POSCAR,2ec9c4fefc2d97f83ba94f70e1b048061fcbed0bd2efd8b8db5e1e59d23a1023,"{""final_lattice_A"": [[3.883346612372549, 0.0, 0.0], [0.0, 24.351774471458835, 0.0], [0.0, 0.0, 32.33128173434581]], ""inplane_wrap_integers"": [[0, 0], [0, 0], [0, 0], [0, 0], [0, 0], [0, 0], [0, 0], [0, 0], [-1, 0], [0, 0], [-1, 0], [0, 0], [0, 0], [0, 0], [0, 0], [0, 0], [-1, 0], [0, 0], [-1, 0], [0, 0], [0, 0], [0, 0], [0, 0], [0, 0], [-1, 0], [0, 0], [-1, 0], [0, 0], [0, 0], [0, 0], [0, 0], [0, 0], [0, 0], [0, 0], [0, 0], [0, 0], [-1, 0], [0, 0], [-1, 0], [0, 0], [0, 0], [0, 0], [0, 0], [0, 0], [-1, 0], [0, 0], [-1, 0], [0, 0], [0, 0], [0, 0], [0, 0], [0, 0], [-1, 0], [0, 0], [-1, 0], [0, 0]], ""literal_parent_basis_preserved"": false, ""normal_in_parent_cartesian"": [0.8660254037876439, 0.49999999999444844, 0.0], ""normal_sign_relative_to_hkl"": 1, ""oriented_repeat_count"": 2, ""oriented_unit_cell_lattice_A"": [[1.9416733061647156, -3.3630768180273156, 0.0], [0.0, 0.0, -24.351774471458835], [5.825019918494147, 3.3630768180273156, 0.0]], ""oriented_unit_cell_matrix"": [[0, -1, 0], [0, 0, -1], [2, 1, 0]], ""parent_site_indices"": [0, 0, 1, 1, 2, 2, 3, 3, 4, 4, 5, 5, 6, 6, 7, 7, 8, 8, 9, 9, 10, 10, 11, 11, 12, 12, 13, 13, 0, 0, 1, 1, 2, 2, 3, 3, 4, 4, 5, 5, 6, 6, 7, 7, 8, 8, 9, 9, 10, 10, 11, 11, 12, 12, 13, 13], ""raw_lattice_A"": [[1.9416733061647156, -3.3630768180273156, 0.0], [0.0, 0.0, -24.351774471458835], [29.125099592470733, 16.81538409013658, 0.0]], ""row_cartesian_rotation"": [[0.4999999999944484, 0.0, 0.8660254037876439], [-0.8660254037876439, 0.0, 0.49999999999444844], [0.0, -1.0, 0.0]], ""translation_z_A"": 9.439487256416035}",Zn8 In16 S32,56,8,True,0.0,32.33128173434581,12.331281734345811,19.999999999999996,94.566380899,IIb_100_t04_upper,IIb_100_t04_lower,False,2,1,5,"{""In"": 4, ""S"": 12, ""Zn"": 4}","[{""coordination"": [[""S"", 1], [""S"", 2], [""S"", 2], [""S"", 3], [""Zn"", 2], [""Zn"", 3]], ""depth_A"": 0.0, ""species"": {""S"": 4, ""Zn"": 2}}, {""coordination"": [[""In"", 4], [""In"", 5], [""S"", 3], [""S"", 3]], ""depth_A"": 1.12103, ""species"": {""In"": 2, ""S"": 2}}, {""coordination"": [[""In"", 4], [""In"", 6], [""S"", 3], [""S"", 4]], ""depth_A"": 2.24205, ""species"": {""In"": 2, ""S"": 2}}, {""coordination"": [[""S"", 3], [""S"", 3], [""S"", 4], [""S"", 4], [""Zn"", 4], [""Zn"", 4]], ""depth_A"": 3.36308, ""species"": {""S"": 4, ""Zn"": 2}}]",0,4,3,"{""In"": 6, ""S"": 10, ""Zn"": 2}","[{""coordination"": [[""In"", 2], [""In"", 3], [""S"", 1], [""S"", 3]], ""depth_A"": 0.0, ""species"": {""In"": 2, ""S"": 2}}, {""coordination"": [[""In"", 3], [""In"", 5], [""S"", 2], [""S"", 4]], ""depth_A"": 1.12103, ""species"": {""In"": 2, ""S"": 2}}, {""coordination"": [[""S"", 3], [""S"", 3], [""S"", 4], [""S"", 4], [""Zn"", 4], [""Zn"", 4]], ""depth_A"": 2.24205, ""species"": {""S"": 4, ""Zn"": 2}}, {""coordination"": [[""In"", 4], [""In"", 6], [""S"", 3], [""S"", 4]], ""depth_A"": 3.36308, ""species"": {""In"": 2, ""S"": 2}}]",3,8,2.307443740140284,PERIODIC_VDW_COMPONENTS,"[{""atom_count"": 28, ""composition"": {""In"": 8, ""S"": 16, ""Zn"": 4}, ""periodic_cycle_vectors"": [[-2, 0, 0], [-1, 0, 0], [1, 0, 0], [2, 0, 0]], ""periodic_rank"": 1, ""site_indices"": [0, 1, 4, 5, 8, 9, 12, 13, 16, 17, 20, 21, 24, 25, 28, 29, 32, 33, 36, 37, 40, 41, 44, 45, 48, 49, 52, 53]}, {""atom_count"": 28, ""composition"": {""In"": 8, ""S"": 16, ""Zn"": 4}, ""periodic_cycle_vectors"": [[-1, 0, 0], [1, 0, 0]], ""periodic_rank"": 1, ""site_indices"": [2, 3, 6, 7, 10, 11, 14, 15, 18, 19, 22, 23, 26, 27, 30, 31, 34, 35, 38, 39, 42, 43, 46, 47, 50, 51, 54, 55]}]",HIGH_CONCERN,-26.90461494748903,-0.2845050713765185,"[{""formal_charge_e"": 2, ""site_indices"": [7, 15, 1, 21], ""species"": {""In"": 2, ""S"": 2}, ""z_A"": 5.0446157473515996e-08}, {""formal_charge_e"": 2, ""site_indices"": [3, 23, 5, 13], ""species"": {""In"": 2, ""S"": 2}, ""z_A"": 1.1210256418694904}, {""formal_charge_e"": -4, ""site_indices"": [8, 10, 16, 18, 24, 26], ""species"": {""S"": 4, ""Zn"": 2}, ""z_A"": 2.242051280375888}, {""formal_charge_e"": 2, ""site_indices"": [6, 14, 0, 20], ""species"": {""In"": 2, ""S"": 2}, ""z_A"": 3.3630768684361314}, {""formal_charge_e"": 2, ""site_indices"": [2, 22, 4, 12], ""species"": {""In"": 2, ""S"": 2}, ""z_A"": 4.484102459859464}, {""formal_charge_e"": -4, ""site_indices"": [9, 11, 17, 19, 25, 27], ""species"": {""S"": 4, ""Zn"": 2}, ""z_A"": 5.605128098365865}, {""formal_charge_e"": 2, ""site_indices"": [35, 43, 29, 49], ""species"": {""In"": 2, ""S"": 2}, ""z_A"": 6.726153686426105}, {""formal_charge_e"": 2, ""site_indices"": [31, 51, 33, 41], ""species"": {""In"": 2, ""S"": 2}, ""z_A"": 7.847179277849442}, {""formal_charge_e"": -4, ""site_indices"": [36, 38, 44, 46, 52, 54], ""species"": {""S"": 4, ""Zn"": 2}, ""z_A"": 8.968204916355834}, {""formal_charge_e"": 2, ""site_indices"": [34, 42, 28, 48], ""species"": {""In"": 2, ""S"": 2}, ""z_A"": 10.089230504416083}, {""formal_charge_e"": 2, ""site_indices"": [30, 50, 32, 40], ""species"": {""In"": 2, ""S"": 2}, ""z_A"": 11.210256095839416}, {""formal_charge_e"": -4, ""site_indices"": [37, 39, 45, 47, 53, 55], ""species"": {""S"": 4, ""Zn"": 2}, ""z_A"": 12.331281734345811}]","{""crossing_InS"": 8, ""crossing_ZnS"": 3, ""fractional_shift"": 0.5833333319999996, ""nearest_gap_width_A"": 1.121025537614087, ""no_first_shell_bond_crosses"": false, ""oriented_bulk_planes"": [{""formal_charge_e"": -4, ""site_indices"": [8, 10, 16, 18, 24, 26], ""species"": {""S"": 4, ""Zn"": 2}, ""z_A"": 0.0}, {""formal_charge_e"": 2, ""site_indices"": [6, 14, 0, 20], ""species"": {""In"": 2, ""S"": 2}, ""z_A"": 1.121025588060243}, {""formal_charge_e"": 2, ""site_indices"": [2, 22, 4, 12], ""species"": {""In"": 2, ""S"": 2}, ""z_A"": 2.242051179483575}, {""formal_charge_e"": -4, ""site_indices"": [9, 11, 17, 19, 25, 27], ""species"": {""S"": 4, ""Zn"": 2}, ""z_A"": 3.3630768179899744}, {""formal_charge_e"": 2, ""site_indices"": [7, 15, 1, 21], ""species"": {""In"": 2, ""S"": 2}, ""z_A"": 4.4841024060502175}, {""formal_charge_e"": 2, ""site_indices"": [3, 23, 5, 13], ""species"": {""In"": 2, ""S"": 2}, ""z_A"": 5.605127997473549}]}",,IIb_100_t01,,HOLD,Equivalent slab-pair duplicate of IIb_100_t01; Structurally valid seed; high formal-electrostatics concern requires human inspection,Unrelaxed seed; vacuum/thickness not converged; no energy ranking.
IIb_100_t05,IIb,1,0,0,(100),t05,0.7499999962499996,vasp/wp2_surface_and_facet_screening/structure/bulk_parents/IIb/POSCAR,2ec9c4fefc2d97f83ba94f70e1b048061fcbed0bd2efd8b8db5e1e59d23a1023,"{""final_lattice_A"": [[3.883346612372549, 0.0, 0.0], [0.0, 24.351774471458835, 0.0], [0.0, 0.0, 32.33128183187503]], ""inplane_wrap_integers"": [[0, 0], [0, 0], [0, 0], [0, 0], [0, 0], [0, 0], [0, 0], [0, 0], [-1, 0], [0, 0], [-1, 0], [0, 0], [0, 0], [0, 0], [0, 0], [0, 0], [-1, 0], [0, 0], [-1, 0], [0, 0], [0, 0], [0, 0], [0, 0], [0, 0], [-1, 0], [0, 0], [-1, 0], [0, 0], [0, 0], [0, 0], [0, 0], [0, 0], [0, 0], [0, 0], [0, 0], [0, 0], [-1, 0], [0, 0], [-1, 0], [0, 0], [0, 0], [0, 0], [0, 0], [0, 0], [-1, 0], [0, 0], [-1, 0], [0, 0], [0, 0], [0, 0], [0, 0], [0, 0], [-1, 0], [0, 0], [-1, 0], [0, 0]], ""literal_parent_basis_preserved"": false, ""normal_in_parent_cartesian"": [0.8660254037876439, 0.49999999999444844, 0.0], ""normal_sign_relative_to_hkl"": 1, ""oriented_repeat_count"": 2, ""oriented_unit_cell_lattice_A"": [[1.9416733061647156, -3.3630768180273156, 0.0], [0.0, 0.0, -24.351774471458835], [5.825019918494147, 3.3630768180273156, 0.0]], ""oriented_unit_cell_matrix"": [[0, -1, 0], [0, 0, -1], [2, 1, 0]], ""parent_site_indices"": [0, 0, 1, 1, 2, 2, 3, 3, 4, 4, 5, 5, 6, 6, 7, 7, 8, 8, 9, 9, 10, 10, 11, 11, 12, 12, 13, 13, 0, 0, 1, 1, 2, 2, 3, 3, 4, 4, 5, 5, 6, 6, 7, 7, 8, 8, 9, 9, 10, 10, 11, 11, 12, 12, 13, 13], ""raw_lattice_A"": [[1.9416733061647156, -3.3630768180273156, 0.0], [0.0, 0.0, -24.351774471458835], [29.125099592470733, 16.81538409013658, 0.0]], ""row_cartesian_rotation"": [[0.4999999999944484, 0.0, 0.8660254037876439], [-0.8660254037876439, 0.0, 0.49999999999444844], [0.0, -1.0, 0.0]], ""translation_z_A"": 9.439487305180647}",Zn8 In16 S32,56,8,True,0.0,32.33128183187503,12.331281831875033,20.0,94.566380899,IIb_100_t05_upper,IIb_100_t05_lower,True,1,2,4,"{""In"": 6, ""S"": 10, ""Zn"": 2}","[{""coordination"": [[""In"", 3], [""In"", 3], [""S"", 2], [""S"", 2]], ""depth_A"": 0.0, ""species"": {""In"": 2, ""S"": 2}}, {""coordination"": [[""S"", 2], [""S"", 3], [""S"", 3], [""S"", 4], [""Zn"", 3], [""Zn"", 4]], ""depth_A"": 1.12103, ""species"": {""S"": 4, ""Zn"": 2}}, {""coordination"": [[""In"", 4], [""In"", 6], [""S"", 3], [""S"", 4]], ""depth_A"": 2.24205, ""species"": {""In"": 2, ""S"": 2}}, {""coordination"": [[""In"", 4], [""In"", 6], [""S"", 3], [""S"", 4]], ""depth_A"": 3.36308, ""species"": {""In"": 2, ""S"": 2}}]",1,2,4,"{""In"": 6, ""S"": 10, ""Zn"": 2}","[{""coordination"": [[""In"", 3], [""In"", 3], [""S"", 2], [""S"", 2]], ""depth_A"": 0.0, ""species"": {""In"": 2, ""S"": 2}}, {""coordination"": [[""S"", 2], [""S"", 3], [""S"", 3], [""S"", 4], [""Zn"", 3], [""Zn"", 4]], ""depth_A"": 1.12103, ""species"": {""S"": 4, ""Zn"": 2}}, {""coordination"": [[""In"", 4], [""In"", 6], [""S"", 3], [""S"", 4]], ""depth_A"": 2.24205, ""species"": {""In"": 2, ""S"": 2}}, {""coordination"": [[""In"", 4], [""In"", 6], [""S"", 3], [""S"", 4]], ""depth_A"": 3.36308, ""species"": {""In"": 2, ""S"": 2}}]",2,8,2.307443740140282,PERIODIC_VDW_COMPONENTS,"[{""atom_count"": 28, ""composition"": {""In"": 8, ""S"": 16, ""Zn"": 4}, ""periodic_cycle_vectors"": [[-2, 0, 0], [-1, 0, 0], [1, 0, 0], [2, 0, 0]], ""periodic_rank"": 1, ""site_indices"": [0, 1, 4, 5, 8, 9, 12, 13, 16, 17, 20, 21, 24, 25, 28, 29, 32, 33, 36, 37, 40, 41, 44, 45, 48, 49, 52, 53]}, {""atom_count"": 28, ""composition"": {""In"": 8, ""S"": 16, ""Zn"": 4}, ""periodic_cycle_vectors"": [[-1, 0, 0], [1, 0, 0]], ""periodic_rank"": 1, ""site_indices"": [2, 3, 6, 7, 10, 11, 14, 15, 18, 19, 22, 23, 26, 27, 30, 31, 34, 35, 38, 39, 42, 43, 46, 47, 50, 51, 54, 55]}]",LOW_CONCERN,-4.035692562354143e-07,-4.267576409278468e-09,"[{""formal_charge_e"": 2, ""site_indices"": [3, 23, 5, 13], ""species"": {""In"": 2, ""S"": 2}, ""z_A"": 1.0089231317067515e-07}, {""formal_charge_e"": -4, ""site_indices"": [8, 10, 16, 18, 24, 26], ""species"": {""S"": 4, ""Zn"": 2}, ""z_A"": 1.1210257393987106}, {""formal_charge_e"": 2, ""site_indices"": [6, 14, 0, 20], ""species"": {""In"": 2, ""S"": 2}, ""z_A"": 2.242051327458954}, {""formal_charge_e"": 2, ""site_indices"": [2, 22, 4, 12], ""species"": {""In"": 2, ""S"": 2}, ""z_A"": 3.3630769188822853}, {""formal_charge_e"": -4, ""site_indices"": [9, 11, 17, 19, 25, 27], ""species"": {""S"": 4, ""Zn"": 2}, ""z_A"": 4.484102557388685}, {""formal_charge_e"": 2, ""site_indices"": [7, 15, 1, 21], ""species"": {""In"": 2, ""S"": 2}, ""z_A"": 5.605128145448932}, {""formal_charge_e"": 2, ""site_indices"": [31, 51, 33, 41], ""species"": {""In"": 2, ""S"": 2}, ""z_A"": 6.7261537368722575}, {""formal_charge_e"": -4, ""site_indices"": [36, 38, 44, 46, 52, 54], ""species"": {""S"": 4, ""Zn"": 2}, ""z_A"": 7.84717937537866}, {""formal_charge_e"": 2, ""site_indices"": [34, 42, 28, 48], ""species"": {""In"": 2, ""S"": 2}, ""z_A"": 8.968204963438906}, {""formal_charge_e"": 2, ""site_indices"": [30, 50, 32, 40], ""species"": {""In"": 2, ""S"": 2}, ""z_A"": 10.089230554862239}, {""formal_charge_e"": -4, ""site_indices"": [37, 39, 45, 47, 53, 55], ""species"": {""S"": 4, ""Zn"": 2}, ""z_A"": 11.210256193368634}, {""formal_charge_e"": 2, ""site_indices"": [35, 43, 29, 49], ""species"": {""In"": 2, ""S"": 2}, ""z_A"": 12.331281781428876}]","{""crossing_InS"": 8, ""crossing_ZnS"": 2, ""fractional_shift"": 0.7499999962499996, ""nearest_gap_width_A"": 1.121025440084862, ""no_first_shell_bond_crosses"": false, ""oriented_bulk_planes"": [{""formal_charge_e"": -4, ""site_indices"": [8, 10, 16, 18, 24, 26], ""species"": {""S"": 4, ""Zn"": 2}, ""z_A"": 0.0}, {""formal_charge_e"": 2, ""site_indices"": [6, 14, 0, 20], ""species"": {""In"": 2, ""S"": 2}, ""z_A"": 1.121025588060243}, {""formal_charge_e"": 2, ""site_indices"": [2, 22, 4, 12], ""species"": {""In"": 2, ""S"": 2}, ""z_A"": 2.242051179483575}, {""formal_charge_e"": -4, ""site_indices"": [9, 11, 17, 19, 25, 27], ""species"": {""S"": 4, ""Zn"": 2}, ""z_A"": 3.3630768179899744}, {""formal_charge_e"": 2, ""site_indices"": [7, 15, 1, 21], ""species"": {""In"": 2, ""S"": 2}, ""z_A"": 4.4841024060502175}, {""formal_charge_e"": 2, ""site_indices"": [3, 23, 5, 13], ""species"": {""In"": 2, ""S"": 2}, ""z_A"": 5.605127997473549}]}",,IIb_100_t02,,HOLD,Equivalent slab-pair duplicate of IIb_100_t02; Structural seed checks pass; electronic stability and convergence untested,Unrelaxed seed; vacuum/thickness not converged; no energy ranking.
IIb_100_t06,IIb,1,0,0,(100),t06,0.91666666425,vasp/wp2_surface_and_facet_screening/structure/bulk_parents/IIb/POSCAR,2ec9c4fefc2d97f83ba94f70e1b048061fcbed0bd2efd8b8db5e1e59d23a1023,"{""final_lattice_A"": [[3.883346612372549, 0.0, 0.0], [0.0, 24.351774471458835, 0.0], [0.0, 0.0, 32.33128173434581]], ""inplane_wrap_integers"": [[0, 0], [0, 0], [0, 0], [0, 0], [0, 0], [0, 0], [0, 0], [0, 0], [-1, 0], [0, 0], [-1, 0], [0, 0], [0, 0], [0, 0], [0, 0], [0, 0], [-1, 0], [0, 0], [-1, 0], [0, 0], [0, 0], [0, 0], [0, 0], [0, 0], [-1, 0], [0, 0], [-1, 0], [0, 0], [0, 0], [0, 0], [0, 0], [0, 0], [0, 0], [0, 0], [0, 0], [0, 0], [-1, 0], [0, 0], [-1, 0], [0, 0], [0, 0], [0, 0], [0, 0], [0, 0], [-1, 0], [0, 0], [-1, 0], [0, 0], [0, 0], [0, 0], [0, 0], [0, 0], [-1, 0], [0, 0], [-1, 0], [0, 0]], ""literal_parent_basis_preserved"": false, ""normal_in_parent_cartesian"": [0.8660254037876439, 0.49999999999444844, 0.0], ""normal_sign_relative_to_hkl"": 1, ""oriented_repeat_count"": 2, ""oriented_unit_cell_lattice_A"": [[1.9416733061647156, -3.3630768180273156, 0.0], [0.0, 0.0, -24.351774471458835], [5.825019918494147, 3.3630768180273156, 0.0]], ""oriented_unit_cell_matrix"": [[0, -1, 0], [0, 0, -1], [2, 1, 0]], ""parent_site_indices"": [0, 0, 1, 1, 2, 2, 3, 3, 4, 4, 5, 5, 6, 6, 7, 7, 8, 8, 9, 9, 10, 10, 11, 11, 12, 12, 13, 13, 0, 0, 1, 1, 2, 2, 3, 3, 4, 4, 5, 5, 6, 6, 7, 7, 8, 8, 9, 9, 10, 10, 11, 11, 12, 12, 13, 13], ""raw_lattice_A"": [[1.9416733061647156, -3.3630768180273156, 0.0], [0.0, 0.0, -24.351774471458835], [29.125099592470733, 16.81538409013658, 0.0]], ""row_cartesian_rotation"": [[0.4999999999944484, 0.0, 0.8660254037876439], [-0.8660254037876439, 0.0, 0.49999999999444844], [0.0, -1.0, 0.0]], ""translation_z_A"": 9.439487180746799}",Zn8 In16 S32,56,8,True,0.0,32.33128173434581,12.331281734345811,19.999999999999996,94.566380899,IIb_100_t06_upper,IIb_100_t06_lower,False,0,4,3,"{""In"": 6, ""S"": 10, ""Zn"": 2}","[{""coordination"": [[""In"", 2], [""In"", 3], [""S"", 1], [""S"", 3]], ""depth_A"": 0.0, ""species"": {""In"": 2, ""S"": 2}}, {""coordination"": [[""In"", 3], [""In"", 5], [""S"", 2], [""S"", 4]], ""depth_A"": 1.12103, ""species"": {""In"": 2, ""S"": 2}}, {""coordination"": [[""S"", 3], [""S"", 3], [""S"", 4], [""S"", 4], [""Zn"", 4], [""Zn"", 4]], ""depth_A"": 2.24205, ""species"": {""S"": 4, ""Zn"": 2}}, {""coordination"": [[""In"", 4], [""In"", 6], [""S"", 3], [""S"", 4]], ""depth_A"": 3.36308, ""species"": {""In"": 2, ""S"": 2}}]",2,1,5,"{""In"": 4, ""S"": 12, ""Zn"": 4}","[{""coordination"": [[""S"", 1], [""S"", 2], [""S"", 2], [""S"", 3], [""Zn"", 2], [""Zn"", 3]], ""depth_A"": 0.0, ""species"": {""S"": 4, ""Zn"": 2}}, {""coordination"": [[""In"", 4], [""In"", 5], [""S"", 3], [""S"", 3]], ""depth_A"": 1.12103, ""species"": {""In"": 2, ""S"": 2}}, {""coordination"": [[""In"", 4], [""In"", 6], [""S"", 3], [""S"", 4]], ""depth_A"": 2.24205, ""species"": {""In"": 2, ""S"": 2}}, {""coordination"": [[""S"", 3], [""S"", 3], [""S"", 4], [""S"", 4], [""Zn"", 4], [""Zn"", 4]], ""depth_A"": 3.36308, ""species"": {""S"": 4, ""Zn"": 2}}]",3,8,2.307443740140286,PERIODIC_VDW_COMPONENTS,"[{""atom_count"": 28, ""composition"": {""In"": 8, ""S"": 16, ""Zn"": 4}, ""periodic_cycle_vectors"": [[-2, 0, 0], [-1, 0, 0], [1, 0, 0], [2, 0, 0]], ""periodic_rank"": 1, ""site_indices"": [0, 1, 4, 5, 8, 9, 12, 13, 16, 17, 20, 21, 24, 25, 28, 29, 32, 33, 36, 37, 40, 41, 44, 45, 48, 49, 52, 53]}, {""atom_count"": 28, ""composition"": {""In"": 8, ""S"": 16, ""Zn"": 4}, ""periodic_cycle_vectors"": [[-1, 0, 0], [1, 0, 0]], ""periodic_rank"": 1, ""site_indices"": [2, 3, 6, 7, 10, 11, 14, 15, 18, 19, 22, 23, 26, 27, 30, 31, 34, 35, 38, 39, 42, 43, 46, 47, 50, 51, 54, 55]}]",HIGH_CONCERN,26.904614140350553,0.28450506284136606,"[{""formal_charge_e"": -4, ""site_indices"": [8, 10, 16, 18, 24, 26], ""species"": {""S"": 4, ""Zn"": 2}, ""z_A"": 0.0}, {""formal_charge_e"": 2, ""site_indices"": [6, 14, 0, 20], ""species"": {""In"": 2, ""S"": 2}, ""z_A"": 1.1210255880602418}, {""formal_charge_e"": 2, ""site_indices"": [2, 22, 4, 12], ""species"": {""In"": 2, ""S"": 2}, ""z_A"": 2.2420511794835747}, {""formal_charge_e"": -4, ""site_indices"": [9, 11, 17, 19, 25, 27], ""species"": {""S"": 4, ""Zn"": 2}, ""z_A"": 3.3630768179899757}, {""formal_charge_e"": 2, ""site_indices"": [7, 15, 1, 21], ""species"": {""In"": 2, ""S"": 2}, ""z_A"": 4.484102406050219}, {""formal_charge_e"": 2, ""site_indices"": [3, 23, 5, 13], ""species"": {""In"": 2, ""S"": 2}, ""z_A"": 5.605127997473549}, {""formal_charge_e"": -4, ""site_indices"": [36, 38, 44, 46, 52, 54], ""species"": {""S"": 4, ""Zn"": 2}, ""z_A"": 6.726153635979951}, {""formal_charge_e"": 2, ""site_indices"": [34, 42, 28, 48], ""species"": {""In"": 2, ""S"": 2}, ""z_A"": 7.847179224040193}, {""formal_charge_e"": 2, ""site_indices"": [30, 50, 32, 40], ""species"": {""In"": 2, ""S"": 2}, ""z_A"": 8.968204815463523}, {""formal_charge_e"": -4, ""site_indices"": [37, 39, 45, 47, 53, 55], ""species"": {""S"": 4, ""Zn"": 2}, ""z_A"": 10.089230453969922}, {""formal_charge_e"": 2, ""site_indices"": [35, 43, 29, 49], ""species"": {""In"": 2, ""S"": 2}, ""z_A"": 11.210256042030167}, {""formal_charge_e"": 2, ""site_indices"": [31, 51, 33, 41], ""species"": {""In"": 2, ""S"": 2}, ""z_A"": 12.331281633453496}]","{""crossing_InS"": 8, ""crossing_ZnS"": 3, ""fractional_shift"": 0.91666666425, ""nearest_gap_width_A"": 1.1210255376140874, ""no_first_shell_bond_crosses"": false, ""oriented_bulk_planes"": [{""formal_charge_e"": -4, ""site_indices"": [8, 10, 16, 18, 24, 26], ""species"": {""S"": 4, ""Zn"": 2}, ""z_A"": 0.0}, {""formal_charge_e"": 2, ""site_indices"": [6, 14, 0, 20], ""species"": {""In"": 2, ""S"": 2}, ""z_A"": 1.121025588060243}, {""formal_charge_e"": 2, ""site_indices"": [2, 22, 4, 12], ""species"": {""In"": 2, ""S"": 2}, ""z_A"": 2.242051179483575}, {""formal_charge_e"": -4, ""site_indices"": [9, 11, 17, 19, 25, 27], ""species"": {""S"": 4, ""Zn"": 2}, ""z_A"": 3.3630768179899744}, {""formal_charge_e"": 2, ""site_indices"": [7, 15, 1, 21], ""species"": {""In"": 2, ""S"": 2}, ""z_A"": 4.4841024060502175}, {""formal_charge_e"": 2, ""site_indices"": [3, 23, 5, 13], ""species"": {""In"": 2, ""S"": 2}, ""z_A"": 5.605127997473549}]}",,IIb_100_t01,,HOLD,Equivalent slab-pair duplicate of IIb_100_t01; Structurally valid seed; high formal-electrostatics concern requires human inspection,Unrelaxed seed; vacuum/thickness not converged; no energy ranking.
spinel_001_t01,spinel,0,0,1,(001),t01,0.06061144717892744,vasp/wp2_surface_and_facet_screening/structure/bulk_parents/spinel/POSCAR,89fed03927ad1d221915383fbfd61927e9d16798c1f1597737508cc9fa19ab05,"{""final_lattice_A"": [[10.617497447982462, 0.0, 0.0], [0.0, 10.617497447982462, 0.0], [0.0, 0.0, 39.947911124483355]], ""inplane_wrap_integers"": [[0, 0], [0, 0], [0, 0], [0, 0], [0, 0], [0, 0], [0, 0], [0, 0], [0, 0], [0, 0], [0, 0], [0, 0], [0, 0], [0, 0], [0, 0], [0, 0], [0, 0], [0, 0], [0, 0], [0, 0], [0, 0], [0, 0], [0, 0], [0, 0], [0, 0], [0, 0], [0, 0], [0, 0], [0, 0], [0, 0], [0, 0], [0, 0], [0, 0], [0, 0], [0, 0], [0, 0], [0, 0], [0, 0], [0, 0], [0, 0], [0, 0], [0, 0], [0, 0], [0, 0], [0, 0], [0, 0], [0, 0], [0, 0], [0, 0], [0, 0], [0, 0], [0, 0], [0, 0], [0, 0], [0, 0], [0, 0], [0, 0], [0, 0], [0, 0], [0, 0], [0, 0], [0, 0], [0, 0], [0, 0], [0, 0], [0, 0], [0, 0], [0, 0], [0, 0], [0, 0], [0, 0], [0, 0], [0, 0], [0, 0], [0, 0], [0, 0], [0, 0], [0, 0], [0, 0], [0, 0], [0, 0], [0, 0], [0, 0], [0, 0], [0, 0], [0, 0], [0, 0], [0, 0], [0, 0], [0, 0], [0, 0], [0, 0], [0, 0], [0, 0], [0, 0], [0, 0], [0, 0], [0, 0], [0, 0], [0, 0], [0, 0], [0, 0], [0, 0], [0, 0], [0, 0], [0, 0], [0, 0], [0, 0], [0, 0], [0, 0], [0, 0], [0, 0]], ""literal_parent_basis_preserved"": false, ""normal_in_parent_cartesian"": [0.0, 0.0, 1.0], ""normal_sign_relative_to_hkl"": 1, ""oriented_repeat_count"": 2, ""oriented_unit_cell_lattice_A"": [[-10.617497447982462, 0.0, 0.0], [0.0, -10.617497447982462, 0.0], [0.0, 0.0, 10.617497447982462]], ""oriented_unit_cell_matrix"": [[-1, 0, 0], [0, -1, 0], [0, 0, 1]], ""parent_site_indices"": [0, 1, 2, 3, 4, 5, 6, 7, 8, 9, 10, 11, 12, 13, 14, 15, 16, 17, 18, 19, 20, 21, 22, 23, 24, 25, 26, 27, 28, 29, 30, 31, 32, 33, 34, 35, 36, 37, 38, 39, 40, 41, 42, 43, 44, 45, 46, 47, 48, 49, 50, 51, 52, 53, 54, 55, 0, 1, 2, 3, 4, 5, 6, 7, 8, 9, 10, 11, 12, 13, 14, 15, 16, 17, 18, 19, 20, 21, 22, 23, 24, 25, 26, 27, 28, 29, 30, 31, 32, 33, 34, 35, 36, 37, 38, 39, 40, 41, 42, 43, 44, 45, 46, 47, 48, 49, 50, 51, 52, 53, 54, 55], ""raw_lattice_A"": [[-10.617497447982462, 0.0, 0.0], [0.0, -10.617497447982462, 0.0], [0.0, 0.0, 42.46998979192985]], ""row_cartesian_rotation"": [[-1.0, 0.0, 0.0], [0.0, -1.0, 0.0], [0.0, 0.0, 1.0]], ""translation_z_A"": 9.356458114259214}",Zn16 In32 S64,112,16,True,0.0,39.947911124483355,19.947911124483355,20.0,112.73125205791409,spinel_001_t01_upper,spinel_001_t01_lower,False,2,4,4,"{""In"": 4, ""S"": 8, ""Zn"": 4}","[{""coordination"": [[""Zn"", 2], [""Zn"", 2]], ""depth_A"": 0.0, ""species"": {""Zn"": 2}}, {""coordination"": [[""S"", 3], [""S"", 3], [""S"", 3], [""S"", 3]], ""depth_A"": 1.28708, ""species"": {""S"": 4}}, {""coordination"": [[""In"", 5], [""In"", 5], [""In"", 5], [""In"", 5]], ""depth_A"": 1.32719, ""species"": {""In"": 4}}, {""coordination"": [[""S"", 4], [""S"", 4], [""S"", 4], [""S"", 4]], ""depth_A"": 1.36729, ""species"": {""S"": 4}}, {""coordination"": [[""Zn"", 4], [""Zn"", 4]], ""depth_A"": 2.65437, ""species"": {""Zn"": 2}}]",0,4,8,"{""In"": 8, ""S"": 16, ""Zn"": 2}","[{""coordination"": [[""S"", 3], [""S"", 3], [""S"", 3], [""S"", 3]], ""depth_A"": 0.0, ""species"": {""S"": 4}}, {""coordination"": [[""In"", 5], [""In"", 5], [""In"", 5], [""In"", 5]], ""depth_A"": 0.0401, ""species"": {""In"": 4}}, {""coordination"": [[""S"", 3], [""S"", 3], [""S"", 3], [""S"", 3]], ""depth_A"": 0.08021, ""species"": {""S"": 4}}, {""coordination"": [[""Zn"", 4], [""Zn"", 4]], ""depth_A"": 1.36729, ""species"": {""Zn"": 2}}, {""coordination"": [[""S"", 4], [""S"", 4], [""S"", 4], [""S"", 4]], ""depth_A"": 2.65437, ""species"": {""S"": 4}}, {""coordination"": [[""In"", 6], [""In"", 6], [""In"", 6], [""In"", 6]], ""depth_A"": 2.69448, ""species"": {""In"": 4}}, {""coordination"": [[""S"", 4], [""S"", 4], [""S"", 4], [""S"", 4]], ""depth_A"": 2.73458, ""species"": {""S"": 4}}]",4,8,2.368216219779907,CONNECTED,"[{""atom_count"": 112, ""composition"": {""In"": 32, ""S"": 64, ""Zn"": 16}, ""periodic_cycle_vectors"": [[-1, -1, 0], [-1, 0, 0], [-1, 1, 0], [0, -1, 0], [0, 1, 0], [1, -1, 0], [1, 0, 0], [1, 1, 0]], ""periodic_rank"": 2, ""site_indices"": [0, 1, 2, 3, 4, 5, 6, 7, 8, 9, 10, 11, 12, 13, 14, 15, 16, 17, 18, 19, 20, 21, 22, 23, 24, 25, 26, 27, 28, 29, 30, 31, 32, 33, 34, 35, 36, 37, 38, 39, 40, 41, 42, 43, 44, 45, 46, 47, 48, 49, 50, 51, 52, 53, 54, 55, 56, 57, 58, 59, 60, 61, 62, 63, 64, 65, 66, 67, 68, 69, 70, 71, 72, 73, 74, 75, 76, 77, 78, 79, 80, 81, 82, 83, 84, 85, 86, 87, 88, 89, 90, 91, 92, 93, 94, 95, 96, 97, 98, 99, 100, 101, 102, 103, 104, 105, 106, 107, 108, 109, 110, 111]}]",HIGH_CONCERN,42.469989791929926,0.3767366104486409,"[{""formal_charge_e"": -8, ""site_indices"": [6, 10, 21, 27], ""species"": {""S"": 4}, ""z_A"": 0.0}, {""formal_charge_e"": 12, ""site_indices"": [40, 48, 50, 55], ""species"": {""In"": 4}, ""z_A"": 0.040103409516236255}, {""formal_charge_e"": -8, ""site_indices"": [3, 12, 16, 29], ""species"": {""S"": 4}, ""z_A"": 0.08020681903247251}, {""formal_charge_e"": 4, ""site_indices"": [36, 38], ""species"": {""Zn"": 2}, ""z_A"": 1.3672905905140436}, {""formal_charge_e"": -8, ""site_indices"": [0, 15, 22, 30], ""species"": {""S"": 4}, ""z_A"": 2.6543743619956146}, {""formal_charge_e"": 12, ""site_indices"": [43, 45, 49, 54], ""species"": {""In"": 4}, ""z_A"": 2.6944777715118526}, {""formal_charge_e"": -8, ""site_indices"": [4, 8, 18, 26], ""species"": {""S"": 4}, ""z_A"": 2.734581181028087}, {""formal_charge_e"": 4, ""site_indices"": [32, 34], ""species"": {""Zn"": 2}, ""z_A"": 4.02166495250966}, {""formal_charge_e"": -8, ""site_indices"": [7, 9, 19, 28], ""species"": {""S"": 4}, ""z_A"": 5.308749042516107}, {""formal_charge_e"": 12, ""site_indices"": [41, 44, 47, 52], ""species"": {""In"": 4}, ""z_A"": 5.348852133507467}, {""formal_charge_e"": -8, ""site_indices"": [2, 13, 23, 25], ""species"": {""S"": 4}, ""z_A"": 5.388955224498828}, {""formal_charge_e"": 4, ""site_indices"": [37, 39], ""species"": {""Zn"": 2}, ""z_A"": 6.676039314505276}, {""formal_charge_e"": -8, ""site_indices"": [1, 11, 14, 24], ""species"": {""S"": 4}, ""z_A"": 7.963123404511718}, {""formal_charge_e"": 12, ""site_indices"": [42, 46, 51, 53], ""species"": {""In"": 4}, ""z_A"": 8.003226495503084}, {""formal_charge_e"": -8, ""site_indices"": [5, 17, 20, 31], ""species"": {""S"": 4}, ""z_A"": 8.043329586494446}, {""formal_charge_e"": 4, ""site_indices"": [33, 35], ""species"": {""Zn"": 2}, ""z_A"": 9.330413676500891}, {""formal_charge_e"": -8, ""site_indices"": [62, 66, 77, 83], ""species"": {""S"": 4}, ""z_A"": 10.617497447982464}, {""formal_charge_e"": 12, ""site_indices"": [96, 104, 106, 111], ""species"": {""In"": 4}, ""z_A"": 10.657600857498702}, {""formal_charge_e"": -8, ""site_indices"": [59, 68, 72, 85], ""species"": {""S"": 4}, ""z_A"": 10.697704267014936}, {""formal_charge_e"": 4, ""site_indices"": [92, 94], ""species"": {""Zn"": 2}, ""z_A"": 11.984788038496502}, {""formal_charge_e"": -8, ""site_indices"": [56, 71, 78, 86], ""species"": {""S"": 4}, ""z_A"": 13.271871809978078}, {""formal_charge_e"": 12, ""site_indices"": [99, 101, 105, 110], ""species"": {""In"": 4}, ""z_A"": 13.311975219494316}, {""formal_charge_e"": -8, ""site_indices"": [60, 64, 74, 82], ""species"": {""S"": 4}, ""z_A"": 13.35207862901055}, {""formal_charge_e"": 4, ""site_indices"": [88, 90], ""species"": {""Zn"": 2}, ""z_A"": 14.639162400492117}, {""formal_charge_e"": -8, ""site_indices"": [63, 65, 75, 84], ""species"": {""S"": 4}, ""z_A"": 15.926246490498565}, {""formal_charge_e"": 12, ""site_indices"": [97, 100, 103, 108], ""species"": {""In"": 4}, ""z_A"": 15.966349581489931}, {""formal_charge_e"": -8, ""site_indices"": [58, 69, 79, 81], ""species"": {""S"": 4}, ""z_A"": 16.006452672481288}, {""formal_charge_e"": 4, ""site_indices"": [93, 95], ""species"": {""Zn"": 2}, ""z_A"": 17.293536762487733}, {""formal_charge_e"": -8, ""site_indices"": [57, 67, 70, 80], ""species"": {""S"": 4}, ""z_A"": 18.580620852494185}, {""formal_charge_e"": 12, ""site_indices"": [98, 102, 107, 109], ""species"": {""In"": 4}, ""z_A"": 18.620723943485544}, {""formal_charge_e"": -8, ""site_indices"": [61, 73, 76, 87], ""species"": {""S"": 4}, ""z_A"": 18.66082703447691}, {""formal_charge_e"": 4, ""site_indices"": [89, 91], ""species"": {""Zn"": 2}, ""z_A"": 19.947911124483355}]","{""crossing_InS"": 8, ""crossing_ZnS"": 4, ""fractional_shift"": 0.06061144717892744, ""nearest_gap_width_A"": 1.2870837714815717, ""no_first_shell_bond_crosses"": false, ""oriented_bulk_planes"": [{""formal_charge_e"": 4, ""site_indices"": [33, 35], ""species"": {""Zn"": 2}, ""z_A"": 0.0}, {""formal_charge_e"": -8, ""site_indices"": [6, 10, 21, 27], ""species"": {""S"": 4}, ""z_A"": 1.2870837714815717}, {""formal_charge_e"": 12, ""site_indices"": [40, 48, 50, 55], ""species"": {""In"": 4}, ""z_A"": 1.3271871809978075}, {""formal_charge_e"": -8, ""site_indices"": [3, 12, 16, 29], ""species"": {""S"": 4}, ""z_A"": 1.3672905905140447}, {""formal_charge_e"": 4, ""site_indices"": [36, 38], ""species"": {""Zn"": 2}, ""z_A"": 2.654374361995615}, {""formal_charge_e"": -8, ""site_indices"": [0, 15, 22, 30], ""species"": {""S"": 4}, ""z_A"": 3.9414581334771874}, {""formal_charge_e"": 12, ""site_indices"": [43, 45, 49, 54], ""species"": {""In"": 4}, ""z_A"": 3.9815615429934232}, {""formal_charge_e"": -8, ""site_indices"": [4, 8, 18, 26], ""species"": {""S"": 4}, ""z_A"": 4.021664952509658}, {""formal_charge_e"": 4, ""site_indices"": [32, 34], ""species"": {""Zn"": 2}, ""z_A"": 5.30874872399123}, {""formal_charge_e"": -8, ""site_indices"": [7, 9, 19, 28], ""species"": {""S"": 4}, ""z_A"": 6.595832813997677}, {""formal_charge_e"": 12, ""site_indices"": [41, 44, 47, 52], ""species"": {""In"": 4}, ""z_A"": 6.635935904989037}, {""formal_charge_e"": -8, ""site_indices"": [2, 13, 23, 25], ""species"": {""S"": 4}, ""z_A"": 6.6760389959804}, {""formal_charge_e"": 4, ""site_indices"": [37, 39], ""species"": {""Zn"": 2}, ""z_A"": 7.9631230859868465}, {""formal_charge_e"": -8, ""site_indices"": [1, 11, 14, 24], ""species"": {""S"": 4}, ""z_A"": 9.250207175993292}, {""formal_charge_e"": 12, ""site_indices"": [42, 46, 51, 53], ""species"": {""In"": 4}, ""z_A"": 9.290310266984655}, {""formal_charge_e"": -8, ""site_indices"": [5, 17, 20, 31], ""species"": {""S"": 4}, ""z_A"": 9.330413357976017}]}",,,,DEFERRED,Uncompensated formal dipole exceeds bounded spinel gate; reconstruction/electronic compensation unresolved,Unrelaxed seed; vacuum/thickness not converged; no energy ranking.
spinel_001_t02,spinel,0,0,1,(001),t02,0.12311144717892744,vasp/wp2_surface_and_facet_screening/structure/bulk_parents/spinel/POSCAR,89fed03927ad1d221915383fbfd61927e9d16798c1f1597737508cc9fa19ab05,"{""final_lattice_A"": [[10.617497447982462, 0.0, 0.0], [0.0, 10.617497447982462, 0.0], [0.0, 0.0, 41.19489148644869]], ""inplane_wrap_integers"": [[0, 0], [0, 0], [0, 0], [0, 0], [0, 0], [0, 0], [0, 0], [0, 0], [0, 0], [0, 0], [0, 0], [0, 0], [0, 0], [0, 0], [0, 0], [0, 0], [0, 0], [0, 0], [0, 0], [0, 0], [0, 0], [0, 0], [0, 0], [0, 0], [0, 0], [0, 0], [0, 0], [0, 0], [0, 0], [0, 0], [0, 0], [0, 0], [0, 0], [0, 0], [0, 0], [0, 0], [0, 0], [0, 0], [0, 0], [0, 0], [0, 0], [0, 0], [0, 0], [0, 0], [0, 0], [0, 0], [0, 0], [0, 0], [0, 0], [0, 0], [0, 0], [0, 0], [0, 0], [0, 0], [0, 0], [0, 0], [0, 0], [0, 0], [0, 0], [0, 0], [0, 0], [0, 0], [0, 0], [0, 0], [0, 0], [0, 0], [0, 0], [0, 0], [0, 0], [0, 0], [0, 0], [0, 0], [0, 0], [0, 0], [0, 0], [0, 0], [0, 0], [0, 0], [0, 0], [0, 0], [0, 0], [0, 0], [0, 0], [0, 0], [0, 0], [0, 0], [0, 0], [0, 0], [0, 0], [0, 0], [0, 0], [0, 0], [0, 0], [0, 0], [0, 0], [0, 0], [0, 0], [0, 0], [0, 0], [0, 0], [0, 0], [0, 0], [0, 0], [0, 0], [0, 0], [0, 0], [0, 0], [0, 0], [0, 0], [0, 0], [0, 0], [0, 0]], ""literal_parent_basis_preserved"": false, ""normal_in_parent_cartesian"": [0.0, 0.0, 1.0], ""normal_sign_relative_to_hkl"": 1, ""oriented_repeat_count"": 2, ""oriented_unit_cell_lattice_A"": [[-10.617497447982462, 0.0, 0.0], [0.0, -10.617497447982462, 0.0], [0.0, 0.0, 10.617497447982462]], ""oriented_unit_cell_matrix"": [[-1, 0, 0], [0, -1, 0], [0, 0, 1]], ""parent_site_indices"": [0, 1, 2, 3, 4, 5, 6, 7, 8, 9, 10, 11, 12, 13, 14, 15, 16, 17, 18, 19, 20, 21, 22, 23, 24, 25, 26, 27, 28, 29, 30, 31, 32, 33, 34, 35, 36, 37, 38, 39, 40, 41, 42, 43, 44, 45, 46, 47, 48, 49, 50, 51, 52, 53, 54, 55, 0, 1, 2, 3, 4, 5, 6, 7, 8, 9, 10, 11, 12, 13, 14, 15, 16, 17, 18, 19, 20, 21, 22, 23, 24, 25, 26, 27, 28, 29, 30, 31, 32, 33, 34, 35, 36, 37, 38, 39, 40, 41, 42, 43, 44, 45, 46, 47, 48, 49, 50, 51, 52, 53, 54, 55], ""raw_lattice_A"": [[-10.617497447982462, 0.0, 0.0], [0.0, -10.617497447982462, 0.0], [0.0, 0.0, 42.46998979192985]], ""row_cartesian_rotation"": [[-1.0, 0.0, 0.0], [0.0, -1.0, 0.0], [0.0, 0.0, 1.0]], ""translation_z_A"": 9.979948295241883}",Zn16 In32 S64,112,16,True,0.0,41.19489148644869,21.19489148644869,20.0,112.73125205791409,spinel_001_t02_upper,spinel_001_t02_lower,False,2,0,8,"{""In"": 4, ""S"": 12, ""Zn"": 2}","[{""coordination"": [[""S"", 1], [""S"", 1], [""S"", 1], [""S"", 1]], ""depth_A"": 0.0, ""species"": {""S"": 4}}, {""coordination"": [[""Zn"", 2], [""Zn"", 2]], ""depth_A"": 1.28708, ""species"": {""Zn"": 2}}, {""coordination"": [[""S"", 3], [""S"", 3], [""S"", 3], [""S"", 3]], ""depth_A"": 2.57417, ""species"": {""S"": 4}}, {""coordination"": [[""In"", 6], [""In"", 6], [""In"", 6], [""In"", 6]], ""depth_A"": 2.61427, ""species"": {""In"": 4}}, {""coordination"": [[""S"", 4], [""S"", 4], [""S"", 4], [""S"", 4]], ""depth_A"": 2.65437, ""species"": {""S"": 4}}]",2,4,4,"{""In"": 8, ""S"": 12, ""Zn"": 2}","[{""coordination"": [[""In"", 3], [""In"", 3], [""In"", 3], [""In"", 3]], ""depth_A"": 0.0, ""species"": {""In"": 4}}, {""coordination"": [[""S"", 3], [""S"", 3], [""S"", 3], [""S"", 3]], ""depth_A"": 0.0401, ""species"": {""S"": 4}}, {""coordination"": [[""Zn"", 2], [""Zn"", 2]], ""depth_A"": 1.32719, ""species"": {""Zn"": 2}}, {""coordination"": [[""S"", 4], [""S"", 4], [""S"", 4], [""S"", 4]], ""depth_A"": 2.61427, ""species"": {""S"": 4}}, {""coordination"": [[""In"", 6], [""In"", 6], [""In"", 6], [""In"", 6]], ""depth_A"": 2.65437, ""species"": {""In"": 4}}, {""coordination"": [[""S"", 4], [""S"", 4], [""S"", 4], [""S"", 4]], ""depth_A"": 2.69448, ""species"": {""S"": 4}}]",8,12,2.368216219779911,CONNECTED,"[{""atom_count"": 112, ""composition"": {""In"": 32, ""S"": 64, ""Zn"": 16}, ""periodic_cycle_vectors"": [[-1, -1, 0], [-1, 0, 0], [-1, 1, 0], [0, -1, 0], [0, 1, 0], [1, -1, 0], [1, 0, 0], [1, 1, 0]], ""periodic_rank"": 2, ""site_indices"": [0, 1, 2, 3, 4, 5, 6, 7, 8, 9, 10, 11, 12, 13, 14, 15, 16, 17, 18, 19, 20, 21, 22, 23, 24, 25, 26, 27, 28, 29, 30, 31, 32, 33, 34, 35, 36, 37, 38, 39, 40, 41, 42, 43, 44, 45, 46, 47, 48, 49, 50, 51, 52, 53, 54, 55, 56, 57, 58, 59, 60, 61, 62, 63, 64, 65, 66, 67, 68, 69, 70, 71, 72, 73, 74, 75, 76, 77, 78, 79, 80, 81, 82, 83, 84, 85, 86, 87, 88, 89, 90, 91, 92, 93, 94, 95, 96, 97, 98, 99, 100, 101, 102, 103, 104, 105, 106, 107, 108, 109, 110, 111]}]",HIGH_CONCERN,-127.40996937578957,-1.1302098313459208,"[{""formal_charge_e"": 12, ""site_indices"": [40, 48, 50, 55], ""species"": {""In"": 4}, ""z_A"": 0.0}, {""formal_charge_e"": -8, ""site_indices"": [3, 12, 16, 29], ""species"": {""S"": 4}, ""z_A"": 0.04010340951623803}, {""formal_charge_e"": 4, ""site_indices"": [36, 38], ""species"": {""Zn"": 2}, ""z_A"": 1.3271871809978073}, {""formal_charge_e"": -8, ""site_indices"": [0, 15, 22, 30], ""species"": {""S"": 4}, ""z_A"": 2.6142709524793784}, {""formal_charge_e"": 12, ""site_indices"": [43, 45, 49, 54], ""species"": {""In"": 4}, ""z_A"": 2.6543743619956164}, {""formal_charge_e"": -8, ""site_indices"": [4, 8, 18, 26], ""species"": {""S"": 4}, ""z_A"": 2.6944777715118526}, {""formal_charge_e"": 4, ""site_indices"": [32, 34], ""species"": {""Zn"": 2}, ""z_A"": 3.9815615429934237}, {""formal_charge_e"": -8, ""site_indices"": [7, 9, 19, 28], ""species"": {""S"": 4}, ""z_A"": 5.268645632999869}, {""formal_charge_e"": 12, ""site_indices"": [41, 44, 47, 52], ""species"": {""In"": 4}, ""z_A"": 5.308748723991231}, {""formal_charge_e"": -8, ""site_indices"": [2, 13, 23, 25], ""species"": {""S"": 4}, ""z_A"": 5.348851814982593}, {""formal_charge_e"": 4, ""site_indices"": [37, 39], ""species"": {""Zn"": 2}, ""z_A"": 6.63593590498904}, {""formal_charge_e"": -8, ""site_indices"": [1, 11, 14, 24], ""species"": {""S"": 4}, ""z_A"": 7.923019994995485}, {""formal_charge_e"": 12, ""site_indices"": [42, 46, 51, 53], ""species"": {""In"": 4}, ""z_A"": 7.963123085986847}, {""formal_charge_e"": -8, ""site_indices"": [5, 17, 20, 31], ""species"": {""S"": 4}, ""z_A"": 8.00322617697821}, {""formal_charge_e"": 4, ""site_indices"": [33, 35], ""species"": {""Zn"": 2}, ""z_A"": 9.290310266984655}, {""formal_charge_e"": -8, ""site_indices"": [6, 10, 21, 27], ""species"": {""S"": 4}, ""z_A"": 10.577394038466224}, {""formal_charge_e"": 12, ""site_indices"": [96, 104, 106, 111], ""species"": {""In"": 4}, ""z_A"": 10.617497447982462}, {""formal_charge_e"": -8, ""site_indices"": [59, 68, 72, 85], ""species"": {""S"": 4}, ""z_A"": 10.6576008574987}, {""formal_charge_e"": 4, ""site_indices"": [92, 94], ""species"": {""Zn"": 2}, ""z_A"": 11.944684628980266}, {""formal_charge_e"": -8, ""site_indices"": [56, 71, 78, 86], ""species"": {""S"": 4}, ""z_A"": 13.231768400461842}, {""formal_charge_e"": 12, ""site_indices"": [99, 101, 105, 110], ""species"": {""In"": 4}, ""z_A"": 13.27187180997808}, {""formal_charge_e"": -8, ""site_indices"": [60, 64, 74, 82], ""species"": {""S"": 4}, ""z_A"": 13.311975219494315}, {""formal_charge_e"": 4, ""site_indices"": [88, 90], ""species"": {""Zn"": 2}, ""z_A"": 14.599058990975884}, {""formal_charge_e"": -8, ""site_indices"": [63, 65, 75, 84], ""species"": {""S"": 4}, ""z_A"": 15.886143080982333}, {""formal_charge_e"": 12, ""site_indices"": [97, 100, 103, 108], ""species"": {""In"": 4}, ""z_A"": 15.926246171973695}, {""formal_charge_e"": -8, ""site_indices"": [58, 69, 79, 81], ""species"": {""S"": 4}, ""z_A"": 15.966349262965053}, {""formal_charge_e"": 4, ""site_indices"": [93, 95], ""species"": {""Zn"": 2}, ""z_A"": 17.253433352971502}, {""formal_charge_e"": -8, ""site_indices"": [57, 67, 70, 80], ""species"": {""S"": 4}, ""z_A"": 18.540517442977947}, {""formal_charge_e"": 12, ""site_indices"": [98, 102, 107, 109], ""species"": {""In"": 4}, ""z_A"": 18.58062053396931}, {""formal_charge_e"": -8, ""site_indices"": [61, 73, 76, 87], ""species"": {""S"": 4}, ""z_A"": 18.62072362496067}, {""formal_charge_e"": 4, ""site_indices"": [89, 91], ""species"": {""Zn"": 2}, ""z_A"": 19.907807714967113}, {""formal_charge_e"": -8, ""site_indices"": [62, 66, 77, 83], ""species"": {""S"": 4}, ""z_A"": 21.19489148644869}]","{""crossing_InS"": 12, ""crossing_ZnS"": 8, ""fractional_shift"": 0.12311144717892744, ""nearest_gap_width_A"": 0.0401034095162358, ""no_first_shell_bond_crosses"": false, ""oriented_bulk_planes"": [{""formal_charge_e"": 4, ""site_indices"": [33, 35], ""species"": {""Zn"": 2}, ""z_A"": 0.0}, {""formal_charge_e"": -8, ""site_indices"": [6, 10, 21, 27], ""species"": {""S"": 4}, ""z_A"": 1.2870837714815717}, {""formal_charge_e"": 12, ""site_indices"": [40, 48, 50, 55], ""species"": {""In"": 4}, ""z_A"": 1.3271871809978075}, {""formal_charge_e"": -8, ""site_indices"": [3, 12, 16, 29], ""species"": {""S"": 4}, ""z_A"": 1.3672905905140447}, {""formal_charge_e"": 4, ""site_indices"": [36, 38], ""species"": {""Zn"": 2}, ""z_A"": 2.654374361995615}, {""formal_charge_e"": -8, ""site_indices"": [0, 15, 22, 30], ""species"": {""S"": 4}, ""z_A"": 3.9414581334771874}, {""formal_charge_e"": 12, ""site_indices"": [43, 45, 49, 54], ""species"": {""In"": 4}, ""z_A"": 3.9815615429934232}, {""formal_charge_e"": -8, ""site_indices"": [4, 8, 18, 26], ""species"": {""S"": 4}, ""z_A"": 4.021664952509658}, {""formal_charge_e"": 4, ""site_indices"": [32, 34], ""species"": {""Zn"": 2}, ""z_A"": 5.30874872399123}, {""formal_charge_e"": -8, ""site_indices"": [7, 9, 19, 28], ""species"": {""S"": 4}, ""z_A"": 6.595832813997677}, {""formal_charge_e"": 12, ""site_indices"": [41, 44, 47, 52], ""species"": {""In"": 4}, ""z_A"": 6.635935904989037}, {""formal_charge_e"": -8, ""site_indices"": [2, 13, 23, 25], ""species"": {""S"": 4}, ""z_A"": 6.6760389959804}, {""formal_charge_e"": 4, ""site_indices"": [37, 39], ""species"": {""Zn"": 2}, ""z_A"": 7.9631230859868465}, {""formal_charge_e"": -8, ""site_indices"": [1, 11, 14, 24], ""species"": {""S"": 4}, ""z_A"": 9.250207175993292}, {""formal_charge_e"": 12, ""site_indices"": [42, 46, 51, 53], ""species"": {""In"": 4}, ""z_A"": 9.290310266984655}, {""formal_charge_e"": -8, ""site_indices"": [5, 17, 20, 31], ""species"": {""S"": 4}, ""z_A"": 9.330413357976017}]}",,,,DEFERRED,Uncompensated formal dipole exceeds bounded spinel gate; reconstruction/electronic compensation unresolved,Unrelaxed seed; vacuum/thickness not converged; no energy ranking.
spinel_001_t03,spinel,0,0,1,(001),t03,0.1268885528210726,vasp/wp2_surface_and_facet_screening/structure/bulk_parents/spinel/POSCAR,89fed03927ad1d221915383fbfd61927e9d16798c1f1597737508cc9fa19ab05,"{""final_lattice_A"": [[10.617497447982462, 0.0, 0.0], [0.0, 10.617497447982462, 0.0], [0.0, 0.0, 41.19489148644869]], ""inplane_wrap_integers"": [[0, 0], [0, 0], [0, 0], [0, 0], [0, 0], [0, 0], [0, 0], [0, 0], [0, 0], [0, 0], [0, 0], [0, 0], [0, 0], [0, 0], [0, 0], [0, 0], [0, 0], [0, 0], [0, 0], [0, 0], [0, 0], [0, 0], [0, 0], [0, 0], [0, 0], [0, 0], [0, 0], [0, 0], [0, 0], [0, 0], [0, 0], [0, 0], [0, 0], [0, 0], [0, 0], [0, 0], [0, 0], [0, 0], [0, 0], [0, 0], [0, 0], [0, 0], [0, 0], [0, 0], [0, 0], [0, 0], [0, 0], [0, 0], [0, 0], [0, 0], [0, 0], [0, 0], [0, 0], [0, 0], [0, 0], [0, 0], [0, 0], [0, 0], [0, 0], [0, 0], [0, 0], [0, 0], [0, 0], [0, 0], [0, 0], [0, 0], [0, 0], [0, 0], [0, 0], [0, 0], [0, 0], [0, 0], [0, 0], [0, 0], [0, 0], [0, 0], [0, 0], [0, 0], [0, 0], [0, 0], [0, 0], [0, 0], [0, 0], [0, 0], [0, 0], [0, 0], [0, 0], [0, 0], [0, 0], [0, 0], [0, 0], [0, 0], [0, 0], [0, 0], [0, 0], [0, 0], [0, 0], [0, 0], [0, 0], [0, 0], [0, 0], [0, 0], [0, 0], [0, 0], [0, 0], [0, 0], [0, 0], [0, 0], [0, 0], [0, 0], [0, 0], [0, 0]], ""literal_parent_basis_preserved"": false, ""normal_in_parent_cartesian"": [0.0, 0.0, 1.0], ""normal_sign_relative_to_hkl"": 1, ""oriented_repeat_count"": 2, ""oriented_unit_cell_lattice_A"": [[-10.617497447982462, 0.0, 0.0], [0.0, -10.617497447982462, 0.0], [0.0, 0.0, 10.617497447982462]], ""oriented_unit_cell_matrix"": [[-1, 0, 0], [0, -1, 0], [0, 0, 1]], ""parent_site_indices"": [0, 1, 2, 3, 4, 5, 6, 7, 8, 9, 10, 11, 12, 13, 14, 15, 16, 17, 18, 19, 20, 21, 22, 23, 24, 25, 26, 27, 28, 29, 30, 31, 32, 33, 34, 35, 36, 37, 38, 39, 40, 41, 42, 43, 44, 45, 46, 47, 48, 49, 50, 51, 52, 53, 54, 55, 0, 1, 2, 3, 4, 5, 6, 7, 8, 9, 10, 11, 12, 13, 14, 15, 16, 17, 18, 19, 20, 21, 22, 23, 24, 25, 26, 27, 28, 29, 30, 31, 32, 33, 34, 35, 36, 37, 38, 39, 40, 41, 42, 43, 44, 45, 46, 47, 48, 49, 50, 51, 52, 53, 54, 55], ""raw_lattice_A"": [[-10.617497447982462, 0.0, 0.0], [0.0, -10.617497447982462, 0.0], [0.0, 0.0, 42.46998979192985]], ""row_cartesian_rotation"": [[-1.0, 0.0, 0.0], [0.0, -1.0, 0.0], [0.0, 0.0, 1.0]], ""translation_z_A"": 9.979948295241881}",Zn16 In32 S64,112,16,True,0.0,41.19489148644869,21.19489148644869,20.0,112.73125205791409,spinel_001_t03_upper,spinel_001_t03_lower,False,2,4,4,"{""In"": 8, ""S"": 12, ""Zn"": 2}","[{""coordination"": [[""In"", 3], [""In"", 3], [""In"", 3], [""In"", 3]], ""depth_A"": 0.0, ""species"": {""In"": 4}}, {""coordination"": [[""S"", 3], [""S"", 3], [""S"", 3], [""S"", 3]], ""depth_A"": 0.0401, ""species"": {""S"": 4}}, {""coordination"": [[""Zn"", 2], [""Zn"", 2]], ""depth_A"": 1.32719, ""species"": {""Zn"": 2}}, {""coordination"": [[""S"", 4], [""S"", 4], [""S"", 4], [""S"", 4]], ""depth_A"": 2.61427, ""species"": {""S"": 4}}, {""coordination"": [[""In"", 6], [""In"", 6], [""In"", 6], [""In"", 6]], ""depth_A"": 2.65437, ""species"": {""In"": 4}}, {""coordination"": [[""S"", 4], [""S"", 4], [""S"", 4], [""S"", 4]], ""depth_A"": 2.69448, ""species"": {""S"": 4}}]",2,0,8,"{""In"": 4, ""S"": 12, ""Zn"": 2}","[{""coordination"": [[""S"", 1], [""S"", 1], [""S"", 1], [""S"", 1]], ""depth_A"": 0.0, ""species"": {""S"": 4}}, {""coordination"": [[""Zn"", 2], [""Zn"", 2]], ""depth_A"": 1.28708, ""species"": {""Zn"": 2}}, {""coordination"": [[""S"", 3], [""S"", 3], [""S"", 3], [""S"", 3]], ""depth_A"": 2.57417, ""species"": {""S"": 4}}, {""coordination"": [[""In"", 6], [""In"", 6], [""In"", 6], [""In"", 6]], ""depth_A"": 2.61427, ""species"": {""In"": 4}}, {""coordination"": [[""S"", 4], [""S"", 4], [""S"", 4], [""S"", 4]], ""depth_A"": 2.65437, ""species"": {""S"": 4}}]",8,12,2.368216219779911,CONNECTED,"[{""atom_count"": 112, ""composition"": {""In"": 32, ""S"": 64, ""Zn"": 16}, ""periodic_cycle_vectors"": [[-1, -1, 0], [-1, 0, 0], [-1, 1, 0], [0, -1, 0], [0, 1, 0], [1, -1, 0], [1, 0, 0], [1, 1, 0]], ""periodic_rank"": 2, ""site_indices"": [0, 1, 2, 3, 4, 5, 6, 7, 8, 9, 10, 11, 12, 13, 14, 15, 16, 17, 18, 19, 20, 21, 22, 23, 24, 25, 26, 27, 28, 29, 30, 31, 32, 33, 34, 35, 36, 37, 38, 39, 40, 41, 42, 43, 44, 45, 46, 47, 48, 49, 50, 51, 52, 53, 54, 55, 56, 57, 58, 59, 60, 61, 62, 63, 64, 65, 66, 67, 68, 69, 70, 71, 72, 73, 74, 75, 76, 77, 78, 79, 80, 81, 82, 83, 84, 85, 86, 87, 88, 89, 90, 91, 92, 93, 94, 95, 96, 97, 98, 99, 100, 101, 102, 103, 104, 105, 106, 107, 108, 109, 110, 111]}]",HIGH_CONCERN,127.4099693757894,1.1302098313459192,"[{""formal_charge_e"": -8, ""site_indices"": [3, 12, 16, 29], ""species"": {""S"": 4}, ""z_A"": 0.0}, {""formal_charge_e"": 4, ""site_indices"": [36, 38], ""species"": {""Zn"": 2}, ""z_A"": 1.2870837714815675}, {""formal_charge_e"": -8, ""site_indices"": [0, 15, 22, 30], ""species"": {""S"": 4}, ""z_A"": 2.574167542963142}, {""formal_charge_e"": 12, ""site_indices"": [43, 45, 49, 54], ""species"": {""In"": 4}, ""z_A"": 2.6142709524793784}, {""formal_charge_e"": -8, ""site_indices"": [4, 8, 18, 26], ""species"": {""S"": 4}, ""z_A"": 2.6543743619956146}, {""formal_charge_e"": 4, ""site_indices"": [32, 34], ""species"": {""Zn"": 2}, ""z_A"": 3.9414581334771857}, {""formal_charge_e"": -8, ""site_indices"": [7, 9, 19, 28], ""species"": {""S"": 4}, ""z_A"": 5.2285422234836325}, {""formal_charge_e"": 12, ""site_indices"": [41, 44, 47, 52], ""species"": {""In"": 4}, ""z_A"": 5.268645314474995}, {""formal_charge_e"": -8, ""site_indices"": [2, 13, 23, 25], ""species"": {""S"": 4}, ""z_A"": 5.308748405466353}, {""formal_charge_e"": 4, ""site_indices"": [37, 39], ""species"": {""Zn"": 2}, ""z_A"": 6.595832495472802}, {""formal_charge_e"": -8, ""site_indices"": [1, 11, 14, 24], ""species"": {""S"": 4}, ""z_A"": 7.882916585479247}, {""formal_charge_e"": 12, ""site_indices"": [42, 46, 51, 53], ""species"": {""In"": 4}, ""z_A"": 7.923019676470609}, {""formal_charge_e"": -8, ""site_indices"": [5, 17, 20, 31], ""species"": {""S"": 4}, ""z_A"": 7.963122767461972}, {""formal_charge_e"": 4, ""site_indices"": [33, 35], ""species"": {""Zn"": 2}, ""z_A"": 9.250206857468417}, {""formal_charge_e"": -8, ""site_indices"": [6, 10, 21, 27], ""species"": {""S"": 4}, ""z_A"": 10.53729062894999}, {""formal_charge_e"": 12, ""site_indices"": [40, 48, 50, 55], ""species"": {""In"": 4}, ""z_A"": 10.577394038466224}, {""formal_charge_e"": -8, ""site_indices"": [59, 68, 72, 85], ""species"": {""S"": 4}, ""z_A"": 10.617497447982462}, {""formal_charge_e"": 4, ""site_indices"": [92, 94], ""species"": {""Zn"": 2}, ""z_A"": 11.904581219464035}, {""formal_charge_e"": -8, ""site_indices"": [56, 71, 78, 86], ""species"": {""S"": 4}, ""z_A"": 13.191664990945604}, {""formal_charge_e"": 12, ""site_indices"": [99, 101, 105, 110], ""species"": {""In"": 4}, ""z_A"": 13.231768400461839}, {""formal_charge_e"": -8, ""site_indices"": [60, 64, 74, 82], ""species"": {""S"": 4}, ""z_A"": 13.271871809978077}, {""formal_charge_e"": 4, ""site_indices"": [88, 90], ""species"": {""Zn"": 2}, ""z_A"": 14.558955581459646}, {""formal_charge_e"": -8, ""site_indices"": [63, 65, 75, 84], ""species"": {""S"": 4}, ""z_A"": 15.846039671466094}, {""formal_charge_e"": 12, ""site_indices"": [97, 100, 103, 108], ""species"": {""In"": 4}, ""z_A"": 15.88614276245745}, {""formal_charge_e"": -8, ""site_indices"": [58, 69, 79, 81], ""species"": {""S"": 4}, ""z_A"": 15.926245853448819}, {""formal_charge_e"": 4, ""site_indices"": [93, 95], ""species"": {""Zn"": 2}, ""z_A"": 17.213329943455264}, {""formal_charge_e"": -8, ""site_indices"": [57, 67, 70, 80], ""species"": {""S"": 4}, ""z_A"": 18.500414033461713}, {""formal_charge_e"": 12, ""site_indices"": [98, 102, 107, 109], ""species"": {""In"": 4}, ""z_A"": 18.540517124453068}, {""formal_charge_e"": -8, ""site_indices"": [61, 73, 76, 87], ""species"": {""S"": 4}, ""z_A"": 18.580620215444434}, {""formal_charge_e"": 4, ""site_indices"": [89, 91], ""species"": {""Zn"": 2}, ""z_A"": 19.86770430545088}, {""formal_charge_e"": -8, ""site_indices"": [62, 66, 77, 83], ""species"": {""S"": 4}, ""z_A"": 21.154788076932448}, {""formal_charge_e"": 12, ""site_indices"": [96, 104, 106, 111], ""species"": {""In"": 4}, ""z_A"": 21.19489148644869}]","{""crossing_InS"": 12, ""crossing_ZnS"": 8, ""fractional_shift"": 0.1268885528210726, ""nearest_gap_width_A"": 0.040103409516236976, ""no_first_shell_bond_crosses"": false, ""oriented_bulk_planes"": [{""formal_charge_e"": 4, ""site_indices"": [33, 35], ""species"": {""Zn"": 2}, ""z_A"": 0.0}, {""formal_charge_e"": -8, ""site_indices"": [6, 10, 21, 27], ""species"": {""S"": 4}, ""z_A"": 1.2870837714815717}, {""formal_charge_e"": 12, ""site_indices"": [40, 48, 50, 55], ""species"": {""In"": 4}, ""z_A"": 1.3271871809978075}, {""formal_charge_e"": -8, ""site_indices"": [3, 12, 16, 29], ""species"": {""S"": 4}, ""z_A"": 1.3672905905140447}, {""formal_charge_e"": 4, ""site_indices"": [36, 38], ""species"": {""Zn"": 2}, ""z_A"": 2.654374361995615}, {""formal_charge_e"": -8, ""site_indices"": [0, 15, 22, 30], ""species"": {""S"": 4}, ""z_A"": 3.9414581334771874}, {""formal_charge_e"": 12, ""site_indices"": [43, 45, 49, 54], ""species"": {""In"": 4}, ""z_A"": 3.9815615429934232}, {""formal_charge_e"": -8, ""site_indices"": [4, 8, 18, 26], ""species"": {""S"": 4}, ""z_A"": 4.021664952509658}, {""formal_charge_e"": 4, ""site_indices"": [32, 34], ""species"": {""Zn"": 2}, ""z_A"": 5.30874872399123}, {""formal_charge_e"": -8, ""site_indices"": [7, 9, 19, 28], ""species"": {""S"": 4}, ""z_A"": 6.595832813997677}, {""formal_charge_e"": 12, ""site_indices"": [41, 44, 47, 52], ""species"": {""In"": 4}, ""z_A"": 6.635935904989037}, {""formal_charge_e"": -8, ""site_indices"": [2, 13, 23, 25], ""species"": {""S"": 4}, ""z_A"": 6.6760389959804}, {""formal_charge_e"": 4, ""site_indices"": [37, 39], ""species"": {""Zn"": 2}, ""z_A"": 7.9631230859868465}, {""formal_charge_e"": -8, ""site_indices"": [1, 11, 14, 24], ""species"": {""S"": 4}, ""z_A"": 9.250207175993292}, {""formal_charge_e"": 12, ""site_indices"": [42, 46, 51, 53], ""species"": {""In"": 4}, ""z_A"": 9.290310266984655}, {""formal_charge_e"": -8, ""site_indices"": [5, 17, 20, 31], ""species"": {""S"": 4}, ""z_A"": 9.330413357976017}]}",,spinel_001_t02,,DEFERRED,Equivalent slab-pair duplicate of spinel_001_t02; Uncompensated formal dipole exceeds bounded spinel gate; reconstruction/electronic compensation unresolved,Unrelaxed seed; vacuum/thickness not converged; no energy ranking.
spinel_001_t04,spinel,0,0,1,(001),t04,0.1893885528210726,vasp/wp2_surface_and_facet_screening/structure/bulk_parents/spinel/POSCAR,89fed03927ad1d221915383fbfd61927e9d16798c1f1597737508cc9fa19ab05,"{""final_lattice_A"": [[10.617497447982462, 0.0, 0.0], [0.0, 10.617497447982462, 0.0], [0.0, 0.0, 39.947911124483355]], ""inplane_wrap_integers"": [[0, 0], [0, 0], [0, 0], [0, 0], [0, 0], [0, 0], [0, 0], [0, 0], [0, 0], [0, 0], [0, 0], [0, 0], [0, 0], [0, 0], [0, 0], [0, 0], [0, 0], [0, 0], [0, 0], [0, 0], [0, 0], [0, 0], [0, 0], [0, 0], [0, 0], [0, 0], [0, 0], [0, 0], [0, 0], [0, 0], [0, 0], [0, 0], [0, 0], [0, 0], [0, 0], [0, 0], [0, 0], [0, 0], [0, 0], [0, 0], [0, 0], [0, 0], [0, 0], [0, 0], [0, 0], [0, 0], [0, 0], [0, 0], [0, 0], [0, 0], [0, 0], [0, 0], [0, 0], [0, 0], [0, 0], [0, 0], [0, 0], [0, 0], [0, 0], [0, 0], [0, 0], [0, 0], [0, 0], [0, 0], [0, 0], [0, 0], [0, 0], [0, 0], [0, 0], [0, 0], [0, 0], [0, 0], [0, 0], [0, 0], [0, 0], [0, 0], [0, 0], [0, 0], [0, 0], [0, 0], [0, 0], [0, 0], [0, 0], [0, 0], [0, 0], [0, 0], [0, 0], [0, 0], [0, 0], [0, 0], [0, 0], [0, 0], [0, 0], [0, 0], [0, 0], [0, 0], [0, 0], [0, 0], [0, 0], [0, 0], [0, 0], [0, 0], [0, 0], [0, 0], [0, 0], [0, 0], [0, 0], [0, 0], [0, 0], [0, 0], [0, 0], [0, 0]], ""literal_parent_basis_preserved"": false, ""normal_in_parent_cartesian"": [0.0, 0.0, 1.0], ""normal_sign_relative_to_hkl"": 1, ""oriented_repeat_count"": 2, ""oriented_unit_cell_lattice_A"": [[-10.617497447982462, 0.0, 0.0], [0.0, -10.617497447982462, 0.0], [0.0, 0.0, 10.617497447982462]], ""oriented_unit_cell_matrix"": [[-1, 0, 0], [0, -1, 0], [0, 0, 1]], ""parent_site_indices"": [0, 1, 2, 3, 4, 5, 6, 7, 8, 9, 10, 11, 12, 13, 14, 15, 16, 17, 18, 19, 20, 21, 22, 23, 24, 25, 26, 27, 28, 29, 30, 31, 32, 33, 34, 35, 36, 37, 38, 39, 40, 41, 42, 43, 44, 45, 46, 47, 48, 49, 50, 51, 52, 53, 54, 55, 0, 1, 2, 3, 4, 5, 6, 7, 8, 9, 10, 11, 12, 13, 14, 15, 16, 17, 18, 19, 20, 21, 22, 23, 24, 25, 26, 27, 28, 29, 30, 31, 32, 33, 34, 35, 36, 37, 38, 39, 40, 41, 42, 43, 44, 45, 46, 47, 48, 49, 50, 51, 52, 53, 54, 55], ""raw_lattice_A"": [[-10.617497447982462, 0.0, 0.0], [0.0, -10.617497447982462, 0.0], [0.0, 0.0, 42.46998979192985]], ""row_cartesian_rotation"": [[-1.0, 0.0, 0.0], [0.0, -1.0, 0.0], [0.0, 0.0, 1.0]], ""translation_z_A"": 9.356458114259215}",Zn16 In32 S64,112,16,True,0.0,39.947911124483355,19.947911124483355,20.0,112.73125205791409,spinel_001_t04_upper,spinel_001_t04_lower,False,0,4,8,"{""In"": 8, ""S"": 16, ""Zn"": 2}","[{""coordination"": [[""S"", 3], [""S"", 3], [""S"", 3], [""S"", 3]], ""depth_A"": 0.0, ""species"": {""S"": 4}}, {""coordination"": [[""In"", 5], [""In"", 5], [""In"", 5], [""In"", 5]], ""depth_A"": 0.0401, ""species"": {""In"": 4}}, {""coordination"": [[""S"", 3], [""S"", 3], [""S"", 3], [""S"", 3]], ""depth_A"": 0.08021, ""species"": {""S"": 4}}, {""coordination"": [[""Zn"", 4], [""Zn"", 4]], ""depth_A"": 1.36729, ""species"": {""Zn"": 2}}, {""coordination"": [[""S"", 4], [""S"", 4], [""S"", 4], [""S"", 4]], ""depth_A"": 2.65437, ""species"": {""S"": 4}}, {""coordination"": [[""In"", 6], [""In"", 6], [""In"", 6], [""In"", 6]], ""depth_A"": 2.69448, ""species"": {""In"": 4}}, {""coordination"": [[""S"", 4], [""S"", 4], [""S"", 4], [""S"", 4]], ""depth_A"": 2.73458, ""species"": {""S"": 4}}]",2,4,4,"{""In"": 4, ""S"": 8, ""Zn"": 4}","[{""coordination"": [[""Zn"", 2], [""Zn"", 2]], ""depth_A"": 0.0, ""species"": {""Zn"": 2}}, {""coordination"": [[""S"", 3], [""S"", 3], [""S"", 3], [""S"", 3]], ""depth_A"": 1.28708, ""species"": {""S"": 4}}, {""coordination"": [[""In"", 5], [""In"", 5], [""In"", 5], [""In"", 5]], ""depth_A"": 1.32719, ""species"": {""In"": 4}}, {""coordination"": [[""S"", 4], [""S"", 4], [""S"", 4], [""S"", 4]], ""depth_A"": 1.36729, ""species"": {""S"": 4}}, {""coordination"": [[""Zn"", 4], [""Zn"", 4]], ""depth_A"": 2.65437, ""species"": {""Zn"": 2}}]",4,8,2.368216219779907,CONNECTED,"[{""atom_count"": 112, ""composition"": {""In"": 32, ""S"": 64, ""Zn"": 16}, ""periodic_cycle_vectors"": [[-1, -1, 0], [-1, 0, 0], [-1, 1, 0], [0, -1, 0], [0, 1, 0], [1, -1, 0], [1, 0, 0], [1, 1, 0]], ""periodic_rank"": 2, ""site_indices"": [0, 1, 2, 3, 4, 5, 6, 7, 8, 9, 10, 11, 12, 13, 14, 15, 16, 17, 18, 19, 20, 21, 22, 23, 24, 25, 26, 27, 28, 29, 30, 31, 32, 33, 34, 35, 36, 37, 38, 39, 40, 41, 42, 43, 44, 45, 46, 47, 48, 49, 50, 51, 52, 53, 54, 55, 56, 57, 58, 59, 60, 61, 62, 63, 64, 65, 66, 67, 68, 69, 70, 71, 72, 73, 74, 75, 76, 77, 78, 79, 80, 81, 82, 83, 84, 85, 86, 87, 88, 89, 90, 91, 92, 93, 94, 95, 96, 97, 98, 99, 100, 101, 102, 103, 104, 105, 106, 107, 108, 109, 110, 111]}]",HIGH_CONCERN,-42.46998979192996,-0.3767366104486412,"[{""formal_charge_e"": 4, ""site_indices"": [36, 38], ""species"": {""Zn"": 2}, ""z_A"": 0.0}, {""formal_charge_e"": -8, ""site_indices"": [0, 15, 22, 30], ""species"": {""S"": 4}, ""z_A"": 1.2870837714815728}, {""formal_charge_e"": 12, ""site_indices"": [43, 45, 49, 54], ""species"": {""In"": 4}, ""z_A"": 1.3271871809978109}, {""formal_charge_e"": -8, ""site_indices"": [4, 8, 18, 26], ""species"": {""S"": 4}, ""z_A"": 1.3672905905140453}, {""formal_charge_e"": 4, ""site_indices"": [32, 34], ""species"": {""Zn"": 2}, ""z_A"": 2.654374361995618}, {""formal_charge_e"": -8, ""site_indices"": [7, 9, 19, 28], ""species"": {""S"": 4}, ""z_A"": 3.941458452002065}, {""formal_charge_e"": 12, ""site_indices"": [41, 44, 47, 52], ""species"": {""In"": 4}, ""z_A"": 3.981561542993422}, {""formal_charge_e"": -8, ""site_indices"": [2, 13, 23, 25], ""species"": {""S"": 4}, ""z_A"": 4.021664633984786}, {""formal_charge_e"": 4, ""site_indices"": [37, 39], ""species"": {""Zn"": 2}, ""z_A"": 5.3087487239912345}, {""formal_charge_e"": -8, ""site_indices"": [1, 11, 14, 24], ""species"": {""S"": 4}, ""z_A"": 6.59583281399768}, {""formal_charge_e"": 12, ""site_indices"": [42, 46, 51, 53], ""species"": {""In"": 4}, ""z_A"": 6.635935904989038}, {""formal_charge_e"": -8, ""site_indices"": [5, 17, 20, 31], ""species"": {""S"": 4}, ""z_A"": 6.676038995980404}, {""formal_charge_e"": 4, ""site_indices"": [33, 35], ""species"": {""Zn"": 2}, ""z_A"": 7.963123085986846}, {""formal_charge_e"": -8, ""site_indices"": [6, 10, 21, 27], ""species"": {""S"": 4}, ""z_A"": 9.250206857468418}, {""formal_charge_e"": 12, ""site_indices"": [40, 48, 50, 55], ""species"": {""In"": 4}, ""z_A"": 9.290310266984653}, {""formal_charge_e"": -8, ""site_indices"": [3, 12, 16, 29], ""species"": {""S"": 4}, ""z_A"": 9.330413676500891}, {""formal_charge_e"": 4, ""site_indices"": [92, 94], ""species"": {""Zn"": 2}, ""z_A"": 10.617497447982467}, {""formal_charge_e"": -8, ""site_indices"": [56, 71, 78, 86], ""species"": {""S"": 4}, ""z_A"": 11.904581219464037}, {""formal_charge_e"": 12, ""site_indices"": [99, 101, 105, 110], ""species"": {""In"": 4}, ""z_A"": 11.944684628980271}, {""formal_charge_e"": -8, ""site_indices"": [60, 64, 74, 82], ""species"": {""S"": 4}, ""z_A"": 11.984788038496506}, {""formal_charge_e"": 4, ""site_indices"": [88, 90], ""species"": {""Zn"": 2}, ""z_A"": 13.271871809978082}, {""formal_charge_e"": -8, ""site_indices"": [63, 65, 75, 84], ""species"": {""S"": 4}, ""z_A"": 14.558955899984523}, {""formal_charge_e"": 12, ""site_indices"": [97, 100, 103, 108], ""species"": {""In"": 4}, ""z_A"": 14.599058990975882}, {""formal_charge_e"": -8, ""site_indices"": [58, 69, 79, 81], ""species"": {""S"": 4}, ""z_A"": 14.639162081967248}, {""formal_charge_e"": 4, ""site_indices"": [93, 95], ""species"": {""Zn"": 2}, ""z_A"": 15.926246171973697}, {""formal_charge_e"": -8, ""site_indices"": [57, 67, 70, 80], ""species"": {""S"": 4}, ""z_A"": 17.21333026198014}, {""formal_charge_e"": 12, ""site_indices"": [98, 102, 107, 109], ""species"": {""In"": 4}, ""z_A"": 17.2534333529715}, {""formal_charge_e"": -8, ""site_indices"": [61, 73, 76, 87], ""species"": {""S"": 4}, ""z_A"": 17.293536443962864}, {""formal_charge_e"": 4, ""site_indices"": [89, 91], ""species"": {""Zn"": 2}, ""z_A"": 18.58062053396931}, {""formal_charge_e"": -8, ""site_indices"": [62, 66, 77, 83], ""species"": {""S"": 4}, ""z_A"": 19.86770430545088}, {""formal_charge_e"": 12, ""site_indices"": [96, 104, 106, 111], ""species"": {""In"": 4}, ""z_A"": 19.907807714967113}, {""formal_charge_e"": -8, ""site_indices"": [59, 68, 72, 85], ""species"": {""S"": 4}, ""z_A"": 19.947911124483355}]","{""crossing_InS"": 8, ""crossing_ZnS"": 4, ""fractional_shift"": 0.1893885528210726, ""nearest_gap_width_A"": 1.2870837714815706, ""no_first_shell_bond_crosses"": false, ""oriented_bulk_planes"": [{""formal_charge_e"": 4, ""site_indices"": [33, 35], ""species"": {""Zn"": 2}, ""z_A"": 0.0}, {""formal_charge_e"": -8, ""site_indices"": [6, 10, 21, 27], ""species"": {""S"": 4}, ""z_A"": 1.2870837714815717}, {""formal_charge_e"": 12, ""site_indices"": [40, 48, 50, 55], ""species"": {""In"": 4}, ""z_A"": 1.3271871809978075}, {""formal_charge_e"": -8, ""site_indices"": [3, 12, 16, 29], ""species"": {""S"": 4}, ""z_A"": 1.3672905905140447}, {""formal_charge_e"": 4, ""site_indices"": [36, 38], ""species"": {""Zn"": 2}, ""z_A"": 2.654374361995615}, {""formal_charge_e"": -8, ""site_indices"": [0, 15, 22, 30], ""species"": {""S"": 4}, ""z_A"": 3.9414581334771874}, {""formal_charge_e"": 12, ""site_indices"": [43, 45, 49, 54], ""species"": {""In"": 4}, ""z_A"": 3.9815615429934232}, {""formal_charge_e"": -8, ""site_indices"": [4, 8, 18, 26], ""species"": {""S"": 4}, ""z_A"": 4.021664952509658}, {""formal_charge_e"": 4, ""site_indices"": [32, 34], ""species"": {""Zn"": 2}, ""z_A"": 5.30874872399123}, {""formal_charge_e"": -8, ""site_indices"": [7, 9, 19, 28], ""species"": {""S"": 4}, ""z_A"": 6.595832813997677}, {""formal_charge_e"": 12, ""site_indices"": [41, 44, 47, 52], ""species"": {""In"": 4}, ""z_A"": 6.635935904989037}, {""formal_charge_e"": -8, ""site_indices"": [2, 13, 23, 25], ""species"": {""S"": 4}, ""z_A"": 6.6760389959804}, {""formal_charge_e"": 4, ""site_indices"": [37, 39], ""species"": {""Zn"": 2}, ""z_A"": 7.9631230859868465}, {""formal_charge_e"": -8, ""site_indices"": [1, 11, 14, 24], ""species"": {""S"": 4}, ""z_A"": 9.250207175993292}, {""formal_charge_e"": 12, ""site_indices"": [42, 46, 51, 53], ""species"": {""In"": 4}, ""z_A"": 9.290310266984655}, {""formal_charge_e"": -8, ""site_indices"": [5, 17, 20, 31], ""species"": {""S"": 4}, ""z_A"": 9.330413357976017}]}",,spinel_001_t01,,DEFERRED,Equivalent slab-pair duplicate of spinel_001_t01; Uncompensated formal dipole exceeds bounded spinel gate; reconstruction/electronic compensation unresolved,Unrelaxed seed; vacuum/thickness not converged; no energy ranking.
spinel_001_t05,spinel,0,0,1,(001),t05,0.3106114471789274,vasp/wp2_surface_and_facet_screening/structure/bulk_parents/spinel/POSCAR,89fed03927ad1d221915383fbfd61927e9d16798c1f1597737508cc9fa19ab05,"{""final_lattice_A"": [[10.617497447982462, 0.0, 0.0], [0.0, 10.617497447982462, 0.0], [0.0, 0.0, 39.947911124483355]], ""inplane_wrap_integers"": [[0, 0], [0, 0], [0, 0], [0, 0], [0, 0], [0, 0], [0, 0], [0, 0], [0, 0], [0, 0], [0, 0], [0, 0], [0, 0], [0, 0], [0, 0], [0, 0], [0, 0], [0, 0], [0, 0], [0, 0], [0, 0], [0, 0], [0, 0], [0, 0], [0, 0], [0, 0], [0, 0], [0, 0], [0, 0], [0, 0], [0, 0], [0, 0], [0, 0], [0, 0], [0, 0], [0, 0], [0, 0], [0, 0], [0, 0], [0, 0], [0, 0], [0, 0], [0, 0], [0, 0], [0, 0], [0, 0], [0, 0], [0, 0], [0, 0], [0, 0], [0, 0], [0, 0], [0, 0], [0, 0], [0, 0], [0, 0], [0, 0], [0, 0], [0, 0], [0, 0], [0, 0], [0, 0], [0, 0], [0, 0], [0, 0], [0, 0], [0, 0], [0, 0], [0, 0], [0, 0], [0, 0], [0, 0], [0, 0], [0, 0], [0, 0], [0, 0], [0, 0], [0, 0], [0, 0], [0, 0], [0, 0], [0, 0], [0, 0], [0, 0], [0, 0], [0, 0], [0, 0], [0, 0], [0, 0], [0, 0], [0, 0], [0, 0], [0, 0], [0, 0], [0, 0], [0, 0], [0, 0], [0, 0], [0, 0], [0, 0], [0, 0], [0, 0], [0, 0], [0, 0], [0, 0], [0, 0], [0, 0], [0, 0], [0, 0], [0, 0], [0, 0], [0, 0]], ""literal_parent_basis_preserved"": false, ""normal_in_parent_cartesian"": [0.0, 0.0, 1.0], ""normal_sign_relative_to_hkl"": 1, ""oriented_repeat_count"": 2, ""oriented_unit_cell_lattice_A"": [[-10.617497447982462, 0.0, 0.0], [0.0, -10.617497447982462, 0.0], [0.0, 0.0, 10.617497447982462]], ""oriented_unit_cell_matrix"": [[-1, 0, 0], [0, -1, 0], [0, 0, 1]], ""parent_site_indices"": [0, 1, 2, 3, 4, 5, 6, 7, 8, 9, 10, 11, 12, 13, 14, 15, 16, 17, 18, 19, 20, 21, 22, 23, 24, 25, 26, 27, 28, 29, 30, 31, 32, 33, 34, 35, 36, 37, 38, 39, 40, 41, 42, 43, 44, 45, 46, 47, 48, 49, 50, 51, 52, 53, 54, 55, 0, 1, 2, 3, 4, 5, 6, 7, 8, 9, 10, 11, 12, 13, 14, 15, 16, 17, 18, 19, 20, 21, 22, 23, 24, 25, 26, 27, 28, 29, 30, 31, 32, 33, 34, 35, 36, 37, 38, 39, 40, 41, 42, 43, 44, 45, 46, 47, 48, 49, 50, 51, 52, 53, 54, 55], ""raw_lattice_A"": [[-10.617497447982462, 0.0, 0.0], [0.0, -10.617497447982462, 0.0], [0.0, 0.0, 42.46998979192985]], ""row_cartesian_rotation"": [[-1.0, 0.0, 0.0], [0.0, -1.0, 0.0], [0.0, 0.0, 1.0]], ""translation_z_A"": 9.356458114259214}",Zn16 In32 S64,112,16,True,0.0,39.947911124483355,19.947911124483355,20.0,112.73125205791409,spinel_001_t05_upper,spinel_001_t05_lower,False,2,4,4,"{""In"": 4, ""S"": 8, ""Zn"": 4}","[{""coordination"": [[""Zn"", 2], [""Zn"", 2]], ""depth_A"": 0.0, ""species"": {""Zn"": 2}}, {""coordination"": [[""S"", 3], [""S"", 3], [""S"", 3], [""S"", 3]], ""depth_A"": 1.28708, ""species"": {""S"": 4}}, {""coordination"": [[""In"", 5], [""In"", 5], [""In"", 5], [""In"", 5]], ""depth_A"": 1.32719, ""species"": {""In"": 4}}, {""coordination"": [[""S"", 4], [""S"", 4], [""S"", 4], [""S"", 4]], ""depth_A"": 1.36729, ""species"": {""S"": 4}}, {""coordination"": [[""Zn"", 4], [""Zn"", 4]], ""depth_A"": 2.65437, ""species"": {""Zn"": 2}}]",0,4,8,"{""In"": 8, ""S"": 16, ""Zn"": 2}","[{""coordination"": [[""S"", 3], [""S"", 3], [""S"", 3], [""S"", 3]], ""depth_A"": 0.0, ""species"": {""S"": 4}}, {""coordination"": [[""In"", 5], [""In"", 5], [""In"", 5], [""In"", 5]], ""depth_A"": 0.0401, ""species"": {""In"": 4}}, {""coordination"": [[""S"", 3], [""S"", 3], [""S"", 3], [""S"", 3]], ""depth_A"": 0.08021, ""species"": {""S"": 4}}, {""coordination"": [[""Zn"", 4], [""Zn"", 4]], ""depth_A"": 1.36729, ""species"": {""Zn"": 2}}, {""coordination"": [[""S"", 4], [""S"", 4], [""S"", 4], [""S"", 4]], ""depth_A"": 2.65437, ""species"": {""S"": 4}}, {""coordination"": [[""In"", 6], [""In"", 6], [""In"", 6], [""In"", 6]], ""depth_A"": 2.69448, ""species"": {""In"": 4}}, {""coordination"": [[""S"", 4], [""S"", 4], [""S"", 4], [""S"", 4]], ""depth_A"": 2.73458, ""species"": {""S"": 4}}]",4,8,2.368216219779907,CONNECTED,"[{""atom_count"": 112, ""composition"": {""In"": 32, ""S"": 64, ""Zn"": 16}, ""periodic_cycle_vectors"": [[-1, -1, 0], [-1, 0, 0], [-1, 1, 0], [0, -1, 0], [0, 1, 0], [1, -1, 0], [1, 0, 0], [1, 1, 0]], ""periodic_rank"": 2, ""site_indices"": [0, 1, 2, 3, 4, 5, 6, 7, 8, 9, 10, 11, 12, 13, 14, 15, 16, 17, 18, 19, 20, 21, 22, 23, 24, 25, 26, 27, 28, 29, 30, 31, 32, 33, 34, 35, 36, 37, 38, 39, 40, 41, 42, 43, 44, 45, 46, 47, 48, 49, 50, 51, 52, 53, 54, 55, 56, 57, 58, 59, 60, 61, 62, 63, 64, 65, 66, 67, 68, 69, 70, 71, 72, 73, 74, 75, 76, 77, 78, 79, 80, 81, 82, 83, 84, 85, 86, 87, 88, 89, 90, 91, 92, 93, 94, 95, 96, 97, 98, 99, 100, 101, 102, 103, 104, 105, 106, 107, 108, 109, 110, 111]}]",HIGH_CONCERN,42.46998979192995,0.37673661044864104,"[{""formal_charge_e"": -8, ""site_indices"": [0, 15, 22, 30], ""species"": {""S"": 4}, ""z_A"": 0.0}, {""formal_charge_e"": 12, ""site_indices"": [43, 45, 49, 54], ""species"": {""In"": 4}, ""z_A"": 0.04010340951623803}, {""formal_charge_e"": -8, ""site_indices"": [4, 8, 18, 26], ""species"": {""S"": 4}, ""z_A"": 0.08020681903247251}, {""formal_charge_e"": 4, ""site_indices"": [32, 34], ""species"": {""Zn"": 2}, ""z_A"": 1.3672905905140436}, {""formal_charge_e"": -8, ""site_indices"": [7, 9, 19, 28], ""species"": {""S"": 4}, ""z_A"": 2.6543746805204904}, {""formal_charge_e"": 12, ""site_indices"": [41, 44, 47, 52], ""species"": {""In"": 4}, ""z_A"": 2.694477771511851}, {""formal_charge_e"": -8, ""site_indices"": [2, 13, 23, 25], ""species"": {""S"": 4}, ""z_A"": 2.734580862503213}, {""formal_charge_e"": 4, ""site_indices"": [37, 39], ""species"": {""Zn"": 2}, ""z_A"": 4.02166495250966}, {""formal_charge_e"": -8, ""site_indices"": [1, 11, 14, 24], ""species"": {""S"": 4}, ""z_A"": 5.308749042516107}, {""formal_charge_e"": 12, ""site_indices"": [42, 46, 51, 53], ""species"": {""In"": 4}, ""z_A"": 5.348852133507467}, {""formal_charge_e"": -8, ""site_indices"": [5, 17, 20, 31], ""species"": {""S"": 4}, ""z_A"": 5.3889552244988295}, {""formal_charge_e"": 4, ""site_indices"": [33, 35], ""species"": {""Zn"": 2}, ""z_A"": 6.676039314505276}, {""formal_charge_e"": -8, ""site_indices"": [6, 10, 21, 27], ""species"": {""S"": 4}, ""z_A"": 7.963123085986846}, {""formal_charge_e"": 12, ""site_indices"": [40, 48, 50, 55], ""species"": {""In"": 4}, ""z_A"": 8.003226495503084}, {""formal_charge_e"": -8, ""site_indices"": [3, 12, 16, 29], ""species"": {""S"": 4}, ""z_A"": 8.043329905019322}, {""formal_charge_e"": 4, ""site_indices"": [36, 38], ""species"": {""Zn"": 2}, ""z_A"": 9.330413676500891}, {""formal_charge_e"": -8, ""site_indices"": [56, 71, 78, 86], ""species"": {""S"": 4}, ""z_A"": 10.617497447982464}, {""formal_charge_e"": 12, ""site_indices"": [99, 101, 105, 110], ""species"": {""In"": 4}, ""z_A"": 10.657600857498702}, {""formal_charge_e"": -8, ""site_indices"": [60, 64, 74, 82], ""species"": {""S"": 4}, ""z_A"": 10.697704267014936}, {""formal_charge_e"": 4, ""site_indices"": [88, 90], ""species"": {""Zn"": 2}, ""z_A"": 11.984788038496502}, {""formal_charge_e"": -8, ""site_indices"": [63, 65, 75, 84], ""species"": {""S"": 4}, ""z_A"": 13.27187212850295}, {""formal_charge_e"": 12, ""site_indices"": [97, 100, 103, 108], ""species"": {""In"": 4}, ""z_A"": 13.311975219494316}, {""formal_charge_e"": -8, ""site_indices"": [58, 69, 79, 81], ""species"": {""S"": 4}, ""z_A"": 13.352078310485675}, {""formal_charge_e"": 4, ""site_indices"": [93, 95], ""species"": {""Zn"": 2}, ""z_A"": 14.639162400492117}, {""formal_charge_e"": -8, ""site_indices"": [57, 67, 70, 80], ""species"": {""S"": 4}, ""z_A"": 15.926246490498565}, {""formal_charge_e"": 12, ""site_indices"": [98, 102, 107, 109], ""species"": {""In"": 4}, ""z_A"": 15.966349581489931}, {""formal_charge_e"": -8, ""site_indices"": [61, 73, 76, 87], ""species"": {""S"": 4}, ""z_A"": 16.006452672481288}, {""formal_charge_e"": 4, ""site_indices"": [89, 91], ""species"": {""Zn"": 2}, ""z_A"": 17.293536762487733}, {""formal_charge_e"": -8, ""site_indices"": [62, 66, 77, 83], ""species"": {""S"": 4}, ""z_A"": 18.58062053396931}, {""formal_charge_e"": 12, ""site_indices"": [96, 104, 106, 111], ""species"": {""In"": 4}, ""z_A"": 18.620723943485544}, {""formal_charge_e"": -8, ""site_indices"": [59, 68, 72, 85], ""species"": {""S"": 4}, ""z_A"": 18.66082735300178}, {""formal_charge_e"": 4, ""site_indices"": [92, 94], ""species"": {""Zn"": 2}, ""z_A"": 19.947911124483355}]","{""crossing_InS"": 8, ""crossing_ZnS"": 4, ""fractional_shift"": 0.3106114471789274, ""nearest_gap_width_A"": 1.2870837714815722, ""no_first_shell_bond_crosses"": false, ""oriented_bulk_planes"": [{""formal_charge_e"": 4, ""site_indices"": [33, 35], ""species"": {""Zn"": 2}, ""z_A"": 0.0}, {""formal_charge_e"": -8, ""site_indices"": [6, 10, 21, 27], ""species"": {""S"": 4}, ""z_A"": 1.2870837714815717}, {""formal_charge_e"": 12, ""site_indices"": [40, 48, 50, 55], ""species"": {""In"": 4}, ""z_A"": 1.3271871809978075}, {""formal_charge_e"": -8, ""site_indices"": [3, 12, 16, 29], ""species"": {""S"": 4}, ""z_A"": 1.3672905905140447}, {""formal_charge_e"": 4, ""site_indices"": [36, 38], ""species"": {""Zn"": 2}, ""z_A"": 2.654374361995615}, {""formal_charge_e"": -8, ""site_indices"": [0, 15, 22, 30], ""species"": {""S"": 4}, ""z_A"": 3.9414581334771874}, {""formal_charge_e"": 12, ""site_indices"": [43, 45, 49, 54], ""species"": {""In"": 4}, ""z_A"": 3.9815615429934232}, {""formal_charge_e"": -8, ""site_indices"": [4, 8, 18, 26], ""species"": {""S"": 4}, ""z_A"": 4.021664952509658}, {""formal_charge_e"": 4, ""site_indices"": [32, 34], ""species"": {""Zn"": 2}, ""z_A"": 5.30874872399123}, {""formal_charge_e"": -8, ""site_indices"": [7, 9, 19, 28], ""species"": {""S"": 4}, ""z_A"": 6.595832813997677}, {""formal_charge_e"": 12, ""site_indices"": [41, 44, 47, 52], ""species"": {""In"": 4}, ""z_A"": 6.635935904989037}, {""formal_charge_e"": -8, ""site_indices"": [2, 13, 23, 25], ""species"": {""S"": 4}, ""z_A"": 6.6760389959804}, {""formal_charge_e"": 4, ""site_indices"": [37, 39], ""species"": {""Zn"": 2}, ""z_A"": 7.9631230859868465}, {""formal_charge_e"": -8, ""site_indices"": [1, 11, 14, 24], ""species"": {""S"": 4}, ""z_A"": 9.250207175993292}, {""formal_charge_e"": 12, ""site_indices"": [42, 46, 51, 53], ""species"": {""In"": 4}, ""z_A"": 9.290310266984655}, {""formal_charge_e"": -8, ""site_indices"": [5, 17, 20, 31], ""species"": {""S"": 4}, ""z_A"": 9.330413357976017}]}",,spinel_001_t01,,DEFERRED,Equivalent slab-pair duplicate of spinel_001_t01; Uncompensated formal dipole exceeds bounded spinel gate; reconstruction/electronic compensation unresolved,Unrelaxed seed; vacuum/thickness not converged; no energy ranking.
spinel_001_t06,spinel,0,0,1,(001),t06,0.3731114471789274,vasp/wp2_surface_and_facet_screening/structure/bulk_parents/spinel/POSCAR,89fed03927ad1d221915383fbfd61927e9d16798c1f1597737508cc9fa19ab05,"{""final_lattice_A"": [[10.617497447982462, 0.0, 0.0], [0.0, 10.617497447982462, 0.0], [0.0, 0.0, 41.19489148644869]], ""inplane_wrap_integers"": [[0, 0], [0, 0], [0, 0], [0, 0], [0, 0], [0, 0], [0, 0], [0, 0], [0, 0], [0, 0], [0, 0], [0, 0], [0, 0], [0, 0], [0, 0], [0, 0], [0, 0], [0, 0], [0, 0], [0, 0], [0, 0], [0, 0], [0, 0], [0, 0], [0, 0], [0, 0], [0, 0], [0, 0], [0, 0], [0, 0], [0, 0], [0, 0], [0, 0], [0, 0], [0, 0], [0, 0], [0, 0], [0, 0], [0, 0], [0, 0], [0, 0], [0, 0], [0, 0], [0, 0], [0, 0], [0, 0], [0, 0], [0, 0], [0, 0], [0, 0], [0, 0], [0, 0], [0, 0], [0, 0], [0, 0], [0, 0], [0, 0], [0, 0], [0, 0], [0, 0], [0, 0], [0, 0], [0, 0], [0, 0], [0, 0], [0, 0], [0, 0], [0, 0], [0, 0], [0, 0], [0, 0], [0, 0], [0, 0], [0, 0], [0, 0], [0, 0], [0, 0], [0, 0], [0, 0], [0, 0], [0, 0], [0, 0], [0, 0], [0, 0], [0, 0], [0, 0], [0, 0], [0, 0], [0, 0], [0, 0], [0, 0], [0, 0], [0, 0], [0, 0], [0, 0], [0, 0], [0, 0], [0, 0], [0, 0], [0, 0], [0, 0], [0, 0], [0, 0], [0, 0], [0, 0], [0, 0], [0, 0], [0, 0], [0, 0], [0, 0], [0, 0], [0, 0]], ""literal_parent_basis_preserved"": false, ""normal_in_parent_cartesian"": [0.0, 0.0, 1.0], ""normal_sign_relative_to_hkl"": 1, ""oriented_repeat_count"": 2, ""oriented_unit_cell_lattice_A"": [[-10.617497447982462, 0.0, 0.0], [0.0, -10.617497447982462, 0.0], [0.0, 0.0, 10.617497447982462]], ""oriented_unit_cell_matrix"": [[-1, 0, 0], [0, -1, 0], [0, 0, 1]], ""parent_site_indices"": [0, 1, 2, 3, 4, 5, 6, 7, 8, 9, 10, 11, 12, 13, 14, 15, 16, 17, 18, 19, 20, 21, 22, 23, 24, 25, 26, 27, 28, 29, 30, 31, 32, 33, 34, 35, 36, 37, 38, 39, 40, 41, 42, 43, 44, 45, 46, 47, 48, 49, 50, 51, 52, 53, 54, 55, 0, 1, 2, 3, 4, 5, 6, 7, 8, 9, 10, 11, 12, 13, 14, 15, 16, 17, 18, 19, 20, 21, 22, 23, 24, 25, 26, 27, 28, 29, 30, 31, 32, 33, 34, 35, 36, 37, 38, 39, 40, 41, 42, 43, 44, 45, 46, 47, 48, 49, 50, 51, 52, 53, 54, 55], ""raw_lattice_A"": [[-10.617497447982462, 0.0, 0.0], [0.0, -10.617497447982462, 0.0], [0.0, 0.0, 42.46998979192985]], ""row_cartesian_rotation"": [[-1.0, 0.0, 0.0], [0.0, -1.0, 0.0], [0.0, 0.0, 1.0]], ""translation_z_A"": 9.979948295241881}",Zn16 In32 S64,112,16,True,0.0,41.19489148644869,21.19489148644869,20.0,112.73125205791409,spinel_001_t06_upper,spinel_001_t06_lower,False,2,0,8,"{""In"": 4, ""S"": 12, ""Zn"": 2}","[{""coordination"": [[""S"", 1], [""S"", 1], [""S"", 1], [""S"", 1]], ""depth_A"": 0.0, ""species"": {""S"": 4}}, {""coordination"": [[""Zn"", 2], [""Zn"", 2]], ""depth_A"": 1.28708, ""species"": {""Zn"": 2}}, {""coordination"": [[""S"", 3], [""S"", 3], [""S"", 3], [""S"", 3]], ""depth_A"": 2.57417, ""species"": {""S"": 4}}, {""coordination"": [[""In"", 6], [""In"", 6], [""In"", 6], [""In"", 6]], ""depth_A"": 2.61427, ""species"": {""In"": 4}}, {""coordination"": [[""S"", 4], [""S"", 4], [""S"", 4], [""S"", 4]], ""depth_A"": 2.65437, ""species"": {""S"": 4}}]",2,4,4,"{""In"": 8, ""S"": 12, ""Zn"": 2}","[{""coordination"": [[""In"", 3], [""In"", 3], [""In"", 3], [""In"", 3]], ""depth_A"": 0.0, ""species"": {""In"": 4}}, {""coordination"": [[""S"", 3], [""S"", 3], [""S"", 3], [""S"", 3]], ""depth_A"": 0.0401, ""species"": {""S"": 4}}, {""coordination"": [[""Zn"", 2], [""Zn"", 2]], ""depth_A"": 1.32719, ""species"": {""Zn"": 2}}, {""coordination"": [[""S"", 4], [""S"", 4], [""S"", 4], [""S"", 4]], ""depth_A"": 2.61427, ""species"": {""S"": 4}}, {""coordination"": [[""In"", 6], [""In"", 6], [""In"", 6], [""In"", 6]], ""depth_A"": 2.65437, ""species"": {""In"": 4}}, {""coordination"": [[""S"", 4], [""S"", 4], [""S"", 4], [""S"", 4]], ""depth_A"": 2.69448, ""species"": {""S"": 4}}]",8,12,2.3682162197799097,CONNECTED,"[{""atom_count"": 112, ""composition"": {""In"": 32, ""S"": 64, ""Zn"": 16}, ""periodic_cycle_vectors"": [[-1, -1, 0], [-1, 0, 0], [-1, 1, 0], [0, -1, 0], [0, 1, 0], [1, -1, 0], [1, 0, 0], [1, 1, 0]], ""periodic_rank"": 2, ""site_indices"": [0, 1, 2, 3, 4, 5, 6, 7, 8, 9, 10, 11, 12, 13, 14, 15, 16, 17, 18, 19, 20, 21, 22, 23, 24, 25, 26, 27, 28, 29, 30, 31, 32, 33, 34, 35, 36, 37, 38, 39, 40, 41, 42, 43, 44, 45, 46, 47, 48, 49, 50, 51, 52, 53, 54, 55, 56, 57, 58, 59, 60, 61, 62, 63, 64, 65, 66, 67, 68, 69, 70, 71, 72, 73, 74, 75, 76, 77, 78, 79, 80, 81, 82, 83, 84, 85, 86, 87, 88, 89, 90, 91, 92, 93, 94, 95, 96, 97, 98, 99, 100, 101, 102, 103, 104, 105, 106, 107, 108, 109, 110, 111]}]",HIGH_CONCERN,-127.40996937578944,-1.1302098313459197,"[{""formal_charge_e"": 12, ""site_indices"": [43, 45, 49, 54], ""species"": {""In"": 4}, ""z_A"": 0.0}, {""formal_charge_e"": -8, ""site_indices"": [4, 8, 18, 26], ""species"": {""S"": 4}, ""z_A"": 0.04010340951623448}, {""formal_charge_e"": 4, ""site_indices"": [32, 34], ""species"": {""Zn"": 2}, ""z_A"": 1.3271871809978073}, {""formal_charge_e"": -8, ""site_indices"": [7, 9, 19, 28], ""species"": {""S"": 4}, ""z_A"": 2.6142712710042524}, {""formal_charge_e"": 12, ""site_indices"": [41, 44, 47, 52], ""species"": {""In"": 4}, ""z_A"": 2.6543743619956146}, {""formal_charge_e"": -8, ""site_indices"": [2, 13, 23, 25], ""species"": {""S"": 4}, ""z_A"": 2.694477452986977}, {""formal_charge_e"": 4, ""site_indices"": [37, 39], ""species"": {""Zn"": 2}, ""z_A"": 3.9815615429934237}, {""formal_charge_e"": -8, ""site_indices"": [1, 11, 14, 24], ""species"": {""S"": 4}, ""z_A"": 5.268645632999867}, {""formal_charge_e"": 12, ""site_indices"": [42, 46, 51, 53], ""species"": {""In"": 4}, ""z_A"": 5.308748723991229}, {""formal_charge_e"": -8, ""site_indices"": [5, 17, 20, 31], ""species"": {""S"": 4}, ""z_A"": 5.348851814982591}, {""formal_charge_e"": 4, ""site_indices"": [33, 35], ""species"": {""Zn"": 2}, ""z_A"": 6.63593590498904}, {""formal_charge_e"": -8, ""site_indices"": [6, 10, 21, 27], ""species"": {""S"": 4}, ""z_A"": 7.923019676470609}, {""formal_charge_e"": 12, ""site_indices"": [40, 48, 50, 55], ""species"": {""In"": 4}, ""z_A"": 7.963123085986844}, {""formal_charge_e"": -8, ""site_indices"": [3, 12, 16, 29], ""species"": {""S"": 4}, ""z_A"": 8.003226495503082}, {""formal_charge_e"": 4, ""site_indices"": [36, 38], ""species"": {""Zn"": 2}, ""z_A"": 9.290310266984655}, {""formal_charge_e"": -8, ""site_indices"": [0, 15, 22, 30], ""species"": {""S"": 4}, ""z_A"": 10.577394038466224}, {""formal_charge_e"": 12, ""site_indices"": [99, 101, 105, 110], ""species"": {""In"": 4}, ""z_A"": 10.617497447982462}, {""formal_charge_e"": -8, ""site_indices"": [60, 64, 74, 82], ""species"": {""S"": 4}, ""z_A"": 10.6576008574987}, {""formal_charge_e"": 4, ""site_indices"": [88, 90], ""species"": {""Zn"": 2}, ""z_A"": 11.944684628980266}, {""formal_charge_e"": -8, ""site_indices"": [63, 65, 75, 84], ""species"": {""S"": 4}, ""z_A"": 13.231768718986714}, {""formal_charge_e"": 12, ""site_indices"": [97, 100, 103, 108], ""species"": {""In"": 4}, ""z_A"": 13.271871809978077}, {""formal_charge_e"": -8, ""site_indices"": [58, 69, 79, 81], ""species"": {""S"": 4}, ""z_A"": 13.311974900969439}, {""formal_charge_e"": 4, ""site_indices"": [93, 95], ""species"": {""Zn"": 2}, ""z_A"": 14.599058990975884}, {""formal_charge_e"": -8, ""site_indices"": [57, 67, 70, 80], ""species"": {""S"": 4}, ""z_A"": 15.886143080982325}, {""formal_charge_e"": 12, ""site_indices"": [98, 102, 107, 109], ""species"": {""In"": 4}, ""z_A"": 15.926246171973695}, {""formal_charge_e"": -8, ""site_indices"": [61, 73, 76, 87], ""species"": {""S"": 4}, ""z_A"": 15.966349262965053}, {""formal_charge_e"": 4, ""site_indices"": [89, 91], ""species"": {""Zn"": 2}, ""z_A"": 17.2534333529715}, {""formal_charge_e"": -8, ""site_indices"": [62, 66, 77, 83], ""species"": {""S"": 4}, ""z_A"": 18.540517124453068}, {""formal_charge_e"": 12, ""site_indices"": [96, 104, 106, 111], ""species"": {""In"": 4}, ""z_A"": 18.58062053396931}, {""formal_charge_e"": -8, ""site_indices"": [59, 68, 72, 85], ""species"": {""S"": 4}, ""z_A"": 18.620723943485544}, {""formal_charge_e"": 4, ""site_indices"": [92, 94], ""species"": {""Zn"": 2}, ""z_A"": 19.907807714967113}, {""formal_charge_e"": -8, ""site_indices"": [56, 71, 78, 86], ""species"": {""S"": 4}, ""z_A"": 21.19489148644869}]","{""crossing_InS"": 12, ""crossing_ZnS"": 8, ""fractional_shift"": 0.3731114471789274, ""nearest_gap_width_A"": 0.04010340951623594, ""no_first_shell_bond_crosses"": false, ""oriented_bulk_planes"": [{""formal_charge_e"": 4, ""site_indices"": [33, 35], ""species"": {""Zn"": 2}, ""z_A"": 0.0}, {""formal_charge_e"": -8, ""site_indices"": [6, 10, 21, 27], ""species"": {""S"": 4}, ""z_A"": 1.2870837714815717}, {""formal_charge_e"": 12, ""site_indices"": [40, 48, 50, 55], ""species"": {""In"": 4}, ""z_A"": 1.3271871809978075}, {""formal_charge_e"": -8, ""site_indices"": [3, 12, 16, 29], ""species"": {""S"": 4}, ""z_A"": 1.3672905905140447}, {""formal_charge_e"": 4, ""site_indices"": [36, 38], ""species"": {""Zn"": 2}, ""z_A"": 2.654374361995615}, {""formal_charge_e"": -8, ""site_indices"": [0, 15, 22, 30], ""species"": {""S"": 4}, ""z_A"": 3.9414581334771874}, {""formal_charge_e"": 12, ""site_indices"": [43, 45, 49, 54], ""species"": {""In"": 4}, ""z_A"": 3.9815615429934232}, {""formal_charge_e"": -8, ""site_indices"": [4, 8, 18, 26], ""species"": {""S"": 4}, ""z_A"": 4.021664952509658}, {""formal_charge_e"": 4, ""site_indices"": [32, 34], ""species"": {""Zn"": 2}, ""z_A"": 5.30874872399123}, {""formal_charge_e"": -8, ""site_indices"": [7, 9, 19, 28], ""species"": {""S"": 4}, ""z_A"": 6.595832813997677}, {""formal_charge_e"": 12, ""site_indices"": [41, 44, 47, 52], ""species"": {""In"": 4}, ""z_A"": 6.635935904989037}, {""formal_charge_e"": -8, ""site_indices"": [2, 13, 23, 25], ""species"": {""S"": 4}, ""z_A"": 6.6760389959804}, {""formal_charge_e"": 4, ""site_indices"": [37, 39], ""species"": {""Zn"": 2}, ""z_A"": 7.9631230859868465}, {""formal_charge_e"": -8, ""site_indices"": [1, 11, 14, 24], ""species"": {""S"": 4}, ""z_A"": 9.250207175993292}, {""formal_charge_e"": 12, ""site_indices"": [42, 46, 51, 53], ""species"": {""In"": 4}, ""z_A"": 9.290310266984655}, {""formal_charge_e"": -8, ""site_indices"": [5, 17, 20, 31], ""species"": {""S"": 4}, ""z_A"": 9.330413357976017}]}",,spinel_001_t02,,DEFERRED,Equivalent slab-pair duplicate of spinel_001_t02; Uncompensated formal dipole exceeds bounded spinel gate; reconstruction/electronic compensation unresolved,Unrelaxed seed; vacuum/thickness not converged; no energy ranking.
spinel_001_t07,spinel,0,0,1,(001),t07,0.3768885528210725,vasp/wp2_surface_and_facet_screening/structure/bulk_parents/spinel/POSCAR,89fed03927ad1d221915383fbfd61927e9d16798c1f1597737508cc9fa19ab05,"{""final_lattice_A"": [[10.617497447982462, 0.0, 0.0], [0.0, 10.617497447982462, 0.0], [0.0, 0.0, 41.19489148644869]], ""inplane_wrap_integers"": [[0, 0], [0, 0], [0, 0], [0, 0], [0, 0], [0, 0], [0, 0], [0, 0], [0, 0], [0, 0], [0, 0], [0, 0], [0, 0], [0, 0], [0, 0], [0, 0], [0, 0], [0, 0], [0, 0], [0, 0], [0, 0], [0, 0], [0, 0], [0, 0], [0, 0], [0, 0], [0, 0], [0, 0], [0, 0], [0, 0], [0, 0], [0, 0], [0, 0], [0, 0], [0, 0], [0, 0], [0, 0], [0, 0], [0, 0], [0, 0], [0, 0], [0, 0], [0, 0], [0, 0], [0, 0], [0, 0], [0, 0], [0, 0], [0, 0], [0, 0], [0, 0], [0, 0], [0, 0], [0, 0], [0, 0], [0, 0], [0, 0], [0, 0], [0, 0], [0, 0], [0, 0], [0, 0], [0, 0], [0, 0], [0, 0], [0, 0], [0, 0], [0, 0], [0, 0], [0, 0], [0, 0], [0, 0], [0, 0], [0, 0], [0, 0], [0, 0], [0, 0], [0, 0], [0, 0], [0, 0], [0, 0], [0, 0], [0, 0], [0, 0], [0, 0], [0, 0], [0, 0], [0, 0], [0, 0], [0, 0], [0, 0], [0, 0], [0, 0], [0, 0], [0, 0], [0, 0], [0, 0], [0, 0], [0, 0], [0, 0], [0, 0], [0, 0], [0, 0], [0, 0], [0, 0], [0, 0], [0, 0], [0, 0], [0, 0], [0, 0], [0, 0], [0, 0]], ""literal_parent_basis_preserved"": false, ""normal_in_parent_cartesian"": [0.0, 0.0, 1.0], ""normal_sign_relative_to_hkl"": 1, ""oriented_repeat_count"": 2, ""oriented_unit_cell_lattice_A"": [[-10.617497447982462, 0.0, 0.0], [0.0, -10.617497447982462, 0.0], [0.0, 0.0, 10.617497447982462]], ""oriented_unit_cell_matrix"": [[-1, 0, 0], [0, -1, 0], [0, 0, 1]], ""parent_site_indices"": [0, 1, 2, 3, 4, 5, 6, 7, 8, 9, 10, 11, 12, 13, 14, 15, 16, 17, 18, 19, 20, 21, 22, 23, 24, 25, 26, 27, 28, 29, 30, 31, 32, 33, 34, 35, 36, 37, 38, 39, 40, 41, 42, 43, 44, 45, 46, 47, 48, 49, 50, 51, 52, 53, 54, 55, 0, 1, 2, 3, 4, 5, 6, 7, 8, 9, 10, 11, 12, 13, 14, 15, 16, 17, 18, 19, 20, 21, 22, 23, 24, 25, 26, 27, 28, 29, 30, 31, 32, 33, 34, 35, 36, 37, 38, 39, 40, 41, 42, 43, 44, 45, 46, 47, 48, 49, 50, 51, 52, 53, 54, 55], ""raw_lattice_A"": [[-10.617497447982462, 0.0, 0.0], [0.0, -10.617497447982462, 0.0], [0.0, 0.0, 42.46998979192985]], ""row_cartesian_rotation"": [[-1.0, 0.0, 0.0], [0.0, -1.0, 0.0], [0.0, 0.0, 1.0]], ""translation_z_A"": 9.979948295241881}",Zn16 In32 S64,112,16,True,0.0,41.19489148644869,21.19489148644869,20.0,112.73125205791409,spinel_001_t07_upper,spinel_001_t07_lower,False,2,4,4,"{""In"": 8, ""S"": 12, ""Zn"": 2}","[{""coordination"": [[""In"", 3], [""In"", 3], [""In"", 3], [""In"", 3]], ""depth_A"": 0.0, ""species"": {""In"": 4}}, {""coordination"": [[""S"", 3], [""S"", 3], [""S"", 3], [""S"", 3]], ""depth_A"": 0.0401, ""species"": {""S"": 4}}, {""coordination"": [[""Zn"", 2], [""Zn"", 2]], ""depth_A"": 1.32719, ""species"": {""Zn"": 2}}, {""coordination"": [[""S"", 4], [""S"", 4], [""S"", 4], [""S"", 4]], ""depth_A"": 2.61427, ""species"": {""S"": 4}}, {""coordination"": [[""In"", 6], [""In"", 6], [""In"", 6], [""In"", 6]], ""depth_A"": 2.65437, ""species"": {""In"": 4}}, {""coordination"": [[""S"", 4], [""S"", 4], [""S"", 4], [""S"", 4]], ""depth_A"": 2.69448, ""species"": {""S"": 4}}]",2,0,8,"{""In"": 4, ""S"": 12, ""Zn"": 2}","[{""coordination"": [[""S"", 1], [""S"", 1], [""S"", 1], [""S"", 1]], ""depth_A"": 0.0, ""species"": {""S"": 4}}, {""coordination"": [[""Zn"", 2], [""Zn"", 2]], ""depth_A"": 1.28708, ""species"": {""Zn"": 2}}, {""coordination"": [[""S"", 3], [""S"", 3], [""S"", 3], [""S"", 3]], ""depth_A"": 2.57417, ""species"": {""S"": 4}}, {""coordination"": [[""In"", 6], [""In"", 6], [""In"", 6], [""In"", 6]], ""depth_A"": 2.61427, ""species"": {""In"": 4}}, {""coordination"": [[""S"", 4], [""S"", 4], [""S"", 4], [""S"", 4]], ""depth_A"": 2.65437, ""species"": {""S"": 4}}]",8,12,2.3682162197799093,CONNECTED,"[{""atom_count"": 112, ""composition"": {""In"": 32, ""S"": 64, ""Zn"": 16}, ""periodic_cycle_vectors"": [[-1, -1, 0], [-1, 0, 0], [-1, 1, 0], [0, -1, 0], [0, 1, 0], [1, -1, 0], [1, 0, 0], [1, 1, 0]], ""periodic_rank"": 2, ""site_indices"": [0, 1, 2, 3, 4, 5, 6, 7, 8, 9, 10, 11, 12, 13, 14, 15, 16, 17, 18, 19, 20, 21, 22, 23, 24, 25, 26, 27, 28, 29, 30, 31, 32, 33, 34, 35, 36, 37, 38, 39, 40, 41, 42, 43, 44, 45, 46, 47, 48, 49, 50, 51, 52, 53, 54, 55, 56, 57, 58, 59, 60, 61, 62, 63, 64, 65, 66, 67, 68, 69, 70, 71, 72, 73, 74, 75, 76, 77, 78, 79, 80, 81, 82, 83, 84, 85, 86, 87, 88, 89, 90, 91, 92, 93, 94, 95, 96, 97, 98, 99, 100, 101, 102, 103, 104, 105, 106, 107, 108, 109, 110, 111]}]",HIGH_CONCERN,127.40996937578925,1.130209831345918,"[{""formal_charge_e"": -8, ""site_indices"": [4, 8, 18, 26], ""species"": {""S"": 4}, ""z_A"": 0.0}, {""formal_charge_e"": 4, ""site_indices"": [32, 34], ""species"": {""Zn"": 2}, ""z_A"": 1.287083771481571}, {""formal_charge_e"": -8, ""site_indices"": [7, 9, 19, 28], ""species"": {""S"": 4}, ""z_A"": 2.574167861488018}, {""formal_charge_e"": 12, ""site_indices"": [41, 44, 47, 52], ""species"": {""In"": 4}, ""z_A"": 2.6142709524793784}, {""formal_charge_e"": -8, ""site_indices"": [2, 13, 23, 25], ""species"": {""S"": 4}, ""z_A"": 2.6543740434707406}, {""formal_charge_e"": 4, ""site_indices"": [37, 39], ""species"": {""Zn"": 2}, ""z_A"": 3.9414581334771874}, {""formal_charge_e"": -8, ""site_indices"": [1, 11, 14, 24], ""species"": {""S"": 4}, ""z_A"": 5.2285422234836325}, {""formal_charge_e"": 12, ""site_indices"": [42, 46, 51, 53], ""species"": {""In"": 4}, ""z_A"": 5.268645314474995}, {""formal_charge_e"": -8, ""site_indices"": [5, 17, 20, 31], ""species"": {""S"": 4}, ""z_A"": 5.308748405466359}, {""formal_charge_e"": 4, ""site_indices"": [33, 35], ""species"": {""Zn"": 2}, ""z_A"": 6.595832495472802}, {""formal_charge_e"": -8, ""site_indices"": [6, 10, 21, 27], ""species"": {""S"": 4}, ""z_A"": 7.882916266954375}, {""formal_charge_e"": 12, ""site_indices"": [40, 48, 50, 55], ""species"": {""In"": 4}, ""z_A"": 7.923019676470609}, {""formal_charge_e"": -8, ""site_indices"": [3, 12, 16, 29], ""species"": {""S"": 4}, ""z_A"": 7.963123085986847}, {""formal_charge_e"": 4, ""site_indices"": [36, 38], ""species"": {""Zn"": 2}, ""z_A"": 9.25020685746842}, {""formal_charge_e"": -8, ""site_indices"": [0, 15, 22, 30], ""species"": {""S"": 4}, ""z_A"": 10.53729062894999}, {""formal_charge_e"": 12, ""site_indices"": [43, 45, 49, 54], ""species"": {""In"": 4}, ""z_A"": 10.577394038466224}, {""formal_charge_e"": -8, ""site_indices"": [60, 64, 74, 82], ""species"": {""S"": 4}, ""z_A"": 10.617497447982462}, {""formal_charge_e"": 4, ""site_indices"": [88, 90], ""species"": {""Zn"": 2}, ""z_A"": 11.904581219464035}, {""formal_charge_e"": -8, ""site_indices"": [63, 65, 75, 84], ""species"": {""S"": 4}, ""z_A"": 13.19166530947048}, {""formal_charge_e"": 12, ""site_indices"": [97, 100, 103, 108], ""species"": {""In"": 4}, ""z_A"": 13.231768400461839}, {""formal_charge_e"": -8, ""site_indices"": [58, 69, 79, 81], ""species"": {""S"": 4}, ""z_A"": 13.271871491453204}, {""formal_charge_e"": 4, ""site_indices"": [93, 95], ""species"": {""Zn"": 2}, ""z_A"": 14.558955581459646}, {""formal_charge_e"": -8, ""site_indices"": [57, 67, 70, 80], ""species"": {""S"": 4}, ""z_A"": 15.846039671466094}, {""formal_charge_e"": 12, ""site_indices"": [98, 102, 107, 109], ""species"": {""In"": 4}, ""z_A"": 15.88614276245745}, {""formal_charge_e"": -8, ""site_indices"": [61, 73, 76, 87], ""species"": {""S"": 4}, ""z_A"": 15.926245853448819}, {""formal_charge_e"": 4, ""site_indices"": [89, 91], ""species"": {""Zn"": 2}, ""z_A"": 17.213329943455264}, {""formal_charge_e"": -8, ""site_indices"": [62, 66, 77, 83], ""species"": {""S"": 4}, ""z_A"": 18.50041371493684}, {""formal_charge_e"": 12, ""site_indices"": [96, 104, 106, 111], ""species"": {""In"": 4}, ""z_A"": 18.540517124453068}, {""formal_charge_e"": -8, ""site_indices"": [59, 68, 72, 85], ""species"": {""S"": 4}, ""z_A"": 18.58062053396931}, {""formal_charge_e"": 4, ""site_indices"": [92, 94], ""species"": {""Zn"": 2}, ""z_A"": 19.86770430545088}, {""formal_charge_e"": -8, ""site_indices"": [56, 71, 78, 86], ""species"": {""S"": 4}, ""z_A"": 21.15478807693246}, {""formal_charge_e"": 12, ""site_indices"": [99, 101, 105, 110], ""species"": {""In"": 4}, ""z_A"": 21.19489148644869}]","{""crossing_InS"": 12, ""crossing_ZnS"": 8, ""fractional_shift"": 0.3768885528210725, ""nearest_gap_width_A"": 0.04010340951623535, ""no_first_shell_bond_crosses"": false, ""oriented_bulk_planes"": [{""formal_charge_e"": 4, ""site_indices"": [33, 35], ""species"": {""Zn"": 2}, ""z_A"": 0.0}, {""formal_charge_e"": -8, ""site_indices"": [6, 10, 21, 27], ""species"": {""S"": 4}, ""z_A"": 1.2870837714815717}, {""formal_charge_e"": 12, ""site_indices"": [40, 48, 50, 55], ""species"": {""In"": 4}, ""z_A"": 1.3271871809978075}, {""formal_charge_e"": -8, ""site_indices"": [3, 12, 16, 29], ""species"": {""S"": 4}, ""z_A"": 1.3672905905140447}, {""formal_charge_e"": 4, ""site_indices"": [36, 38], ""species"": {""Zn"": 2}, ""z_A"": 2.654374361995615}, {""formal_charge_e"": -8, ""site_indices"": [0, 15, 22, 30], ""species"": {""S"": 4}, ""z_A"": 3.9414581334771874}, {""formal_charge_e"": 12, ""site_indices"": [43, 45, 49, 54], ""species"": {""In"": 4}, ""z_A"": 3.9815615429934232}, {""formal_charge_e"": -8, ""site_indices"": [4, 8, 18, 26], ""species"": {""S"": 4}, ""z_A"": 4.021664952509658}, {""formal_charge_e"": 4, ""site_indices"": [32, 34], ""species"": {""Zn"": 2}, ""z_A"": 5.30874872399123}, {""formal_charge_e"": -8, ""site_indices"": [7, 9, 19, 28], ""species"": {""S"": 4}, ""z_A"": 6.595832813997677}, {""formal_charge_e"": 12, ""site_indices"": [41, 44, 47, 52], ""species"": {""In"": 4}, ""z_A"": 6.635935904989037}, {""formal_charge_e"": -8, ""site_indices"": [2, 13, 23, 25], ""species"": {""S"": 4}, ""z_A"": 6.6760389959804}, {""formal_charge_e"": 4, ""site_indices"": [37, 39], ""species"": {""Zn"": 2}, ""z_A"": 7.9631230859868465}, {""formal_charge_e"": -8, ""site_indices"": [1, 11, 14, 24], ""species"": {""S"": 4}, ""z_A"": 9.250207175993292}, {""formal_charge_e"": 12, ""site_indices"": [42, 46, 51, 53], ""species"": {""In"": 4}, ""z_A"": 9.290310266984655}, {""formal_charge_e"": -8, ""site_indices"": [5, 17, 20, 31], ""species"": {""S"": 4}, ""z_A"": 9.330413357976017}]}",,spinel_001_t02,,DEFERRED,Equivalent slab-pair duplicate of spinel_001_t02; Uncompensated formal dipole exceeds bounded spinel gate; reconstruction/electronic compensation unresolved,Unrelaxed seed; vacuum/thickness not converged; no energy ranking.
spinel_001_t08,spinel,0,0,1,(001),t08,0.4393885528210725,vasp/wp2_surface_and_facet_screening/structure/bulk_parents/spinel/POSCAR,89fed03927ad1d221915383fbfd61927e9d16798c1f1597737508cc9fa19ab05,"{""final_lattice_A"": [[10.617497447982462, 0.0, 0.0], [0.0, 10.617497447982462, 0.0], [0.0, 0.0, 39.947911124483355]], ""inplane_wrap_integers"": [[0, 0], [0, 0], [0, 0], [0, 0], [0, 0], [0, 0], [0, 0], [0, 0], [0, 0], [0, 0], [0, 0], [0, 0], [0, 0], [0, 0], [0, 0], [0, 0], [0, 0], [0, 0], [0, 0], [0, 0], [0, 0], [0, 0], [0, 0], [0, 0], [0, 0], [0, 0], [0, 0], [0, 0], [0, 0], [0, 0], [0, 0], [0, 0], [0, 0], [0, 0], [0, 0], [0, 0], [0, 0], [0, 0], [0, 0], [0, 0], [0, 0], [0, 0], [0, 0], [0, 0], [0, 0], [0, 0], [0, 0], [0, 0], [0, 0], [0, 0], [0, 0], [0, 0], [0, 0], [0, 0], [0, 0], [0, 0], [0, 0], [0, 0], [0, 0], [0, 0], [0, 0], [0, 0], [0, 0], [0, 0], [0, 0], [0, 0], [0, 0], [0, 0], [0, 0], [0, 0], [0, 0], [0, 0], [0, 0], [0, 0], [0, 0], [0, 0], [0, 0], [0, 0], [0, 0], [0, 0], [0, 0], [0, 0], [0, 0], [0, 0], [0, 0], [0, 0], [0, 0], [0, 0], [0, 0], [0, 0], [0, 0], [0, 0], [0, 0], [0, 0], [0, 0], [0, 0], [0, 0], [0, 0], [0, 0], [0, 0], [0, 0], [0, 0], [0, 0], [0, 0], [0, 0], [0, 0], [0, 0], [0, 0], [0, 0], [0, 0], [0, 0], [0, 0]], ""literal_parent_basis_preserved"": false, ""normal_in_parent_cartesian"": [0.0, 0.0, 1.0], ""normal_sign_relative_to_hkl"": 1, ""oriented_repeat_count"": 2, ""oriented_unit_cell_lattice_A"": [[-10.617497447982462, 0.0, 0.0], [0.0, -10.617497447982462, 0.0], [0.0, 0.0, 10.617497447982462]], ""oriented_unit_cell_matrix"": [[-1, 0, 0], [0, -1, 0], [0, 0, 1]], ""parent_site_indices"": [0, 1, 2, 3, 4, 5, 6, 7, 8, 9, 10, 11, 12, 13, 14, 15, 16, 17, 18, 19, 20, 21, 22, 23, 24, 25, 26, 27, 28, 29, 30, 31, 32, 33, 34, 35, 36, 37, 38, 39, 40, 41, 42, 43, 44, 45, 46, 47, 48, 49, 50, 51, 52, 53, 54, 55, 0, 1, 2, 3, 4, 5, 6, 7, 8, 9, 10, 11, 12, 13, 14, 15, 16, 17, 18, 19, 20, 21, 22, 23, 24, 25, 26, 27, 28, 29, 30, 31, 32, 33, 34, 35, 36, 37, 38, 39, 40, 41, 42, 43, 44, 45, 46, 47, 48, 49, 50, 51, 52, 53, 54, 55], ""raw_lattice_A"": [[-10.617497447982462, 0.0, 0.0], [0.0, -10.617497447982462, 0.0], [0.0, 0.0, 42.46998979192985]], ""row_cartesian_rotation"": [[-1.0, 0.0, 0.0], [0.0, -1.0, 0.0], [0.0, 0.0, 1.0]], ""translation_z_A"": 9.356458114259214}",Zn16 In32 S64,112,16,True,0.0,39.947911124483355,19.947911124483355,20.0,112.73125205791409,spinel_001_t08_upper,spinel_001_t08_lower,False,0,4,8,"{""In"": 8, ""S"": 16, ""Zn"": 2}","[{""coordination"": [[""S"", 3], [""S"", 3], [""S"", 3], [""S"", 3]], ""depth_A"": 0.0, ""species"": {""S"": 4}}, {""coordination"": [[""In"", 5], [""In"", 5], [""In"", 5], [""In"", 5]], ""depth_A"": 0.0401, ""species"": {""In"": 4}}, {""coordination"": [[""S"", 3], [""S"", 3], [""S"", 3], [""S"", 3]], ""depth_A"": 0.08021, ""species"": {""S"": 4}}, {""coordination"": [[""Zn"", 4], [""Zn"", 4]], ""depth_A"": 1.36729, ""species"": {""Zn"": 2}}, {""coordination"": [[""S"", 4], [""S"", 4], [""S"", 4], [""S"", 4]], ""depth_A"": 2.65437, ""species"": {""S"": 4}}, {""coordination"": [[""In"", 6], [""In"", 6], [""In"", 6], [""In"", 6]], ""depth_A"": 2.69448, ""species"": {""In"": 4}}, {""coordination"": [[""S"", 4], [""S"", 4], [""S"", 4], [""S"", 4]], ""depth_A"": 2.73458, ""species"": {""S"": 4}}]",2,4,4,"{""In"": 4, ""S"": 8, ""Zn"": 4}","[{""coordination"": [[""Zn"", 2], [""Zn"", 2]], ""depth_A"": 0.0, ""species"": {""Zn"": 2}}, {""coordination"": [[""S"", 3], [""S"", 3], [""S"", 3], [""S"", 3]], ""depth_A"": 1.28708, ""species"": {""S"": 4}}, {""coordination"": [[""In"", 5], [""In"", 5], [""In"", 5], [""In"", 5]], ""depth_A"": 1.32719, ""species"": {""In"": 4}}, {""coordination"": [[""S"", 4], [""S"", 4], [""S"", 4], [""S"", 4]], ""depth_A"": 1.36729, ""species"": {""S"": 4}}, {""coordination"": [[""Zn"", 4], [""Zn"", 4]], ""depth_A"": 2.65437, ""species"": {""Zn"": 2}}]",4,8,2.368216219779907,CONNECTED,"[{""atom_count"": 112, ""composition"": {""In"": 32, ""S"": 64, ""Zn"": 16}, ""periodic_cycle_vectors"": [[-1, -1, 0], [-1, 0, 0], [-1, 1, 0], [0, -1, 0], [0, 1, 0], [1, -1, 0], [1, 0, 0], [1, 1, 0]], ""periodic_rank"": 2, ""site_indices"": [0, 1, 2, 3, 4, 5, 6, 7, 8, 9, 10, 11, 12, 13, 14, 15, 16, 17, 18, 19, 20, 21, 22, 23, 24, 25, 26, 27, 28, 29, 30, 31, 32, 33, 34, 35, 36, 37, 38, 39, 40, 41, 42, 43, 44, 45, 46, 47, 48, 49, 50, 51, 52, 53, 54, 55, 56, 57, 58, 59, 60, 61, 62, 63, 64, 65, 66, 67, 68, 69, 70, 71, 72, 73, 74, 75, 76, 77, 78, 79, 80, 81, 82, 83, 84, 85, 86, 87, 88, 89, 90, 91, 92, 93, 94, 95, 96, 97, 98, 99, 100, 101, 102, 103, 104, 105, 106, 107, 108, 109, 110, 111]}]",HIGH_CONCERN,-42.46998979192995,-0.37673661044864104,"[{""formal_charge_e"": 4, ""site_indices"": [32, 34], ""species"": {""Zn"": 2}, ""z_A"": 0.0}, {""formal_charge_e"": -8, ""site_indices"": [7, 9, 19, 28], ""species"": {""S"": 4}, ""z_A"": 1.287084090006445}, {""formal_charge_e"": 12, ""site_indices"": [41, 44, 47, 52], ""species"": {""In"": 4}, ""z_A"": 1.3271871809978073}, {""formal_charge_e"": -8, ""site_indices"": [2, 13, 23, 25], ""species"": {""S"": 4}, ""z_A"": 1.3672902719891713}, {""formal_charge_e"": 4, ""site_indices"": [37, 39], ""species"": {""Zn"": 2}, ""z_A"": 2.654374361995618}, {""formal_charge_e"": -8, ""site_indices"": [1, 11, 14, 24], ""species"": {""S"": 4}, ""z_A"": 3.9414584520020632}, {""formal_charge_e"": 12, ""site_indices"": [42, 46, 51, 53], ""species"": {""In"": 4}, ""z_A"": 3.9815615429934255}, {""formal_charge_e"": -8, ""site_indices"": [5, 17, 20, 31], ""species"": {""S"": 4}, ""z_A"": 4.021664633984788}, {""formal_charge_e"": 4, ""site_indices"": [33, 35], ""species"": {""Zn"": 2}, ""z_A"": 5.308748723991233}, {""formal_charge_e"": -8, ""site_indices"": [6, 10, 21, 27], ""species"": {""S"": 4}, ""z_A"": 6.595832495472807}, {""formal_charge_e"": 12, ""site_indices"": [40, 48, 50, 55], ""species"": {""In"": 4}, ""z_A"": 6.635935904989038}, {""formal_charge_e"": -8, ""site_indices"": [3, 12, 16, 29], ""species"": {""S"": 4}, ""z_A"": 6.676039314505276}, {""formal_charge_e"": 4, ""site_indices"": [36, 38], ""species"": {""Zn"": 2}, ""z_A"": 7.963123085986846}, {""formal_charge_e"": -8, ""site_indices"": [0, 15, 22, 30], ""species"": {""S"": 4}, ""z_A"": 9.250206857468418}, {""formal_charge_e"": 12, ""site_indices"": [43, 45, 49, 54], ""species"": {""In"": 4}, ""z_A"": 9.290310266984653}, {""formal_charge_e"": -8, ""site_indices"": [4, 8, 18, 26], ""species"": {""S"": 4}, ""z_A"": 9.330413676500891}, {""formal_charge_e"": 4, ""site_indices"": [88, 90], ""species"": {""Zn"": 2}, ""z_A"": 10.617497447982464}, {""formal_charge_e"": -8, ""site_indices"": [63, 65, 75, 84], ""species"": {""S"": 4}, ""z_A"": 11.904581537988909}, {""formal_charge_e"": 12, ""site_indices"": [97, 100, 103, 108], ""species"": {""In"": 4}, ""z_A"": 11.944684628980271}, {""formal_charge_e"": -8, ""site_indices"": [58, 69, 79, 81], ""species"": {""S"": 4}, ""z_A"": 11.98478771997163}, {""formal_charge_e"": 4, ""site_indices"": [93, 95], ""species"": {""Zn"": 2}, ""z_A"": 13.271871809978078}, {""formal_charge_e"": -8, ""site_indices"": [57, 67, 70, 80], ""species"": {""S"": 4}, ""z_A"": 14.558955899984523}, {""formal_charge_e"": 12, ""site_indices"": [98, 102, 107, 109], ""species"": {""In"": 4}, ""z_A"": 14.599058990975882}, {""formal_charge_e"": -8, ""site_indices"": [61, 73, 76, 87], ""species"": {""S"": 4}, ""z_A"": 14.639162081967244}, {""formal_charge_e"": 4, ""site_indices"": [89, 91], ""species"": {""Zn"": 2}, ""z_A"": 15.926246171973697}, {""formal_charge_e"": -8, ""site_indices"": [62, 66, 77, 83], ""species"": {""S"": 4}, ""z_A"": 17.213329943455264}, {""formal_charge_e"": 12, ""site_indices"": [96, 104, 106, 111], ""species"": {""In"": 4}, ""z_A"": 17.2534333529715}, {""formal_charge_e"": -8, ""site_indices"": [59, 68, 72, 85], ""species"": {""S"": 4}, ""z_A"": 17.293536762487733}, {""formal_charge_e"": 4, ""site_indices"": [92, 94], ""species"": {""Zn"": 2}, ""z_A"": 18.58062053396931}, {""formal_charge_e"": -8, ""site_indices"": [56, 71, 78, 86], ""species"": {""S"": 4}, ""z_A"": 19.86770430545088}, {""formal_charge_e"": 12, ""site_indices"": [99, 101, 105, 110], ""species"": {""In"": 4}, ""z_A"": 19.907807714967113}, {""formal_charge_e"": -8, ""site_indices"": [60, 64, 74, 82], ""species"": {""S"": 4}, ""z_A"": 19.947911124483355}]","{""crossing_InS"": 8, ""crossing_ZnS"": 4, ""fractional_shift"": 0.4393885528210725, ""nearest_gap_width_A"": 1.2870837714815717, ""no_first_shell_bond_crosses"": false, ""oriented_bulk_planes"": [{""formal_charge_e"": 4, ""site_indices"": [33, 35], ""species"": {""Zn"": 2}, ""z_A"": 0.0}, {""formal_charge_e"": -8, ""site_indices"": [6, 10, 21, 27], ""species"": {""S"": 4}, ""z_A"": 1.2870837714815717}, {""formal_charge_e"": 12, ""site_indices"": [40, 48, 50, 55], ""species"": {""In"": 4}, ""z_A"": 1.3271871809978075}, {""formal_charge_e"": -8, ""site_indices"": [3, 12, 16, 29], ""species"": {""S"": 4}, ""z_A"": 1.3672905905140447}, {""formal_charge_e"": 4, ""site_indices"": [36, 38], ""species"": {""Zn"": 2}, ""z_A"": 2.654374361995615}, {""formal_charge_e"": -8, ""site_indices"": [0, 15, 22, 30], ""species"": {""S"": 4}, ""z_A"": 3.9414581334771874}, {""formal_charge_e"": 12, ""site_indices"": [43, 45, 49, 54], ""species"": {""In"": 4}, ""z_A"": 3.9815615429934232}, {""formal_charge_e"": -8, ""site_indices"": [4, 8, 18, 26], ""species"": {""S"": 4}, ""z_A"": 4.021664952509658}, {""formal_charge_e"": 4, ""site_indices"": [32, 34], ""species"": {""Zn"": 2}, ""z_A"": 5.30874872399123}, {""formal_charge_e"": -8, ""site_indices"": [7, 9, 19, 28], ""species"": {""S"": 4}, ""z_A"": 6.595832813997677}, {""formal_charge_e"": 12, ""site_indices"": [41, 44, 47, 52], ""species"": {""In"": 4}, ""z_A"": 6.635935904989037}, {""formal_charge_e"": -8, ""site_indices"": [2, 13, 23, 25], ""species"": {""S"": 4}, ""z_A"": 6.6760389959804}, {""formal_charge_e"": 4, ""site_indices"": [37, 39], ""species"": {""Zn"": 2}, ""z_A"": 7.9631230859868465}, {""formal_charge_e"": -8, ""site_indices"": [1, 11, 14, 24], ""species"": {""S"": 4}, ""z_A"": 9.250207175993292}, {""formal_charge_e"": 12, ""site_indices"": [42, 46, 51, 53], ""species"": {""In"": 4}, ""z_A"": 9.290310266984655}, {""formal_charge_e"": -8, ""site_indices"": [5, 17, 20, 31], ""species"": {""S"": 4}, ""z_A"": 9.330413357976017}]}",,spinel_001_t01,,DEFERRED,Equivalent slab-pair duplicate of spinel_001_t01; Uncompensated formal dipole exceeds bounded spinel gate; reconstruction/electronic compensation unresolved,Unrelaxed seed; vacuum/thickness not converged; no energy ranking.
spinel_001_t09,spinel,0,0,1,(001),t09,0.5606114621789251,vasp/wp2_surface_and_facet_screening/structure/bulk_parents/spinel/POSCAR,89fed03927ad1d221915383fbfd61927e9d16798c1f1597737508cc9fa19ab05,"{""final_lattice_A"": [[10.617497447982462, 0.0, 0.0], [0.0, 10.617497447982462, 0.0], [0.0, 0.0, 39.94791080595848]], ""inplane_wrap_integers"": [[0, 0], [0, 0], [0, 0], [0, 0], [0, 0], [0, 0], [0, 0], [0, 0], [0, 0], [0, 0], [0, 0], [0, 0], [0, 0], [0, 0], [0, 0], [0, 0], [0, 0], [0, 0], [0, 0], [0, 0], [0, 0], [0, 0], [0, 0], [0, 0], [0, 0], [0, 0], [0, 0], [0, 0], [0, 0], [0, 0], [0, 0], [0, 0], [0, 0], [0, 0], [0, 0], [0, 0], [0, 0], [0, 0], [0, 0], [0, 0], [0, 0], [0, 0], [0, 0], [0, 0], [0, 0], [0, 0], [0, 0], [0, 0], [0, 0], [0, 0], [0, 0], [0, 0], [0, 0], [0, 0], [0, 0], [0, 0], [0, 0], [0, 0], [0, 0], [0, 0], [0, 0], [0, 0], [0, 0], [0, 0], [0, 0], [0, 0], [0, 0], [0, 0], [0, 0], [0, 0], [0, 0], [0, 0], [0, 0], [0, 0], [0, 0], [0, 0], [0, 0], [0, 0], [0, 0], [0, 0], [0, 0], [0, 0], [0, 0], [0, 0], [0, 0], [0, 0], [0, 0], [0, 0], [0, 0], [0, 0], [0, 0], [0, 0], [0, 0], [0, 0], [0, 0], [0, 0], [0, 0], [0, 0], [0, 0], [0, 0], [0, 0], [0, 0], [0, 0], [0, 0], [0, 0], [0, 0], [0, 0], [0, 0], [0, 0], [0, 0], [0, 0], [0, 0]], ""literal_parent_basis_preserved"": false, ""normal_in_parent_cartesian"": [0.0, 0.0, 1.0], ""normal_sign_relative_to_hkl"": 1, ""oriented_repeat_count"": 2, ""oriented_unit_cell_lattice_A"": [[-10.617497447982462, 0.0, 0.0], [0.0, -10.617497447982462, 0.0], [0.0, 0.0, 10.617497447982462]], ""oriented_unit_cell_matrix"": [[-1, 0, 0], [0, -1, 0], [0, 0, 1]], ""parent_site_indices"": [0, 1, 2, 3, 4, 5, 6, 7, 8, 9, 10, 11, 12, 13, 14, 15, 16, 17, 18, 19, 20, 21, 22, 23, 24, 25, 26, 27, 28, 29, 30, 31, 32, 33, 34, 35, 36, 37, 38, 39, 40, 41, 42, 43, 44, 45, 46, 47, 48, 49, 50, 51, 52, 53, 54, 55, 0, 1, 2, 3, 4, 5, 6, 7, 8, 9, 10, 11, 12, 13, 14, 15, 16, 17, 18, 19, 20, 21, 22, 23, 24, 25, 26, 27, 28, 29, 30, 31, 32, 33, 34, 35, 36, 37, 38, 39, 40, 41, 42, 43, 44, 45, 46, 47, 48, 49, 50, 51, 52, 53, 54, 55], ""raw_lattice_A"": [[-10.617497447982462, 0.0, 0.0], [0.0, -10.617497447982462, 0.0], [0.0, 0.0, 42.46998979192985]], ""row_cartesian_rotation"": [[-1.0, 0.0, 0.0], [0.0, -1.0, 0.0], [0.0, 0.0, 1.0]], ""translation_z_A"": 9.356457954996777}",Zn16 In32 S64,112,16,True,0.0,39.94791080595848,19.94791080595848,20.0,112.73125205791409,spinel_001_t09_upper,spinel_001_t09_lower,False,2,4,4,"{""In"": 4, ""S"": 8, ""Zn"": 4}","[{""coordination"": [[""Zn"", 2], [""Zn"", 2]], ""depth_A"": 0.0, ""species"": {""Zn"": 2}}, {""coordination"": [[""S"", 3], [""S"", 3], [""S"", 3], [""S"", 3]], ""depth_A"": 1.28708, ""species"": {""S"": 4}}, {""coordination"": [[""In"", 5], [""In"", 5], [""In"", 5], [""In"", 5]], ""depth_A"": 1.32719, ""species"": {""In"": 4}}, {""coordination"": [[""S"", 4], [""S"", 4], [""S"", 4], [""S"", 4]], ""depth_A"": 1.36729, ""species"": {""S"": 4}}, {""coordination"": [[""Zn"", 4], [""Zn"", 4]], ""depth_A"": 2.65437, ""species"": {""Zn"": 2}}]",0,4,8,"{""In"": 8, ""S"": 16, ""Zn"": 2}","[{""coordination"": [[""S"", 3], [""S"", 3], [""S"", 3], [""S"", 3]], ""depth_A"": 0.0, ""species"": {""S"": 4}}, {""coordination"": [[""In"", 5], [""In"", 5], [""In"", 5], [""In"", 5]], ""depth_A"": 0.0401, ""species"": {""In"": 4}}, {""coordination"": [[""S"", 3], [""S"", 3], [""S"", 3], [""S"", 3]], ""depth_A"": 0.08021, ""species"": {""S"": 4}}, {""coordination"": [[""Zn"", 4], [""Zn"", 4]], ""depth_A"": 1.36729, ""species"": {""Zn"": 2}}, {""coordination"": [[""S"", 4], [""S"", 4], [""S"", 4], [""S"", 4]], ""depth_A"": 2.65437, ""species"": {""S"": 4}}, {""coordination"": [[""In"", 6], [""In"", 6], [""In"", 6], [""In"", 6]], ""depth_A"": 2.69448, ""species"": {""In"": 4}}, {""coordination"": [[""S"", 4], [""S"", 4], [""S"", 4], [""S"", 4]], ""depth_A"": 2.73458, ""species"": {""S"": 4}}]",4,8,2.368216219779907,CONNECTED,"[{""atom_count"": 112, ""composition"": {""In"": 32, ""S"": 64, ""Zn"": 16}, ""periodic_cycle_vectors"": [[-1, -1, 0], [-1, 0, 0], [0, -1, 0], [0, 1, 0], [1, 0, 0], [1, 1, 0]], ""periodic_rank"": 2, ""site_indices"": [0, 1, 2, 3, 4, 5, 6, 7, 8, 9, 10, 11, 12, 13, 14, 15, 16, 17, 18, 19, 20, 21, 22, 23, 24, 25, 26, 27, 28, 29, 30, 31, 32, 33, 34, 35, 36, 37, 38, 39, 40, 41, 42, 43, 44, 45, 46, 47, 48, 49, 50, 51, 52, 53, 54, 55, 56, 57, 58, 59, 60, 61, 62, 63, 64, 65, 66, 67, 68, 69, 70, 71, 72, 73, 74, 75, 76, 77, 78, 79, 80, 81, 82, 83, 84, 85, 86, 87, 88, 89, 90, 91, 92, 93, 94, 95, 96, 97, 98, 99, 100, 101, 102, 103, 104, 105, 106, 107, 108, 109, 110, 111]}]",HIGH_CONCERN,42.46998979192983,0.37673661044864,"[{""formal_charge_e"": -8, ""site_indices"": [7, 9, 19, 28], ""species"": {""S"": 4}, ""z_A"": 0.0}, {""formal_charge_e"": 12, ""site_indices"": [41, 44, 47, 52], ""species"": {""In"": 4}, ""z_A"": 0.040103090991360446}, {""formal_charge_e"": -8, ""site_indices"": [2, 13, 23, 25], ""species"": {""S"": 4}, ""z_A"": 0.08020618198272444}, {""formal_charge_e"": 4, ""site_indices"": [37, 39], ""species"": {""Zn"": 2}, ""z_A"": 1.3672902719891695}, {""formal_charge_e"": -8, ""site_indices"": [1, 11, 14, 24], ""species"": {""S"": 4}, ""z_A"": 2.6543743619956164}, {""formal_charge_e"": 12, ""site_indices"": [42, 46, 51, 53], ""species"": {""In"": 4}, ""z_A"": 2.694477452986977}, {""formal_charge_e"": -8, ""site_indices"": [5, 17, 20, 31], ""species"": {""S"": 4}, ""z_A"": 2.734580543978339}, {""formal_charge_e"": 4, ""site_indices"": [33, 35], ""species"": {""Zn"": 2}, ""z_A"": 4.021664633984788}, {""formal_charge_e"": -8, ""site_indices"": [6, 10, 21, 27], ""species"": {""S"": 4}, ""z_A"": 5.308748405466357}, {""formal_charge_e"": 12, ""site_indices"": [40, 48, 50, 55], ""species"": {""In"": 4}, ""z_A"": 5.348851814982595}, {""formal_charge_e"": -8, ""site_indices"": [3, 12, 16, 29], ""species"": {""S"": 4}, ""z_A"": 5.3889552244988295}, {""formal_charge_e"": 4, ""site_indices"": [36, 38], ""species"": {""Zn"": 2}, ""z_A"": 6.676038995980402}, {""formal_charge_e"": -8, ""site_indices"": [0, 15, 22, 30], ""species"": {""S"": 4}, ""z_A"": 7.963122767461972}, {""formal_charge_e"": 12, ""site_indices"": [43, 45, 49, 54], ""species"": {""In"": 4}, ""z_A"": 8.00322617697821}, {""formal_charge_e"": -8, ""site_indices"": [4, 8, 18, 26], ""species"": {""S"": 4}, ""z_A"": 8.043329586494444}, {""formal_charge_e"": 4, ""site_indices"": [32, 34], ""species"": {""Zn"": 2}, ""z_A"": 9.330413357976017}, {""formal_charge_e"": -8, ""site_indices"": [63, 65, 75, 84], ""species"": {""S"": 4}, ""z_A"": 10.617497447982462}, {""formal_charge_e"": 12, ""site_indices"": [97, 100, 103, 108], ""species"": {""In"": 4}, ""z_A"": 10.657600538973824}, {""formal_charge_e"": -8, ""site_indices"": [58, 69, 79, 81], ""species"": {""S"": 4}, ""z_A"": 10.69770362996519}, {""formal_charge_e"": 4, ""site_indices"": [93, 95], ""species"": {""Zn"": 2}, ""z_A"": 11.984787719971632}, {""formal_charge_e"": -8, ""site_indices"": [57, 67, 70, 80], ""species"": {""S"": 4}, ""z_A"": 13.271871809978084}, {""formal_charge_e"": 12, ""site_indices"": [98, 102, 107, 109], ""species"": {""In"": 4}, ""z_A"": 13.311974900969442}, {""formal_charge_e"": -8, ""site_indices"": [61, 73, 76, 87], ""species"": {""S"": 4}, ""z_A"": 13.352077991960805}, {""formal_charge_e"": 4, ""site_indices"": [89, 91], ""species"": {""Zn"": 2}, ""z_A"": 14.639162081967253}, {""formal_charge_e"": -8, ""site_indices"": [62, 66, 77, 83], ""species"": {""S"": 4}, ""z_A"": 15.926245853448819}, {""formal_charge_e"": 12, ""site_indices"": [96, 104, 106, 111], ""species"": {""In"": 4}, ""z_A"": 15.966349262965057}, {""formal_charge_e"": -8, ""site_indices"": [59, 68, 72, 85], ""species"": {""S"": 4}, ""z_A"": 16.006452672481295}, {""formal_charge_e"": 4, ""site_indices"": [92, 94], ""species"": {""Zn"": 2}, ""z_A"": 17.293536443962868}, {""formal_charge_e"": -8, ""site_indices"": [56, 71, 78, 86], ""species"": {""S"": 4}, ""z_A"": 18.580620215444437}, {""formal_charge_e"": 12, ""site_indices"": [99, 101, 105, 110], ""species"": {""In"": 4}, ""z_A"": 18.62072362496067}, {""formal_charge_e"": -8, ""site_indices"": [60, 64, 74, 82], ""species"": {""S"": 4}, ""z_A"": 18.660827034476906}, {""formal_charge_e"": 4, ""site_indices"": [88, 90], ""species"": {""Zn"": 2}, ""z_A"": 19.94791080595848}]","{""crossing_InS"": 8, ""crossing_ZnS"": 4, ""fractional_shift"": 0.5606114621789251, ""nearest_gap_width_A"": 1.2870840900064462, ""no_first_shell_bond_crosses"": false, ""oriented_bulk_planes"": [{""formal_charge_e"": 4, ""site_indices"": [33, 35], ""species"": {""Zn"": 2}, ""z_A"": 0.0}, {""formal_charge_e"": -8, ""site_indices"": [6, 10, 21, 27], ""species"": {""S"": 4}, ""z_A"": 1.2870837714815717}, {""formal_charge_e"": 12, ""site_indices"": [40, 48, 50, 55], ""species"": {""In"": 4}, ""z_A"": 1.3271871809978075}, {""formal_charge_e"": -8, ""site_indices"": [3, 12, 16, 29], ""species"": {""S"": 4}, ""z_A"": 1.3672905905140447}, {""formal_charge_e"": 4, ""site_indices"": [36, 38], ""species"": {""Zn"": 2}, ""z_A"": 2.654374361995615}, {""formal_charge_e"": -8, ""site_indices"": [0, 15, 22, 30], ""species"": {""S"": 4}, ""z_A"": 3.9414581334771874}, {""formal_charge_e"": 12, ""site_indices"": [43, 45, 49, 54], ""species"": {""In"": 4}, ""z_A"": 3.9815615429934232}, {""formal_charge_e"": -8, ""site_indices"": [4, 8, 18, 26], ""species"": {""S"": 4}, ""z_A"": 4.021664952509658}, {""formal_charge_e"": 4, ""site_indices"": [32, 34], ""species"": {""Zn"": 2}, ""z_A"": 5.30874872399123}, {""formal_charge_e"": -8, ""site_indices"": [7, 9, 19, 28], ""species"": {""S"": 4}, ""z_A"": 6.595832813997677}, {""formal_charge_e"": 12, ""site_indices"": [41, 44, 47, 52], ""species"": {""In"": 4}, ""z_A"": 6.635935904989037}, {""formal_charge_e"": -8, ""site_indices"": [2, 13, 23, 25], ""species"": {""S"": 4}, ""z_A"": 6.6760389959804}, {""formal_charge_e"": 4, ""site_indices"": [37, 39], ""species"": {""Zn"": 2}, ""z_A"": 7.9631230859868465}, {""formal_charge_e"": -8, ""site_indices"": [1, 11, 14, 24], ""species"": {""S"": 4}, ""z_A"": 9.250207175993292}, {""formal_charge_e"": 12, ""site_indices"": [42, 46, 51, 53], ""species"": {""In"": 4}, ""z_A"": 9.290310266984655}, {""formal_charge_e"": -8, ""site_indices"": [5, 17, 20, 31], ""species"": {""S"": 4}, ""z_A"": 9.330413357976017}]}",,spinel_001_t01,,DEFERRED,Equivalent slab-pair duplicate of spinel_001_t01; Uncompensated formal dipole exceeds bounded spinel gate; reconstruction/electronic compensation unresolved,Unrelaxed seed; vacuum/thickness not converged; no energy ranking.
spinel_001_t10,spinel,0,0,1,(001),t10,0.623111462178925,vasp/wp2_surface_and_facet_screening/structure/bulk_parents/spinel/POSCAR,89fed03927ad1d221915383fbfd61927e9d16798c1f1597737508cc9fa19ab05,"{""final_lattice_A"": [[10.617497447982462, 0.0, 0.0], [0.0, 10.617497447982462, 0.0], [0.0, 0.0, 41.194891804973565]], ""inplane_wrap_integers"": [[0, 0], [0, 0], [0, 0], [0, 0], [0, 0], [0, 0], [0, 0], [0, 0], [0, 0], [0, 0], [0, 0], [0, 0], [0, 0], [0, 0], [0, 0], [0, 0], [0, 0], [0, 0], [0, 0], [0, 0], [0, 0], [0, 0], [0, 0], [0, 0], [0, 0], [0, 0], [0, 0], [0, 0], [0, 0], [0, 0], [0, 0], [0, 0], [0, 0], [0, 0], [0, 0], [0, 0], [0, 0], [0, 0], [0, 0], [0, 0], [0, 0], [0, 0], [0, 0], [0, 0], [0, 0], [0, 0], [0, 0], [0, 0], [0, 0], [0, 0], [0, 0], [0, 0], [0, 0], [0, 0], [0, 0], [0, 0], [0, 0], [0, 0], [0, 0], [0, 0], [0, 0], [0, 0], [0, 0], [0, 0], [0, 0], [0, 0], [0, 0], [0, 0], [0, 0], [0, 0], [0, 0], [0, 0], [0, 0], [0, 0], [0, 0], [0, 0], [0, 0], [0, 0], [0, 0], [0, 0], [0, 0], [0, 0], [0, 0], [0, 0], [0, 0], [0, 0], [0, 0], [0, 0], [0, 0], [0, 0], [0, 0], [0, 0], [0, 0], [0, 0], [0, 0], [0, 0], [0, 0], [0, 0], [0, 0], [0, 0], [0, 0], [0, 0], [0, 0], [0, 0], [0, 0], [0, 0], [0, 0], [0, 0], [0, 0], [0, 0], [0, 0], [0, 0]], ""literal_parent_basis_preserved"": false, ""normal_in_parent_cartesian"": [0.0, 0.0, 1.0], ""normal_sign_relative_to_hkl"": 1, ""oriented_repeat_count"": 2, ""oriented_unit_cell_lattice_A"": [[-10.617497447982462, 0.0, 0.0], [0.0, -10.617497447982462, 0.0], [0.0, 0.0, 10.617497447982462]], ""oriented_unit_cell_matrix"": [[-1, 0, 0], [0, -1, 0], [0, 0, 1]], ""parent_site_indices"": [0, 1, 2, 3, 4, 5, 6, 7, 8, 9, 10, 11, 12, 13, 14, 15, 16, 17, 18, 19, 20, 21, 22, 23, 24, 25, 26, 27, 28, 29, 30, 31, 32, 33, 34, 35, 36, 37, 38, 39, 40, 41, 42, 43, 44, 45, 46, 47, 48, 49, 50, 51, 52, 53, 54, 55, 0, 1, 2, 3, 4, 5, 6, 7, 8, 9, 10, 11, 12, 13, 14, 15, 16, 17, 18, 19, 20, 21, 22, 23, 24, 25, 26, 27, 28, 29, 30, 31, 32, 33, 34, 35, 36, 37, 38, 39, 40, 41, 42, 43, 44, 45, 46, 47, 48, 49, 50, 51, 52, 53, 54, 55], ""raw_lattice_A"": [[-10.617497447982462, 0.0, 0.0], [0.0, -10.617497447982462, 0.0], [0.0, 0.0, 42.46998979192985]], ""row_cartesian_rotation"": [[-1.0, 0.0, 0.0], [0.0, -1.0, 0.0], [0.0, 0.0, 1.0]], ""translation_z_A"": 9.979948454504319}",Zn16 In32 S64,112,16,True,0.0,41.194891804973565,21.194891804973565,20.0,112.73125205791409,spinel_001_t10_upper,spinel_001_t10_lower,False,2,0,8,"{""In"": 4, ""S"": 12, ""Zn"": 2}","[{""coordination"": [[""S"", 1], [""S"", 1], [""S"", 1], [""S"", 1]], ""depth_A"": 0.0, ""species"": {""S"": 4}}, {""coordination"": [[""Zn"", 2], [""Zn"", 2]], ""depth_A"": 1.28708, ""species"": {""Zn"": 2}}, {""coordination"": [[""S"", 3], [""S"", 3], [""S"", 3], [""S"", 3]], ""depth_A"": 2.57417, ""species"": {""S"": 4}}, {""coordination"": [[""In"", 6], [""In"", 6], [""In"", 6], [""In"", 6]], ""depth_A"": 2.61427, ""species"": {""In"": 4}}, {""coordination"": [[""S"", 4], [""S"", 4], [""S"", 4], [""S"", 4]], ""depth_A"": 2.65437, ""species"": {""S"": 4}}]",2,4,4,"{""In"": 8, ""S"": 12, ""Zn"": 2}","[{""coordination"": [[""In"", 3], [""In"", 3], [""In"", 3], [""In"", 3]], ""depth_A"": 0.0, ""species"": {""In"": 4}}, {""coordination"": [[""S"", 3], [""S"", 3], [""S"", 3], [""S"", 3]], ""depth_A"": 0.0401, ""species"": {""S"": 4}}, {""coordination"": [[""Zn"", 2], [""Zn"", 2]], ""depth_A"": 1.32719, ""species"": {""Zn"": 2}}, {""coordination"": [[""S"", 4], [""S"", 4], [""S"", 4], [""S"", 4]], ""depth_A"": 2.61427, ""species"": {""S"": 4}}, {""coordination"": [[""In"", 6], [""In"", 6], [""In"", 6], [""In"", 6]], ""depth_A"": 2.65437, ""species"": {""In"": 4}}, {""coordination"": [[""S"", 4], [""S"", 4], [""S"", 4], [""S"", 4]], ""depth_A"": 2.69448, ""species"": {""S"": 4}}]",8,12,2.368216219779909,CONNECTED,"[{""atom_count"": 112, ""composition"": {""In"": 32, ""S"": 64, ""Zn"": 16}, ""periodic_cycle_vectors"": [[-1, -1, 0], [-1, 0, 0], [0, -1, 0], [0, 1, 0], [1, 0, 0], [1, 1, 0]], ""periodic_rank"": 2, ""site_indices"": [0, 1, 2, 3, 4, 5, 6, 7, 8, 9, 10, 11, 12, 13, 14, 15, 16, 17, 18, 19, 20, 21, 22, 23, 24, 25, 26, 27, 28, 29, 30, 31, 32, 33, 34, 35, 36, 37, 38, 39, 40, 41, 42, 43, 44, 45, 46, 47, 48, 49, 50, 51, 52, 53, 54, 55, 56, 57, 58, 59, 60, 61, 62, 63, 64, 65, 66, 67, 68, 69, 70, 71, 72, 73, 74, 75, 76, 77, 78, 79, 80, 81, 82, 83, 84, 85, 86, 87, 88, 89, 90, 91, 92, 93, 94, 95, 96, 97, 98, 99, 100, 101, 102, 103, 104, 105, 106, 107, 108, 109, 110, 111]}]",HIGH_CONCERN,-127.40996937578959,-1.130209831345921,"[{""formal_charge_e"": 12, ""site_indices"": [41, 44, 47, 52], ""species"": {""In"": 4}, ""z_A"": 0.0}, {""formal_charge_e"": -8, ""site_indices"": [2, 13, 23, 25], ""species"": {""S"": 4}, ""z_A"": 0.04010309099136222}, {""formal_charge_e"": 4, ""site_indices"": [37, 39], ""species"": {""Zn"": 2}, ""z_A"": 1.3271871809978073}, {""formal_charge_e"": -8, ""site_indices"": [1, 11, 14, 24], ""species"": {""S"": 4}, ""z_A"": 2.614271271004256}, {""formal_charge_e"": 12, ""site_indices"": [42, 46, 51, 53], ""species"": {""In"": 4}, ""z_A"": 2.6543743619956146}, {""formal_charge_e"": -8, ""site_indices"": [5, 17, 20, 31], ""species"": {""S"": 4}, ""z_A"": 2.6944774529869786}, {""formal_charge_e"": 4, ""site_indices"": [33, 35], ""species"": {""Zn"": 2}, ""z_A"": 3.9815615429934255}, {""formal_charge_e"": -8, ""site_indices"": [6, 10, 21, 27], ""species"": {""S"": 4}, ""z_A"": 5.2686453144749965}, {""formal_charge_e"": 12, ""site_indices"": [40, 48, 50, 55], ""species"": {""In"": 4}, ""z_A"": 5.308748723991233}, {""formal_charge_e"": -8, ""site_indices"": [3, 12, 16, 29], ""species"": {""S"": 4}, ""z_A"": 5.348852133507469}, {""formal_charge_e"": 4, ""site_indices"": [36, 38], ""species"": {""Zn"": 2}, ""z_A"": 6.63593590498904}, {""formal_charge_e"": -8, ""site_indices"": [0, 15, 22, 30], ""species"": {""S"": 4}, ""z_A"": 7.923019676470613}, {""formal_charge_e"": 12, ""site_indices"": [43, 45, 49, 54], ""species"": {""In"": 4}, ""z_A"": 7.963123085986847}, {""formal_charge_e"": -8, ""site_indices"": [4, 8, 18, 26], ""species"": {""S"": 4}, ""z_A"": 8.003226495503085}, {""formal_charge_e"": 4, ""site_indices"": [32, 34], ""species"": {""Zn"": 2}, ""z_A"": 9.290310266984655}, {""formal_charge_e"": -8, ""site_indices"": [7, 9, 19, 28], ""species"": {""S"": 4}, ""z_A"": 10.5773943569911}, {""formal_charge_e"": 12, ""site_indices"": [97, 100, 103, 108], ""species"": {""In"": 4}, ""z_A"": 10.617497447982466}, {""formal_charge_e"": -8, ""site_indices"": [58, 69, 79, 81], ""species"": {""S"": 4}, ""z_A"": 10.657600538973828}, {""formal_charge_e"": 4, ""site_indices"": [93, 95], ""species"": {""Zn"": 2}, ""z_A"": 11.94468462898027}, {""formal_charge_e"": -8, ""site_indices"": [57, 67, 70, 80], ""species"": {""S"": 4}, ""z_A"": 13.231768718986714}, {""formal_charge_e"": 12, ""site_indices"": [98, 102, 107, 109], ""species"": {""In"": 4}, ""z_A"": 13.27187180997808}, {""formal_charge_e"": -8, ""site_indices"": [61, 73, 76, 87], ""species"": {""S"": 4}, ""z_A"": 13.311974900969435}, {""formal_charge_e"": 4, ""site_indices"": [89, 91], ""species"": {""Zn"": 2}, ""z_A"": 14.599058990975884}, {""formal_charge_e"": -8, ""site_indices"": [62, 66, 77, 83], ""species"": {""S"": 4}, ""z_A"": 15.88614276245746}, {""formal_charge_e"": 12, ""site_indices"": [96, 104, 106, 111], ""species"": {""In"": 4}, ""z_A"": 15.926246171973695}, {""formal_charge_e"": -8, ""site_indices"": [59, 68, 72, 85], ""species"": {""S"": 4}, ""z_A"": 15.96634958148993}, {""formal_charge_e"": 4, ""site_indices"": [92, 94], ""species"": {""Zn"": 2}, ""z_A"": 17.2534333529715}, {""formal_charge_e"": -8, ""site_indices"": [56, 71, 78, 86], ""species"": {""S"": 4}, ""z_A"": 18.540517124453075}, {""formal_charge_e"": 12, ""site_indices"": [99, 101, 105, 110], ""species"": {""In"": 4}, ""z_A"": 18.58062053396931}, {""formal_charge_e"": -8, ""site_indices"": [60, 64, 74, 82], ""species"": {""S"": 4}, ""z_A"": 18.620723943485544}, {""formal_charge_e"": 4, ""site_indices"": [88, 90], ""species"": {""Zn"": 2}, ""z_A"": 19.907807714967113}, {""formal_charge_e"": -8, ""site_indices"": [63, 65, 75, 84], ""species"": {""S"": 4}, ""z_A"": 21.194891804973565}]","{""crossing_InS"": 12, ""crossing_ZnS"": 8, ""fractional_shift"": 0.623111462178925, ""nearest_gap_width_A"": 0.040103090991361, ""no_first_shell_bond_crosses"": false, ""oriented_bulk_planes"": [{""formal_charge_e"": 4, ""site_indices"": [33, 35], ""species"": {""Zn"": 2}, ""z_A"": 0.0}, {""formal_charge_e"": -8, ""site_indices"": [6, 10, 21, 27], ""species"": {""S"": 4}, ""z_A"": 1.2870837714815717}, {""formal_charge_e"": 12, ""site_indices"": [40, 48, 50, 55], ""species"": {""In"": 4}, ""z_A"": 1.3271871809978075}, {""formal_charge_e"": -8, ""site_indices"": [3, 12, 16, 29], ""species"": {""S"": 4}, ""z_A"": 1.3672905905140447}, {""formal_charge_e"": 4, ""site_indices"": [36, 38], ""species"": {""Zn"": 2}, ""z_A"": 2.654374361995615}, {""formal_charge_e"": -8, ""site_indices"": [0, 15, 22, 30], ""species"": {""S"": 4}, ""z_A"": 3.9414581334771874}, {""formal_charge_e"": 12, ""site_indices"": [43, 45, 49, 54], ""species"": {""In"": 4}, ""z_A"": 3.9815615429934232}, {""formal_charge_e"": -8, ""site_indices"": [4, 8, 18, 26], ""species"": {""S"": 4}, ""z_A"": 4.021664952509658}, {""formal_charge_e"": 4, ""site_indices"": [32, 34], ""species"": {""Zn"": 2}, ""z_A"": 5.30874872399123}, {""formal_charge_e"": -8, ""site_indices"": [7, 9, 19, 28], ""species"": {""S"": 4}, ""z_A"": 6.595832813997677}, {""formal_charge_e"": 12, ""site_indices"": [41, 44, 47, 52], ""species"": {""In"": 4}, ""z_A"": 6.635935904989037}, {""formal_charge_e"": -8, ""site_indices"": [2, 13, 23, 25], ""species"": {""S"": 4}, ""z_A"": 6.6760389959804}, {""formal_charge_e"": 4, ""site_indices"": [37, 39], ""species"": {""Zn"": 2}, ""z_A"": 7.9631230859868465}, {""formal_charge_e"": -8, ""site_indices"": [1, 11, 14, 24], ""species"": {""S"": 4}, ""z_A"": 9.250207175993292}, {""formal_charge_e"": 12, ""site_indices"": [42, 46, 51, 53], ""species"": {""In"": 4}, ""z_A"": 9.290310266984655}, {""formal_charge_e"": -8, ""site_indices"": [5, 17, 20, 31], ""species"": {""S"": 4}, ""z_A"": 9.330413357976017}]}",,spinel_001_t02,,DEFERRED,Equivalent slab-pair duplicate of spinel_001_t02; Uncompensated formal dipole exceeds bounded spinel gate; reconstruction/electronic compensation unresolved,Unrelaxed seed; vacuum/thickness not converged; no energy ranking.
spinel_001_t11,spinel,0,0,1,(001),t11,0.6268885378210747,vasp/wp2_surface_and_facet_screening/structure/bulk_parents/spinel/POSCAR,89fed03927ad1d221915383fbfd61927e9d16798c1f1597737508cc9fa19ab05,"{""final_lattice_A"": [[10.617497447982462, 0.0, 0.0], [0.0, 10.617497447982462, 0.0], [0.0, 0.0, 41.194891804973565]], ""inplane_wrap_integers"": [[0, 0], [0, 0], [0, 0], [0, 0], [0, 0], [0, 0], [0, 0], [0, 0], [0, 0], [0, 0], [0, 0], [0, 0], [0, 0], [0, 0], [0, 0], [0, 0], [0, 0], [0, 0], [0, 0], [0, 0], [0, 0], [0, 0], [0, 0], [0, 0], [0, 0], [0, 0], [0, 0], [0, 0], [0, 0], [0, 0], [0, 0], [0, 0], [0, 0], [0, 0], [0, 0], [0, 0], [0, 0], [0, 0], [0, 0], [0, 0], [0, 0], [0, 0], [0, 0], [0, 0], [0, 0], [0, 0], [0, 0], [0, 0], [0, 0], [0, 0], [0, 0], [0, 0], [0, 0], [0, 0], [0, 0], [0, 0], [0, 0], [0, 0], [0, 0], [0, 0], [0, 0], [0, 0], [0, 0], [0, 0], [0, 0], [0, 0], [0, 0], [0, 0], [0, 0], [0, 0], [0, 0], [0, 0], [0, 0], [0, 0], [0, 0], [0, 0], [0, 0], [0, 0], [0, 0], [0, 0], [0, 0], [0, 0], [0, 0], [0, 0], [0, 0], [0, 0], [0, 0], [0, 0], [0, 0], [0, 0], [0, 0], [0, 0], [0, 0], [0, 0], [0, 0], [0, 0], [0, 0], [0, 0], [0, 0], [0, 0], [0, 0], [0, 0], [0, 0], [0, 0], [0, 0], [0, 0], [0, 0], [0, 0], [0, 0], [0, 0], [0, 0], [0, 0]], ""literal_parent_basis_preserved"": false, ""normal_in_parent_cartesian"": [0.0, 0.0, 1.0], ""normal_sign_relative_to_hkl"": 1, ""oriented_repeat_count"": 2, ""oriented_unit_cell_lattice_A"": [[-10.617497447982462, 0.0, 0.0], [0.0, -10.617497447982462, 0.0], [0.0, 0.0, 10.617497447982462]], ""oriented_unit_cell_matrix"": [[-1, 0, 0], [0, -1, 0], [0, 0, 1]], ""parent_site_indices"": [0, 1, 2, 3, 4, 5, 6, 7, 8, 9, 10, 11, 12, 13, 14, 15, 16, 17, 18, 19, 20, 21, 22, 23, 24, 25, 26, 27, 28, 29, 30, 31, 32, 33, 34, 35, 36, 37, 38, 39, 40, 41, 42, 43, 44, 45, 46, 47, 48, 49, 50, 51, 52, 53, 54, 55, 0, 1, 2, 3, 4, 5, 6, 7, 8, 9, 10, 11, 12, 13, 14, 15, 16, 17, 18, 19, 20, 21, 22, 23, 24, 25, 26, 27, 28, 29, 30, 31, 32, 33, 34, 35, 36, 37, 38, 39, 40, 41, 42, 43, 44, 45, 46, 47, 48, 49, 50, 51, 52, 53, 54, 55], ""raw_lattice_A"": [[-10.617497447982462, 0.0, 0.0], [0.0, -10.617497447982462, 0.0], [0.0, 0.0, 42.46998979192985]], ""row_cartesian_rotation"": [[-1.0, 0.0, 0.0], [0.0, -1.0, 0.0], [0.0, 0.0, 1.0]], ""translation_z_A"": 9.979948454504317}",Zn16 In32 S64,112,16,True,0.0,41.194891804973565,21.194891804973558,20.000000000000007,112.73125205791409,spinel_001_t11_upper,spinel_001_t11_lower,False,2,4,4,"{""In"": 8, ""S"": 12, ""Zn"": 2}","[{""coordination"": [[""In"", 3], [""In"", 3], [""In"", 3], [""In"", 3]], ""depth_A"": 0.0, ""species"": {""In"": 4}}, {""coordination"": [[""S"", 3], [""S"", 3], [""S"", 3], [""S"", 3]], ""depth_A"": 0.0401, ""species"": {""S"": 4}}, {""coordination"": [[""Zn"", 2], [""Zn"", 2]], ""depth_A"": 1.32719, ""species"": {""Zn"": 2}}, {""coordination"": [[""S"", 4], [""S"", 4], [""S"", 4], [""S"", 4]], ""depth_A"": 2.61427, ""species"": {""S"": 4}}, {""coordination"": [[""In"", 6], [""In"", 6], [""In"", 6], [""In"", 6]], ""depth_A"": 2.65437, ""species"": {""In"": 4}}, {""coordination"": [[""S"", 4], [""S"", 4], [""S"", 4], [""S"", 4]], ""depth_A"": 2.69448, ""species"": {""S"": 4}}]",2,0,8,"{""In"": 4, ""S"": 12, ""Zn"": 2}","[{""coordination"": [[""S"", 1], [""S"", 1], [""S"", 1], [""S"", 1]], ""depth_A"": 0.0, ""species"": {""S"": 4}}, {""coordination"": [[""Zn"", 2], [""Zn"", 2]], ""depth_A"": 1.28708, ""species"": {""Zn"": 2}}, {""coordination"": [[""S"", 3], [""S"", 3], [""S"", 3], [""S"", 3]], ""depth_A"": 2.57417, ""species"": {""S"": 4}}, {""coordination"": [[""In"", 6], [""In"", 6], [""In"", 6], [""In"", 6]], ""depth_A"": 2.61427, ""species"": {""In"": 4}}, {""coordination"": [[""S"", 4], [""S"", 4], [""S"", 4], [""S"", 4]], ""depth_A"": 2.65437, ""species"": {""S"": 4}}]",8,12,2.368216219779909,CONNECTED,"[{""atom_count"": 112, ""composition"": {""In"": 32, ""S"": 64, ""Zn"": 16}, ""periodic_cycle_vectors"": [[-1, -1, 0], [-1, 0, 0], [0, -1, 0], [0, 1, 0], [1, 0, 0], [1, 1, 0]], ""periodic_rank"": 2, ""site_indices"": [0, 1, 2, 3, 4, 5, 6, 7, 8, 9, 10, 11, 12, 13, 14, 15, 16, 17, 18, 19, 20, 21, 22, 23, 24, 25, 26, 27, 28, 29, 30, 31, 32, 33, 34, 35, 36, 37, 38, 39, 40, 41, 42, 43, 44, 45, 46, 47, 48, 49, 50, 51, 52, 53, 54, 55, 56, 57, 58, 59, 60, 61, 62, 63, 64, 65, 66, 67, 68, 69, 70, 71, 72, 73, 74, 75, 76, 77, 78, 79, 80, 81, 82, 83, 84, 85, 86, 87, 88, 89, 90, 91, 92, 93, 94, 95, 96, 97, 98, 99, 100, 101, 102, 103, 104, 105, 106, 107, 108, 109, 110, 111]}]",HIGH_CONCERN,127.40996937578961,1.1302098313459212,"[{""formal_charge_e"": -8, ""site_indices"": [2, 13, 23, 25], ""species"": {""S"": 4}, ""z_A"": 0.0}, {""formal_charge_e"": 4, ""site_indices"": [37, 39], ""species"": {""Zn"": 2}, ""z_A"": 1.2870840900064486}, {""formal_charge_e"": -8, ""site_indices"": [1, 11, 14, 24], ""species"": {""S"": 4}, ""z_A"": 2.574168180012892}, {""formal_charge_e"": 12, ""site_indices"": [42, 46, 51, 53], ""species"": {""In"": 4}, ""z_A"": 2.614271271004256}, {""formal_charge_e"": -8, ""site_indices"": [5, 17, 20, 31], ""species"": {""S"": 4}, ""z_A"": 2.6543743619956146}, {""formal_charge_e"": 4, ""site_indices"": [33, 35], ""species"": {""Zn"": 2}, ""z_A"": 3.9414584520020597}, {""formal_charge_e"": -8, ""site_indices"": [6, 10, 21, 27], ""species"": {""S"": 4}, ""z_A"": 5.228542223483631}, {""formal_charge_e"": 12, ""site_indices"": [40, 48, 50, 55], ""species"": {""In"": 4}, ""z_A"": 5.2686456329998705}, {""formal_charge_e"": -8, ""site_indices"": [3, 12, 16, 29], ""species"": {""S"": 4}, ""z_A"": 5.308749042516107}, {""formal_charge_e"": 4, ""site_indices"": [36, 38], ""species"": {""Zn"": 2}, ""z_A"": 6.595832813997678}, {""formal_charge_e"": -8, ""site_indices"": [0, 15, 22, 30], ""species"": {""S"": 4}, ""z_A"": 7.882916585479247}, {""formal_charge_e"": 12, ""site_indices"": [43, 45, 49, 54], ""species"": {""In"": 4}, ""z_A"": 7.923019994995485}, {""formal_charge_e"": -8, ""site_indices"": [4, 8, 18, 26], ""species"": {""S"": 4}, ""z_A"": 7.96312340451172}, {""formal_charge_e"": 4, ""site_indices"": [32, 34], ""species"": {""Zn"": 2}, ""z_A"": 9.250207175993292}, {""formal_charge_e"": -8, ""site_indices"": [7, 9, 19, 28], ""species"": {""S"": 4}, ""z_A"": 10.537291265999738}, {""formal_charge_e"": 12, ""site_indices"": [41, 44, 47, 52], ""species"": {""In"": 4}, ""z_A"": 10.5773943569911}, {""formal_charge_e"": -8, ""site_indices"": [58, 69, 79, 81], ""species"": {""S"": 4}, ""z_A"": 10.617497447982458}, {""formal_charge_e"": 4, ""site_indices"": [93, 95], ""species"": {""Zn"": 2}, ""z_A"": 11.90458153798891}, {""formal_charge_e"": -8, ""site_indices"": [57, 67, 70, 80], ""species"": {""S"": 4}, ""z_A"": 13.191665627995352}, {""formal_charge_e"": 12, ""site_indices"": [98, 102, 107, 109], ""species"": {""In"": 4}, ""z_A"": 13.231768718986714}, {""formal_charge_e"": -8, ""site_indices"": [61, 73, 76, 87], ""species"": {""S"": 4}, ""z_A"": 13.27187180997808}, {""formal_charge_e"": 4, ""site_indices"": [89, 91], ""species"": {""Zn"": 2}, ""z_A"": 14.558955899984525}, {""formal_charge_e"": -8, ""site_indices"": [62, 66, 77, 83], ""species"": {""S"": 4}, ""z_A"": 15.846039671466094}, {""formal_charge_e"": 12, ""site_indices"": [96, 104, 106, 111], ""species"": {""In"": 4}, ""z_A"": 15.886143080982329}, {""formal_charge_e"": -8, ""site_indices"": [59, 68, 72, 85], ""species"": {""S"": 4}, ""z_A"": 15.926246490498567}, {""formal_charge_e"": 4, ""site_indices"": [92, 94], ""species"": {""Zn"": 2}, ""z_A"": 17.21333026198014}, {""formal_charge_e"": -8, ""site_indices"": [56, 71, 78, 86], ""species"": {""S"": 4}, ""z_A"": 18.50041403346171}, {""formal_charge_e"": 12, ""site_indices"": [99, 101, 105, 110], ""species"": {""In"": 4}, ""z_A"": 18.540517442977944}, {""formal_charge_e"": -8, ""site_indices"": [60, 64, 74, 82], ""species"": {""S"": 4}, ""z_A"": 18.58062085249418}, {""formal_charge_e"": 4, ""site_indices"": [88, 90], ""species"": {""Zn"": 2}, ""z_A"": 19.867704623975754}, {""formal_charge_e"": -8, ""site_indices"": [63, 65, 75, 84], ""species"": {""S"": 4}, ""z_A"": 21.154788713982196}, {""formal_charge_e"": 12, ""site_indices"": [97, 100, 103, 108], ""species"": {""In"": 4}, ""z_A"": 21.194891804973558}]","{""crossing_InS"": 12, ""crossing_ZnS"": 8, ""fractional_shift"": 0.6268885378210747, ""nearest_gap_width_A"": 0.04010309099136218, ""no_first_shell_bond_crosses"": false, ""oriented_bulk_planes"": [{""formal_charge_e"": 4, ""site_indices"": [33, 35], ""species"": {""Zn"": 2}, ""z_A"": 0.0}, {""formal_charge_e"": -8, ""site_indices"": [6, 10, 21, 27], ""species"": {""S"": 4}, ""z_A"": 1.2870837714815717}, {""formal_charge_e"": 12, ""site_indices"": [40, 48, 50, 55], ""species"": {""In"": 4}, ""z_A"": 1.3271871809978075}, {""formal_charge_e"": -8, ""site_indices"": [3, 12, 16, 29], ""species"": {""S"": 4}, ""z_A"": 1.3672905905140447}, {""formal_charge_e"": 4, ""site_indices"": [36, 38], ""species"": {""Zn"": 2}, ""z_A"": 2.654374361995615}, {""formal_charge_e"": -8, ""site_indices"": [0, 15, 22, 30], ""species"": {""S"": 4}, ""z_A"": 3.9414581334771874}, {""formal_charge_e"": 12, ""site_indices"": [43, 45, 49, 54], ""species"": {""In"": 4}, ""z_A"": 3.9815615429934232}, {""formal_charge_e"": -8, ""site_indices"": [4, 8, 18, 26], ""species"": {""S"": 4}, ""z_A"": 4.021664952509658}, {""formal_charge_e"": 4, ""site_indices"": [32, 34], ""species"": {""Zn"": 2}, ""z_A"": 5.30874872399123}, {""formal_charge_e"": -8, ""site_indices"": [7, 9, 19, 28], ""species"": {""S"": 4}, ""z_A"": 6.595832813997677}, {""formal_charge_e"": 12, ""site_indices"": [41, 44, 47, 52], ""species"": {""In"": 4}, ""z_A"": 6.635935904989037}, {""formal_charge_e"": -8, ""site_indices"": [2, 13, 23, 25], ""species"": {""S"": 4}, ""z_A"": 6.6760389959804}, {""formal_charge_e"": 4, ""site_indices"": [37, 39], ""species"": {""Zn"": 2}, ""z_A"": 7.9631230859868465}, {""formal_charge_e"": -8, ""site_indices"": [1, 11, 14, 24], ""species"": {""S"": 4}, ""z_A"": 9.250207175993292}, {""formal_charge_e"": 12, ""site_indices"": [42, 46, 51, 53], ""species"": {""In"": 4}, ""z_A"": 9.290310266984655}, {""formal_charge_e"": -8, ""site_indices"": [5, 17, 20, 31], ""species"": {""S"": 4}, ""z_A"": 9.330413357976017}]}",,spinel_001_t02,,DEFERRED,Equivalent slab-pair duplicate of spinel_001_t02; Uncompensated formal dipole exceeds bounded spinel gate; reconstruction/electronic compensation unresolved,Unrelaxed seed; vacuum/thickness not converged; no energy ranking.
spinel_001_t12,spinel,0,0,1,(001),t12,0.6893885378210749,vasp/wp2_surface_and_facet_screening/structure/bulk_parents/spinel/POSCAR,89fed03927ad1d221915383fbfd61927e9d16798c1f1597737508cc9fa19ab05,"{""final_lattice_A"": [[10.617497447982462, 0.0, 0.0], [0.0, 10.617497447982462, 0.0], [0.0, 0.0, 39.94791080595848]], ""inplane_wrap_integers"": [[0, 0], [0, 0], [0, 0], [0, 0], [0, 0], [0, 0], [0, 0], [0, 0], [0, 0], [0, 0], [0, 0], [0, 0], [0, 0], [0, 0], [0, 0], [0, 0], [0, 0], [0, 0], [0, 0], [0, 0], [0, 0], [0, 0], [0, 0], [0, 0], [0, 0], [0, 0], [0, 0], [0, 0], [0, 0], [0, 0], [0, 0], [0, 0], [0, 0], [0, 0], [0, 0], [0, 0], [0, 0], [0, 0], [0, 0], [0, 0], [0, 0], [0, 0], [0, 0], [0, 0], [0, 0], [0, 0], [0, 0], [0, 0], [0, 0], [0, 0], [0, 0], [0, 0], [0, 0], [0, 0], [0, 0], [0, 0], [0, 0], [0, 0], [0, 0], [0, 0], [0, 0], [0, 0], [0, 0], [0, 0], [0, 0], [0, 0], [0, 0], [0, 0], [0, 0], [0, 0], [0, 0], [0, 0], [0, 0], [0, 0], [0, 0], [0, 0], [0, 0], [0, 0], [0, 0], [0, 0], [0, 0], [0, 0], [0, 0], [0, 0], [0, 0], [0, 0], [0, 0], [0, 0], [0, 0], [0, 0], [0, 0], [0, 0], [0, 0], [0, 0], [0, 0], [0, 0], [0, 0], [0, 0], [0, 0], [0, 0], [0, 0], [0, 0], [0, 0], [0, 0], [0, 0], [0, 0], [0, 0], [0, 0], [0, 0], [0, 0], [0, 0], [0, 0]], ""literal_parent_basis_preserved"": false, ""normal_in_parent_cartesian"": [0.0, 0.0, 1.0], ""normal_sign_relative_to_hkl"": 1, ""oriented_repeat_count"": 2, ""oriented_unit_cell_lattice_A"": [[-10.617497447982462, 0.0, 0.0], [0.0, -10.617497447982462, 0.0], [0.0, 0.0, 10.617497447982462]], ""oriented_unit_cell_matrix"": [[-1, 0, 0], [0, -1, 0], [0, 0, 1]], ""parent_site_indices"": [0, 1, 2, 3, 4, 5, 6, 7, 8, 9, 10, 11, 12, 13, 14, 15, 16, 17, 18, 19, 20, 21, 22, 23, 24, 25, 26, 27, 28, 29, 30, 31, 32, 33, 34, 35, 36, 37, 38, 39, 40, 41, 42, 43, 44, 45, 46, 47, 48, 49, 50, 51, 52, 53, 54, 55, 0, 1, 2, 3, 4, 5, 6, 7, 8, 9, 10, 11, 12, 13, 14, 15, 16, 17, 18, 19, 20, 21, 22, 23, 24, 25, 26, 27, 28, 29, 30, 31, 32, 33, 34, 35, 36, 37, 38, 39, 40, 41, 42, 43, 44, 45, 46, 47, 48, 49, 50, 51, 52, 53, 54, 55], ""raw_lattice_A"": [[-10.617497447982462, 0.0, 0.0], [0.0, -10.617497447982462, 0.0], [0.0, 0.0, 42.46998979192985]], ""row_cartesian_rotation"": [[-1.0, 0.0, 0.0], [0.0, -1.0, 0.0], [0.0, 0.0, 1.0]], ""translation_z_A"": 9.356457954996777}",Zn16 In32 S64,112,16,True,0.0,39.94791080595848,19.94791080595848,20.0,112.73125205791409,spinel_001_t12_upper,spinel_001_t12_lower,False,0,4,8,"{""In"": 8, ""S"": 16, ""Zn"": 2}","[{""coordination"": [[""S"", 3], [""S"", 3], [""S"", 3], [""S"", 3]], ""depth_A"": 0.0, ""species"": {""S"": 4}}, {""coordination"": [[""In"", 5], [""In"", 5], [""In"", 5], [""In"", 5]], ""depth_A"": 0.0401, ""species"": {""In"": 4}}, {""coordination"": [[""S"", 3], [""S"", 3], [""S"", 3], [""S"", 3]], ""depth_A"": 0.08021, ""species"": {""S"": 4}}, {""coordination"": [[""Zn"", 4], [""Zn"", 4]], ""depth_A"": 1.36729, ""species"": {""Zn"": 2}}, {""coordination"": [[""S"", 4], [""S"", 4], [""S"", 4], [""S"", 4]], ""depth_A"": 2.65437, ""species"": {""S"": 4}}, {""coordination"": [[""In"", 6], [""In"", 6], [""In"", 6], [""In"", 6]], ""depth_A"": 2.69448, ""species"": {""In"": 4}}, {""coordination"": [[""S"", 4], [""S"", 4], [""S"", 4], [""S"", 4]], ""depth_A"": 2.73458, ""species"": {""S"": 4}}]",2,4,4,"{""In"": 4, ""S"": 8, ""Zn"": 4}","[{""coordination"": [[""Zn"", 2], [""Zn"", 2]], ""depth_A"": 0.0, ""species"": {""Zn"": 2}}, {""coordination"": [[""S"", 3], [""S"", 3], [""S"", 3], [""S"", 3]], ""depth_A"": 1.28708, ""species"": {""S"": 4}}, {""coordination"": [[""In"", 5], [""In"", 5], [""In"", 5], [""In"", 5]], ""depth_A"": 1.32719, ""species"": {""In"": 4}}, {""coordination"": [[""S"", 4], [""S"", 4], [""S"", 4], [""S"", 4]], ""depth_A"": 1.36729, ""species"": {""S"": 4}}, {""coordination"": [[""Zn"", 4], [""Zn"", 4]], ""depth_A"": 2.65437, ""species"": {""Zn"": 2}}]",4,8,2.368216219779907,CONNECTED,"[{""atom_count"": 112, ""composition"": {""In"": 32, ""S"": 64, ""Zn"": 16}, ""periodic_cycle_vectors"": [[-1, -1, 0], [-1, 0, 0], [0, -1, 0], [0, 1, 0], [1, 0, 0], [1, 1, 0]], ""periodic_rank"": 2, ""site_indices"": [0, 1, 2, 3, 4, 5, 6, 7, 8, 9, 10, 11, 12, 13, 14, 15, 16, 17, 18, 19, 20, 21, 22, 23, 24, 25, 26, 27, 28, 29, 30, 31, 32, 33, 34, 35, 36, 37, 38, 39, 40, 41, 42, 43, 44, 45, 46, 47, 48, 49, 50, 51, 52, 53, 54, 55, 56, 57, 58, 59, 60, 61, 62, 63, 64, 65, 66, 67, 68, 69, 70, 71, 72, 73, 74, 75, 76, 77, 78, 79, 80, 81, 82, 83, 84, 85, 86, 87, 88, 89, 90, 91, 92, 93, 94, 95, 96, 97, 98, 99, 100, 101, 102, 103, 104, 105, 106, 107, 108, 109, 110, 111]}]",HIGH_CONCERN,-42.469989791929805,-0.3767366104486398,"[{""formal_charge_e"": 4, ""site_indices"": [37, 39], ""species"": {""Zn"": 2}, ""z_A"": 0.0}, {""formal_charge_e"": -8, ""site_indices"": [1, 11, 14, 24], ""species"": {""S"": 4}, ""z_A"": 1.287084090006445}, {""formal_charge_e"": 12, ""site_indices"": [42, 46, 51, 53], ""species"": {""In"": 4}, ""z_A"": 1.327187180997809}, {""formal_charge_e"": -8, ""site_indices"": [5, 17, 20, 31], ""species"": {""S"": 4}, ""z_A"": 1.3672902719891695}, {""formal_charge_e"": 4, ""site_indices"": [33, 35], ""species"": {""Zn"": 2}, ""z_A"": 2.6543743619956164}, {""formal_charge_e"": -8, ""site_indices"": [6, 10, 21, 27], ""species"": {""S"": 4}, ""z_A"": 3.941458133477189}, {""formal_charge_e"": 12, ""site_indices"": [40, 48, 50, 55], ""species"": {""In"": 4}, ""z_A"": 3.9815615429934237}, {""formal_charge_e"": -8, ""site_indices"": [3, 12, 16, 29], ""species"": {""S"": 4}, ""z_A"": 4.021664952509662}, {""formal_charge_e"": 4, ""site_indices"": [36, 38], ""species"": {""Zn"": 2}, ""z_A"": 5.308748723991231}, {""formal_charge_e"": -8, ""site_indices"": [0, 15, 22, 30], ""species"": {""S"": 4}, ""z_A"": 6.595832495472802}, {""formal_charge_e"": 12, ""site_indices"": [43, 45, 49, 54], ""species"": {""In"": 4}, ""z_A"": 6.63593590498904}, {""formal_charge_e"": -8, ""site_indices"": [4, 8, 18, 26], ""species"": {""S"": 4}, ""z_A"": 6.6760393145052745}, {""formal_charge_e"": 4, ""site_indices"": [32, 34], ""species"": {""Zn"": 2}, ""z_A"": 7.963123085986847}, {""formal_charge_e"": -8, ""site_indices"": [7, 9, 19, 28], ""species"": {""S"": 4}, ""z_A"": 9.250207175993292}, {""formal_charge_e"": 12, ""site_indices"": [41, 44, 47, 52], ""species"": {""In"": 4}, ""z_A"": 9.290310266984655}, {""formal_charge_e"": -8, ""site_indices"": [2, 13, 23, 25], ""species"": {""S"": 4}, ""z_A"": 9.330413357976013}, {""formal_charge_e"": 4, ""site_indices"": [93, 95], ""species"": {""Zn"": 2}, ""z_A"": 10.617497447982462}, {""formal_charge_e"": -8, ""site_indices"": [57, 67, 70, 80], ""species"": {""S"": 4}, ""z_A"": 11.90458153798891}, {""formal_charge_e"": 12, ""site_indices"": [98, 102, 107, 109], ""species"": {""In"": 4}, ""z_A"": 11.94468462898027}, {""formal_charge_e"": -8, ""site_indices"": [61, 73, 76, 87], ""species"": {""S"": 4}, ""z_A"": 11.984787719971632}, {""formal_charge_e"": 4, ""site_indices"": [89, 91], ""species"": {""Zn"": 2}, ""z_A"": 13.271871809978084}, {""formal_charge_e"": -8, ""site_indices"": [62, 66, 77, 83], ""species"": {""S"": 4}, ""z_A"": 14.558955581459653}, {""formal_charge_e"": 12, ""site_indices"": [96, 104, 106, 111], ""species"": {""In"": 4}, ""z_A"": 14.599058990975884}, {""formal_charge_e"": -8, ""site_indices"": [59, 68, 72, 85], ""species"": {""S"": 4}, ""z_A"": 14.639162400492122}, {""formal_charge_e"": 4, ""site_indices"": [92, 94], ""species"": {""Zn"": 2}, ""z_A"": 15.926246171973695}, {""formal_charge_e"": -8, ""site_indices"": [56, 71, 78, 86], ""species"": {""S"": 4}, ""z_A"": 17.213329943455268}, {""formal_charge_e"": 12, ""site_indices"": [99, 101, 105, 110], ""species"": {""In"": 4}, ""z_A"": 17.253433352971506}, {""formal_charge_e"": -8, ""site_indices"": [60, 64, 74, 82], ""species"": {""S"": 4}, ""z_A"": 17.293536762487737}, {""formal_charge_e"": 4, ""site_indices"": [88, 90], ""species"": {""Zn"": 2}, ""z_A"": 18.58062053396931}, {""formal_charge_e"": -8, ""site_indices"": [63, 65, 75, 84], ""species"": {""S"": 4}, ""z_A"": 19.867704623975758}, {""formal_charge_e"": 12, ""site_indices"": [97, 100, 103, 108], ""species"": {""In"": 4}, ""z_A"": 19.90780771496712}, {""formal_charge_e"": -8, ""site_indices"": [58, 69, 79, 81], ""species"": {""S"": 4}, ""z_A"": 19.94791080595848}]","{""crossing_InS"": 8, ""crossing_ZnS"": 4, ""fractional_shift"": 0.6893885378210749, ""nearest_gap_width_A"": 1.2870840900064466, ""no_first_shell_bond_crosses"": false, ""oriented_bulk_planes"": [{""formal_charge_e"": 4, ""site_indices"": [33, 35], ""species"": {""Zn"": 2}, ""z_A"": 0.0}, {""formal_charge_e"": -8, ""site_indices"": [6, 10, 21, 27], ""species"": {""S"": 4}, ""z_A"": 1.2870837714815717}, {""formal_charge_e"": 12, ""site_indices"": [40, 48, 50, 55], ""species"": {""In"": 4}, ""z_A"": 1.3271871809978075}, {""formal_charge_e"": -8, ""site_indices"": [3, 12, 16, 29], ""species"": {""S"": 4}, ""z_A"": 1.3672905905140447}, {""formal_charge_e"": 4, ""site_indices"": [36, 38], ""species"": {""Zn"": 2}, ""z_A"": 2.654374361995615}, {""formal_charge_e"": -8, ""site_indices"": [0, 15, 22, 30], ""species"": {""S"": 4}, ""z_A"": 3.9414581334771874}, {""formal_charge_e"": 12, ""site_indices"": [43, 45, 49, 54], ""species"": {""In"": 4}, ""z_A"": 3.9815615429934232}, {""formal_charge_e"": -8, ""site_indices"": [4, 8, 18, 26], ""species"": {""S"": 4}, ""z_A"": 4.021664952509658}, {""formal_charge_e"": 4, ""site_indices"": [32, 34], ""species"": {""Zn"": 2}, ""z_A"": 5.30874872399123}, {""formal_charge_e"": -8, ""site_indices"": [7, 9, 19, 28], ""species"": {""S"": 4}, ""z_A"": 6.595832813997677}, {""formal_charge_e"": 12, ""site_indices"": [41, 44, 47, 52], ""species"": {""In"": 4}, ""z_A"": 6.635935904989037}, {""formal_charge_e"": -8, ""site_indices"": [2, 13, 23, 25], ""species"": {""S"": 4}, ""z_A"": 6.6760389959804}, {""formal_charge_e"": 4, ""site_indices"": [37, 39], ""species"": {""Zn"": 2}, ""z_A"": 7.9631230859868465}, {""formal_charge_e"": -8, ""site_indices"": [1, 11, 14, 24], ""species"": {""S"": 4}, ""z_A"": 9.250207175993292}, {""formal_charge_e"": 12, ""site_indices"": [42, 46, 51, 53], ""species"": {""In"": 4}, ""z_A"": 9.290310266984655}, {""formal_charge_e"": -8, ""site_indices"": [5, 17, 20, 31], ""species"": {""S"": 4}, ""z_A"": 9.330413357976017}]}",,spinel_001_t01,,DEFERRED,Equivalent slab-pair duplicate of spinel_001_t01; Uncompensated formal dipole exceeds bounded spinel gate; reconstruction/electronic compensation unresolved,Unrelaxed seed; vacuum/thickness not converged; no energy ranking.
spinel_001_t13,spinel,0,0,1,(001),t13,0.8106114621789251,vasp/wp2_surface_and_facet_screening/structure/bulk_parents/spinel/POSCAR,89fed03927ad1d221915383fbfd61927e9d16798c1f1597737508cc9fa19ab05,"{""final_lattice_A"": [[10.617497447982462, 0.0, 0.0], [0.0, 10.617497447982462, 0.0], [0.0, 0.0, 39.94791080595848]], ""inplane_wrap_integers"": [[0, 0], [0, 0], [0, 0], [0, 0], [0, 0], [0, 0], [0, 0], [0, 0], [0, 0], [0, 0], [0, 0], [0, 0], [0, 0], [0, 0], [0, 0], [0, 0], [0, 0], [0, 0], [0, 0], [0, 0], [0, 0], [0, 0], [0, 0], [0, 0], [0, 0], [0, 0], [0, 0], [0, 0], [0, 0], [0, 0], [0, 0], [0, 0], [0, 0], [0, 0], [0, 0], [0, 0], [0, 0], [0, 0], [0, 0], [0, 0], [0, 0], [0, 0], [0, 0], [0, 0], [0, 0], [0, 0], [0, 0], [0, 0], [0, 0], [0, 0], [0, 0], [0, 0], [0, 0], [0, 0], [0, 0], [0, 0], [0, 0], [0, 0], [0, 0], [0, 0], [0, 0], [0, 0], [0, 0], [0, 0], [0, 0], [0, 0], [0, 0], [0, 0], [0, 0], [0, 0], [0, 0], [0, 0], [0, 0], [0, 0], [0, 0], [0, 0], [0, 0], [0, 0], [0, 0], [0, 0], [0, 0], [0, 0], [0, 0], [0, 0], [0, 0], [0, 0], [0, 0], [0, 0], [0, 0], [0, 0], [0, 0], [0, 0], [0, 0], [0, 0], [0, 0], [0, 0], [0, 0], [0, 0], [0, 0], [0, 0], [0, 0], [0, 0], [0, 0], [0, 0], [0, 0], [0, 0], [0, 0], [0, 0], [0, 0], [0, 0], [0, 0], [0, 0]], ""literal_parent_basis_preserved"": false, ""normal_in_parent_cartesian"": [0.0, 0.0, 1.0], ""normal_sign_relative_to_hkl"": 1, ""oriented_repeat_count"": 2, ""oriented_unit_cell_lattice_A"": [[-10.617497447982462, 0.0, 0.0], [0.0, -10.617497447982462, 0.0], [0.0, 0.0, 10.617497447982462]], ""oriented_unit_cell_matrix"": [[-1, 0, 0], [0, -1, 0], [0, 0, 1]], ""parent_site_indices"": [0, 1, 2, 3, 4, 5, 6, 7, 8, 9, 10, 11, 12, 13, 14, 15, 16, 17, 18, 19, 20, 21, 22, 23, 24, 25, 26, 27, 28, 29, 30, 31, 32, 33, 34, 35, 36, 37, 38, 39, 40, 41, 42, 43, 44, 45, 46, 47, 48, 49, 50, 51, 52, 53, 54, 55, 0, 1, 2, 3, 4, 5, 6, 7, 8, 9, 10, 11, 12, 13, 14, 15, 16, 17, 18, 19, 20, 21, 22, 23, 24, 25, 26, 27, 28, 29, 30, 31, 32, 33, 34, 35, 36, 37, 38, 39, 40, 41, 42, 43, 44, 45, 46, 47, 48, 49, 50, 51, 52, 53, 54, 55], ""raw_lattice_A"": [[-10.617497447982462, 0.0, 0.0], [0.0, -10.617497447982462, 0.0], [0.0, 0.0, 42.46998979192985]], ""row_cartesian_rotation"": [[-1.0, 0.0, 0.0], [0.0, -1.0, 0.0], [0.0, 0.0, 1.0]], ""translation_z_A"": 9.356457954996777}",Zn16 In32 S64,112,16,True,0.0,39.94791080595848,19.94791080595848,20.0,112.73125205791409,spinel_001_t13_upper,spinel_001_t13_lower,False,2,4,4,"{""In"": 4, ""S"": 8, ""Zn"": 4}","[{""coordination"": [[""Zn"", 2], [""Zn"", 2]], ""depth_A"": 0.0, ""species"": {""Zn"": 2}}, {""coordination"": [[""S"", 3], [""S"", 3], [""S"", 3], [""S"", 3]], ""depth_A"": 1.28708, ""species"": {""S"": 4}}, {""coordination"": [[""In"", 5], [""In"", 5], [""In"", 5], [""In"", 5]], ""depth_A"": 1.32719, ""species"": {""In"": 4}}, {""coordination"": [[""S"", 4], [""S"", 4], [""S"", 4], [""S"", 4]], ""depth_A"": 1.36729, ""species"": {""S"": 4}}, {""coordination"": [[""Zn"", 4], [""Zn"", 4]], ""depth_A"": 2.65437, ""species"": {""Zn"": 2}}]",0,4,8,"{""In"": 8, ""S"": 16, ""Zn"": 2}","[{""coordination"": [[""S"", 3], [""S"", 3], [""S"", 3], [""S"", 3]], ""depth_A"": 0.0, ""species"": {""S"": 4}}, {""coordination"": [[""In"", 5], [""In"", 5], [""In"", 5], [""In"", 5]], ""depth_A"": 0.0401, ""species"": {""In"": 4}}, {""coordination"": [[""S"", 3], [""S"", 3], [""S"", 3], [""S"", 3]], ""depth_A"": 0.08021, ""species"": {""S"": 4}}, {""coordination"": [[""Zn"", 4], [""Zn"", 4]], ""depth_A"": 1.36729, ""species"": {""Zn"": 2}}, {""coordination"": [[""S"", 4], [""S"", 4], [""S"", 4], [""S"", 4]], ""depth_A"": 2.65437, ""species"": {""S"": 4}}, {""coordination"": [[""In"", 6], [""In"", 6], [""In"", 6], [""In"", 6]], ""depth_A"": 2.69448, ""species"": {""In"": 4}}, {""coordination"": [[""S"", 4], [""S"", 4], [""S"", 4], [""S"", 4]], ""depth_A"": 2.73458, ""species"": {""S"": 4}}]",4,8,2.3682162197799093,CONNECTED,"[{""atom_count"": 112, ""composition"": {""In"": 32, ""S"": 64, ""Zn"": 16}, ""periodic_cycle_vectors"": [[-1, -1, 0], [-1, 0, 0], [0, -1, 0], [0, 1, 0], [1, 0, 0], [1, 1, 0]], ""periodic_rank"": 2, ""site_indices"": [0, 1, 2, 3, 4, 5, 6, 7, 8, 9, 10, 11, 12, 13, 14, 15, 16, 17, 18, 19, 20, 21, 22, 23, 24, 25, 26, 27, 28, 29, 30, 31, 32, 33, 34, 35, 36, 37, 38, 39, 40, 41, 42, 43, 44, 45, 46, 47, 48, 49, 50, 51, 52, 53, 54, 55, 56, 57, 58, 59, 60, 61, 62, 63, 64, 65, 66, 67, 68, 69, 70, 71, 72, 73, 74, 75, 76, 77, 78, 79, 80, 81, 82, 83, 84, 85, 86, 87, 88, 89, 90, 91, 92, 93, 94, 95, 96, 97, 98, 99, 100, 101, 102, 103, 104, 105, 106, 107, 108, 109, 110, 111]}]",HIGH_CONCERN,42.46998979192986,0.3767366104486403,"[{""formal_charge_e"": -8, ""site_indices"": [1, 11, 14, 24], ""species"": {""S"": 4}, ""z_A"": 0.0}, {""formal_charge_e"": 12, ""site_indices"": [42, 46, 51, 53], ""species"": {""In"": 4}, ""z_A"": 0.040103090991364}, {""formal_charge_e"": -8, ""site_indices"": [5, 17, 20, 31], ""species"": {""S"": 4}, ""z_A"": 0.08020618198272444}, {""formal_charge_e"": 4, ""site_indices"": [33, 35], ""species"": {""Zn"": 2}, ""z_A"": 1.3672902719891695}, {""formal_charge_e"": -8, ""site_indices"": [6, 10, 21, 27], ""species"": {""S"": 4}, ""z_A"": 2.6543740434707424}, {""formal_charge_e"": 12, ""site_indices"": [40, 48, 50, 55], ""species"": {""In"": 4}, ""z_A"": 2.694477452986977}, {""formal_charge_e"": -8, ""site_indices"": [3, 12, 16, 29], ""species"": {""S"": 4}, ""z_A"": 2.7345808625032166}, {""formal_charge_e"": 4, ""site_indices"": [36, 38], ""species"": {""Zn"": 2}, ""z_A"": 4.021664633984788}, {""formal_charge_e"": -8, ""site_indices"": [0, 15, 22, 30], ""species"": {""S"": 4}, ""z_A"": 5.308748405466357}, {""formal_charge_e"": 12, ""site_indices"": [43, 45, 49, 54], ""species"": {""In"": 4}, ""z_A"": 5.348851814982595}, {""formal_charge_e"": -8, ""site_indices"": [4, 8, 18, 26], ""species"": {""S"": 4}, ""z_A"": 5.3889552244988295}, {""formal_charge_e"": 4, ""site_indices"": [32, 34], ""species"": {""Zn"": 2}, ""z_A"": 6.676038995980402}, {""formal_charge_e"": -8, ""site_indices"": [7, 9, 19, 28], ""species"": {""S"": 4}, ""z_A"": 7.963123085986847}, {""formal_charge_e"": 12, ""site_indices"": [41, 44, 47, 52], ""species"": {""In"": 4}, ""z_A"": 8.00322617697821}, {""formal_charge_e"": -8, ""site_indices"": [2, 13, 23, 25], ""species"": {""S"": 4}, ""z_A"": 8.043329267969568}, {""formal_charge_e"": 4, ""site_indices"": [37, 39], ""species"": {""Zn"": 2}, ""z_A"": 9.330413357976017}, {""formal_charge_e"": -8, ""site_indices"": [57, 67, 70, 80], ""species"": {""S"": 4}, ""z_A"": 10.617497447982462}, {""formal_charge_e"": 12, ""site_indices"": [98, 102, 107, 109], ""species"": {""In"": 4}, ""z_A"": 10.657600538973824}, {""formal_charge_e"": -8, ""site_indices"": [61, 73, 76, 87], ""species"": {""S"": 4}, ""z_A"": 10.69770362996519}, {""formal_charge_e"": 4, ""site_indices"": [89, 91], ""species"": {""Zn"": 2}, ""z_A"": 11.984787719971632}, {""formal_charge_e"": -8, ""site_indices"": [62, 66, 77, 83], ""species"": {""S"": 4}, ""z_A"": 13.271871491453204}, {""formal_charge_e"": 12, ""site_indices"": [96, 104, 106, 111], ""species"": {""In"": 4}, ""z_A"": 13.311974900969442}, {""formal_charge_e"": -8, ""site_indices"": [59, 68, 72, 85], ""species"": {""S"": 4}, ""z_A"": 13.35207831048568}, {""formal_charge_e"": 4, ""site_indices"": [92, 94], ""species"": {""Zn"": 2}, ""z_A"": 14.639162081967253}, {""formal_charge_e"": -8, ""site_indices"": [56, 71, 78, 86], ""species"": {""S"": 4}, ""z_A"": 15.926245853448819}, {""formal_charge_e"": 12, ""site_indices"": [99, 101, 105, 110], ""species"": {""In"": 4}, ""z_A"": 15.966349262965057}, {""formal_charge_e"": -8, ""site_indices"": [60, 64, 74, 82], ""species"": {""S"": 4}, ""z_A"": 16.006452672481295}, {""formal_charge_e"": 4, ""site_indices"": [88, 90], ""species"": {""Zn"": 2}, ""z_A"": 17.293536443962868}, {""formal_charge_e"": -8, ""site_indices"": [63, 65, 75, 84], ""species"": {""S"": 4}, ""z_A"": 18.58062053396931}, {""formal_charge_e"": 12, ""site_indices"": [97, 100, 103, 108], ""species"": {""In"": 4}, ""z_A"": 18.62072362496067}, {""formal_charge_e"": -8, ""site_indices"": [58, 69, 79, 81], ""species"": {""S"": 4}, ""z_A"": 18.660826715952037}, {""formal_charge_e"": 4, ""site_indices"": [93, 95], ""species"": {""Zn"": 2}, ""z_A"": 19.94791080595848}]","{""crossing_InS"": 8, ""crossing_ZnS"": 4, ""fractional_shift"": 0.8106114621789251, ""nearest_gap_width_A"": 1.2870840900064455, ""no_first_shell_bond_crosses"": false, ""oriented_bulk_planes"": [{""formal_charge_e"": 4, ""site_indices"": [33, 35], ""species"": {""Zn"": 2}, ""z_A"": 0.0}, {""formal_charge_e"": -8, ""site_indices"": [6, 10, 21, 27], ""species"": {""S"": 4}, ""z_A"": 1.2870837714815717}, {""formal_charge_e"": 12, ""site_indices"": [40, 48, 50, 55], ""species"": {""In"": 4}, ""z_A"": 1.3271871809978075}, {""formal_charge_e"": -8, ""site_indices"": [3, 12, 16, 29], ""species"": {""S"": 4}, ""z_A"": 1.3672905905140447}, {""formal_charge_e"": 4, ""site_indices"": [36, 38], ""species"": {""Zn"": 2}, ""z_A"": 2.654374361995615}, {""formal_charge_e"": -8, ""site_indices"": [0, 15, 22, 30], ""species"": {""S"": 4}, ""z_A"": 3.9414581334771874}, {""formal_charge_e"": 12, ""site_indices"": [43, 45, 49, 54], ""species"": {""In"": 4}, ""z_A"": 3.9815615429934232}, {""formal_charge_e"": -8, ""site_indices"": [4, 8, 18, 26], ""species"": {""S"": 4}, ""z_A"": 4.021664952509658}, {""formal_charge_e"": 4, ""site_indices"": [32, 34], ""species"": {""Zn"": 2}, ""z_A"": 5.30874872399123}, {""formal_charge_e"": -8, ""site_indices"": [7, 9, 19, 28], ""species"": {""S"": 4}, ""z_A"": 6.595832813997677}, {""formal_charge_e"": 12, ""site_indices"": [41, 44, 47, 52], ""species"": {""In"": 4}, ""z_A"": 6.635935904989037}, {""formal_charge_e"": -8, ""site_indices"": [2, 13, 23, 25], ""species"": {""S"": 4}, ""z_A"": 6.6760389959804}, {""formal_charge_e"": 4, ""site_indices"": [37, 39], ""species"": {""Zn"": 2}, ""z_A"": 7.9631230859868465}, {""formal_charge_e"": -8, ""site_indices"": [1, 11, 14, 24], ""species"": {""S"": 4}, ""z_A"": 9.250207175993292}, {""formal_charge_e"": 12, ""site_indices"": [42, 46, 51, 53], ""species"": {""In"": 4}, ""z_A"": 9.290310266984655}, {""formal_charge_e"": -8, ""site_indices"": [5, 17, 20, 31], ""species"": {""S"": 4}, ""z_A"": 9.330413357976017}]}",,spinel_001_t01,,DEFERRED,Equivalent slab-pair duplicate of spinel_001_t01; Uncompensated formal dipole exceeds bounded spinel gate; reconstruction/electronic compensation unresolved,Unrelaxed seed; vacuum/thickness not converged; no energy ranking.
spinel_001_t14,spinel,0,0,1,(001),t14,0.8731114621789251,vasp/wp2_surface_and_facet_screening/structure/bulk_parents/spinel/POSCAR,89fed03927ad1d221915383fbfd61927e9d16798c1f1597737508cc9fa19ab05,"{""final_lattice_A"": [[10.617497447982462, 0.0, 0.0], [0.0, 10.617497447982462, 0.0], [0.0, 0.0, 41.194891804973565]], ""inplane_wrap_integers"": [[0, 0], [0, 0], [0, 0], [0, 0], [0, 0], [0, 0], [0, 0], [0, 0], [0, 0], [0, 0], [0, 0], [0, 0], [0, 0], [0, 0], [0, 0], [0, 0], [0, 0], [0, 0], [0, 0], [0, 0], [0, 0], [0, 0], [0, 0], [0, 0], [0, 0], [0, 0], [0, 0], [0, 0], [0, 0], [0, 0], [0, 0], [0, 0], [0, 0], [0, 0], [0, 0], [0, 0], [0, 0], [0, 0], [0, 0], [0, 0], [0, 0], [0, 0], [0, 0], [0, 0], [0, 0], [0, 0], [0, 0], [0, 0], [0, 0], [0, 0], [0, 0], [0, 0], [0, 0], [0, 0], [0, 0], [0, 0], [0, 0], [0, 0], [0, 0], [0, 0], [0, 0], [0, 0], [0, 0], [0, 0], [0, 0], [0, 0], [0, 0], [0, 0], [0, 0], [0, 0], [0, 0], [0, 0], [0, 0], [0, 0], [0, 0], [0, 0], [0, 0], [0, 0], [0, 0], [0, 0], [0, 0], [0, 0], [0, 0], [0, 0], [0, 0], [0, 0], [0, 0], [0, 0], [0, 0], [0, 0], [0, 0], [0, 0], [0, 0], [0, 0], [0, 0], [0, 0], [0, 0], [0, 0], [0, 0], [0, 0], [0, 0], [0, 0], [0, 0], [0, 0], [0, 0], [0, 0], [0, 0], [0, 0], [0, 0], [0, 0], [0, 0], [0, 0]], ""literal_parent_basis_preserved"": false, ""normal_in_parent_cartesian"": [0.0, 0.0, 1.0], ""normal_sign_relative_to_hkl"": 1, ""oriented_repeat_count"": 2, ""oriented_unit_cell_lattice_A"": [[-10.617497447982462, 0.0, 0.0], [0.0, -10.617497447982462, 0.0], [0.0, 0.0, 10.617497447982462]], ""oriented_unit_cell_matrix"": [[-1, 0, 0], [0, -1, 0], [0, 0, 1]], ""parent_site_indices"": [0, 1, 2, 3, 4, 5, 6, 7, 8, 9, 10, 11, 12, 13, 14, 15, 16, 17, 18, 19, 20, 21, 22, 23, 24, 25, 26, 27, 28, 29, 30, 31, 32, 33, 34, 35, 36, 37, 38, 39, 40, 41, 42, 43, 44, 45, 46, 47, 48, 49, 50, 51, 52, 53, 54, 55, 0, 1, 2, 3, 4, 5, 6, 7, 8, 9, 10, 11, 12, 13, 14, 15, 16, 17, 18, 19, 20, 21, 22, 23, 24, 25, 26, 27, 28, 29, 30, 31, 32, 33, 34, 35, 36, 37, 38, 39, 40, 41, 42, 43, 44, 45, 46, 47, 48, 49, 50, 51, 52, 53, 54, 55], ""raw_lattice_A"": [[-10.617497447982462, 0.0, 0.0], [0.0, -10.617497447982462, 0.0], [0.0, 0.0, 42.46998979192985]], ""row_cartesian_rotation"": [[-1.0, 0.0, 0.0], [0.0, -1.0, 0.0], [0.0, 0.0, 1.0]], ""translation_z_A"": 9.979948454504319}",Zn16 In32 S64,112,16,True,0.0,41.194891804973565,21.194891804973565,20.0,112.73125205791409,spinel_001_t14_upper,spinel_001_t14_lower,False,2,0,8,"{""In"": 4, ""S"": 12, ""Zn"": 2}","[{""coordination"": [[""S"", 1], [""S"", 1], [""S"", 1], [""S"", 1]], ""depth_A"": 0.0, ""species"": {""S"": 4}}, {""coordination"": [[""Zn"", 2], [""Zn"", 2]], ""depth_A"": 1.28708, ""species"": {""Zn"": 2}}, {""coordination"": [[""S"", 3], [""S"", 3], [""S"", 3], [""S"", 3]], ""depth_A"": 2.57417, ""species"": {""S"": 4}}, {""coordination"": [[""In"", 6], [""In"", 6], [""In"", 6], [""In"", 6]], ""depth_A"": 2.61427, ""species"": {""In"": 4}}, {""coordination"": [[""S"", 4], [""S"", 4], [""S"", 4], [""S"", 4]], ""depth_A"": 2.65437, ""species"": {""S"": 4}}]",2,4,4,"{""In"": 8, ""S"": 12, ""Zn"": 2}","[{""coordination"": [[""In"", 3], [""In"", 3], [""In"", 3], [""In"", 3]], ""depth_A"": 0.0, ""species"": {""In"": 4}}, {""coordination"": [[""S"", 3], [""S"", 3], [""S"", 3], [""S"", 3]], ""depth_A"": 0.0401, ""species"": {""S"": 4}}, {""coordination"": [[""Zn"", 2], [""Zn"", 2]], ""depth_A"": 1.32719, ""species"": {""Zn"": 2}}, {""coordination"": [[""S"", 4], [""S"", 4], [""S"", 4], [""S"", 4]], ""depth_A"": 2.61427, ""species"": {""S"": 4}}, {""coordination"": [[""In"", 6], [""In"", 6], [""In"", 6], [""In"", 6]], ""depth_A"": 2.65437, ""species"": {""In"": 4}}, {""coordination"": [[""S"", 4], [""S"", 4], [""S"", 4], [""S"", 4]], ""depth_A"": 2.69448, ""species"": {""S"": 4}}]",8,12,2.368216219779911,CONNECTED,"[{""atom_count"": 112, ""composition"": {""In"": 32, ""S"": 64, ""Zn"": 16}, ""periodic_cycle_vectors"": [[-1, -1, 0], [-1, 0, 0], [0, -1, 0], [0, 1, 0], [1, 0, 0], [1, 1, 0]], ""periodic_rank"": 2, ""site_indices"": [0, 1, 2, 3, 4, 5, 6, 7, 8, 9, 10, 11, 12, 13, 14, 15, 16, 17, 18, 19, 20, 21, 22, 23, 24, 25, 26, 27, 28, 29, 30, 31, 32, 33, 34, 35, 36, 37, 38, 39, 40, 41, 42, 43, 44, 45, 46, 47, 48, 49, 50, 51, 52, 53, 54, 55, 56, 57, 58, 59, 60, 61, 62, 63, 64, 65, 66, 67, 68, 69, 70, 71, 72, 73, 74, 75, 76, 77, 78, 79, 80, 81, 82, 83, 84, 85, 86, 87, 88, 89, 90, 91, 92, 93, 94, 95, 96, 97, 98, 99, 100, 101, 102, 103, 104, 105, 106, 107, 108, 109, 110, 111]}]",HIGH_CONCERN,-127.40996937578949,-1.1302098313459201,"[{""formal_charge_e"": 12, ""site_indices"": [42, 46, 51, 53], ""species"": {""In"": 4}, ""z_A"": 0.0}, {""formal_charge_e"": -8, ""site_indices"": [5, 17, 20, 31], ""species"": {""S"": 4}, ""z_A"": 0.04010309099136222}, {""formal_charge_e"": 4, ""site_indices"": [33, 35], ""species"": {""Zn"": 2}, ""z_A"": 1.3271871809978073}, {""formal_charge_e"": -8, ""site_indices"": [6, 10, 21, 27], ""species"": {""S"": 4}, ""z_A"": 2.61427095247938}, {""formal_charge_e"": 12, ""site_indices"": [40, 48, 50, 55], ""species"": {""In"": 4}, ""z_A"": 2.6543743619956146}, {""formal_charge_e"": -8, ""site_indices"": [3, 12, 16, 29], ""species"": {""S"": 4}, ""z_A"": 2.694477771511851}, {""formal_charge_e"": 4, ""site_indices"": [36, 38], ""species"": {""Zn"": 2}, ""z_A"": 3.981561542993422}, {""formal_charge_e"": -8, ""site_indices"": [0, 15, 22, 30], ""species"": {""S"": 4}, ""z_A"": 5.268645314474995}, {""formal_charge_e"": 12, ""site_indices"": [43, 45, 49, 54], ""species"": {""In"": 4}, ""z_A"": 5.308748723991229}, {""formal_charge_e"": -8, ""site_indices"": [4, 8, 18, 26], ""species"": {""S"": 4}, ""z_A"": 5.3488521335074655}, {""formal_charge_e"": 4, ""site_indices"": [32, 34], ""species"": {""Zn"": 2}, ""z_A"": 6.63593590498904}, {""formal_charge_e"": -8, ""site_indices"": [7, 9, 19, 28], ""species"": {""S"": 4}, ""z_A"": 7.923019994995485}, {""formal_charge_e"": 12, ""site_indices"": [41, 44, 47, 52], ""species"": {""In"": 4}, ""z_A"": 7.963123085986844}, {""formal_charge_e"": -8, ""site_indices"": [2, 13, 23, 25], ""species"": {""S"": 4}, ""z_A"": 8.00322617697821}, {""formal_charge_e"": 4, ""site_indices"": [37, 39], ""species"": {""Zn"": 2}, ""z_A"": 9.290310266984655}, {""formal_charge_e"": -8, ""site_indices"": [1, 11, 14, 24], ""species"": {""S"": 4}, ""z_A"": 10.5773943569911}, {""formal_charge_e"": 12, ""site_indices"": [98, 102, 107, 109], ""species"": {""In"": 4}, ""z_A"": 10.617497447982466}, {""formal_charge_e"": -8, ""site_indices"": [61, 73, 76, 87], ""species"": {""S"": 4}, ""z_A"": 10.657600538973828}, {""formal_charge_e"": 4, ""site_indices"": [89, 91], ""species"": {""Zn"": 2}, ""z_A"": 11.94468462898027}, {""formal_charge_e"": -8, ""site_indices"": [62, 66, 77, 83], ""species"": {""S"": 4}, ""z_A"": 13.231768400461839}, {""formal_charge_e"": 12, ""site_indices"": [96, 104, 106, 111], ""species"": {""In"": 4}, ""z_A"": 13.27187180997808}, {""formal_charge_e"": -8, ""site_indices"": [59, 68, 72, 85], ""species"": {""S"": 4}, ""z_A"": 13.311975219494315}, {""formal_charge_e"": 4, ""site_indices"": [92, 94], ""species"": {""Zn"": 2}, ""z_A"": 14.599058990975884}, {""formal_charge_e"": -8, ""site_indices"": [56, 71, 78, 86], ""species"": {""S"": 4}, ""z_A"": 15.886142762457457}, {""formal_charge_e"": 12, ""site_indices"": [99, 101, 105, 110], ""species"": {""In"": 4}, ""z_A"": 15.926246171973695}, {""formal_charge_e"": -8, ""site_indices"": [60, 64, 74, 82], ""species"": {""S"": 4}, ""z_A"": 15.96634958148993}, {""formal_charge_e"": 4, ""site_indices"": [88, 90], ""species"": {""Zn"": 2}, ""z_A"": 17.2534333529715}, {""formal_charge_e"": -8, ""site_indices"": [63, 65, 75, 84], ""species"": {""S"": 4}, ""z_A"": 18.540517442977944}, {""formal_charge_e"": 12, ""site_indices"": [97, 100, 103, 108], ""species"": {""In"": 4}, ""z_A"": 18.58062053396931}, {""formal_charge_e"": -8, ""site_indices"": [58, 69, 79, 81], ""species"": {""S"": 4}, ""z_A"": 18.620723624960664}, {""formal_charge_e"": 4, ""site_indices"": [93, 95], ""species"": {""Zn"": 2}, ""z_A"": 19.907807714967113}, {""formal_charge_e"": -8, ""site_indices"": [57, 67, 70, 80], ""species"": {""S"": 4}, ""z_A"": 21.194891804973565}]","{""crossing_InS"": 12, ""crossing_ZnS"": 8, ""fractional_shift"": 0.8731114621789251, ""nearest_gap_width_A"": 0.04010309099136218, ""no_first_shell_bond_crosses"": false, ""oriented_bulk_planes"": [{""formal_charge_e"": 4, ""site_indices"": [33, 35], ""species"": {""Zn"": 2}, ""z_A"": 0.0}, {""formal_charge_e"": -8, ""site_indices"": [6, 10, 21, 27], ""species"": {""S"": 4}, ""z_A"": 1.2870837714815717}, {""formal_charge_e"": 12, ""site_indices"": [40, 48, 50, 55], ""species"": {""In"": 4}, ""z_A"": 1.3271871809978075}, {""formal_charge_e"": -8, ""site_indices"": [3, 12, 16, 29], ""species"": {""S"": 4}, ""z_A"": 1.3672905905140447}, {""formal_charge_e"": 4, ""site_indices"": [36, 38], ""species"": {""Zn"": 2}, ""z_A"": 2.654374361995615}, {""formal_charge_e"": -8, ""site_indices"": [0, 15, 22, 30], ""species"": {""S"": 4}, ""z_A"": 3.9414581334771874}, {""formal_charge_e"": 12, ""site_indices"": [43, 45, 49, 54], ""species"": {""In"": 4}, ""z_A"": 3.9815615429934232}, {""formal_charge_e"": -8, ""site_indices"": [4, 8, 18, 26], ""species"": {""S"": 4}, ""z_A"": 4.021664952509658}, {""formal_charge_e"": 4, ""site_indices"": [32, 34], ""species"": {""Zn"": 2}, ""z_A"": 5.30874872399123}, {""formal_charge_e"": -8, ""site_indices"": [7, 9, 19, 28], ""species"": {""S"": 4}, ""z_A"": 6.595832813997677}, {""formal_charge_e"": 12, ""site_indices"": [41, 44, 47, 52], ""species"": {""In"": 4}, ""z_A"": 6.635935904989037}, {""formal_charge_e"": -8, ""site_indices"": [2, 13, 23, 25], ""species"": {""S"": 4}, ""z_A"": 6.6760389959804}, {""formal_charge_e"": 4, ""site_indices"": [37, 39], ""species"": {""Zn"": 2}, ""z_A"": 7.9631230859868465}, {""formal_charge_e"": -8, ""site_indices"": [1, 11, 14, 24], ""species"": {""S"": 4}, ""z_A"": 9.250207175993292}, {""formal_charge_e"": 12, ""site_indices"": [42, 46, 51, 53], ""species"": {""In"": 4}, ""z_A"": 9.290310266984655}, {""formal_charge_e"": -8, ""site_indices"": [5, 17, 20, 31], ""species"": {""S"": 4}, ""z_A"": 9.330413357976017}]}",,spinel_001_t02,,DEFERRED,Equivalent slab-pair duplicate of spinel_001_t02; Uncompensated formal dipole exceeds bounded spinel gate; reconstruction/electronic compensation unresolved,Unrelaxed seed; vacuum/thickness not converged; no energy ranking.
spinel_001_t15,spinel,0,0,1,(001),t15,0.8768885378210749,vasp/wp2_surface_and_facet_screening/structure/bulk_parents/spinel/POSCAR,89fed03927ad1d221915383fbfd61927e9d16798c1f1597737508cc9fa19ab05,"{""final_lattice_A"": [[10.617497447982462, 0.0, 0.0], [0.0, 10.617497447982462, 0.0], [0.0, 0.0, 41.194891804973565]], ""inplane_wrap_integers"": [[0, 0], [0, 0], [0, 0], [0, 0], [0, 0], [0, 0], [0, 0], [0, 0], [0, 0], [0, 0], [0, 0], [0, 0], [0, 0], [0, 0], [0, 0], [0, 0], [0, 0], [0, 0], [0, 0], [0, 0], [0, 0], [0, 0], [0, 0], [0, 0], [0, 0], [0, 0], [0, 0], [0, 0], [0, 0], [0, 0], [0, 0], [0, 0], [0, 0], [0, 0], [0, 0], [0, 0], [0, 0], [0, 0], [0, 0], [0, 0], [0, 0], [0, 0], [0, 0], [0, 0], [0, 0], [0, 0], [0, 0], [0, 0], [0, 0], [0, 0], [0, 0], [0, 0], [0, 0], [0, 0], [0, 0], [0, 0], [0, 0], [0, 0], [0, 0], [0, 0], [0, 0], [0, 0], [0, 0], [0, 0], [0, 0], [0, 0], [0, 0], [0, 0], [0, 0], [0, 0], [0, 0], [0, 0], [0, 0], [0, 0], [0, 0], [0, 0], [0, 0], [0, 0], [0, 0], [0, 0], [0, 0], [0, 0], [0, 0], [0, 0], [0, 0], [0, 0], [0, 0], [0, 0], [0, 0], [0, 0], [0, 0], [0, 0], [0, 0], [0, 0], [0, 0], [0, 0], [0, 0], [0, 0], [0, 0], [0, 0], [0, 0], [0, 0], [0, 0], [0, 0], [0, 0], [0, 0], [0, 0], [0, 0], [0, 0], [0, 0], [0, 0], [0, 0]], ""literal_parent_basis_preserved"": false, ""normal_in_parent_cartesian"": [0.0, 0.0, 1.0], ""normal_sign_relative_to_hkl"": 1, ""oriented_repeat_count"": 2, ""oriented_unit_cell_lattice_A"": [[-10.617497447982462, 0.0, 0.0], [0.0, -10.617497447982462, 0.0], [0.0, 0.0, 10.617497447982462]], ""oriented_unit_cell_matrix"": [[-1, 0, 0], [0, -1, 0], [0, 0, 1]], ""parent_site_indices"": [0, 1, 2, 3, 4, 5, 6, 7, 8, 9, 10, 11, 12, 13, 14, 15, 16, 17, 18, 19, 20, 21, 22, 23, 24, 25, 26, 27, 28, 29, 30, 31, 32, 33, 34, 35, 36, 37, 38, 39, 40, 41, 42, 43, 44, 45, 46, 47, 48, 49, 50, 51, 52, 53, 54, 55, 0, 1, 2, 3, 4, 5, 6, 7, 8, 9, 10, 11, 12, 13, 14, 15, 16, 17, 18, 19, 20, 21, 22, 23, 24, 25, 26, 27, 28, 29, 30, 31, 32, 33, 34, 35, 36, 37, 38, 39, 40, 41, 42, 43, 44, 45, 46, 47, 48, 49, 50, 51, 52, 53, 54, 55], ""raw_lattice_A"": [[-10.617497447982462, 0.0, 0.0], [0.0, -10.617497447982462, 0.0], [0.0, 0.0, 42.46998979192985]], ""row_cartesian_rotation"": [[-1.0, 0.0, 0.0], [0.0, -1.0, 0.0], [0.0, 0.0, 1.0]], ""translation_z_A"": 9.979948454504319}",Zn16 In32 S64,112,16,True,0.0,41.194891804973565,21.194891804973565,20.0,112.73125205791409,spinel_001_t15_upper,spinel_001_t15_lower,False,2,4,4,"{""In"": 8, ""S"": 12, ""Zn"": 2}","[{""coordination"": [[""In"", 3], [""In"", 3], [""In"", 3], [""In"", 3]], ""depth_A"": 0.0, ""species"": {""In"": 4}}, {""coordination"": [[""S"", 3], [""S"", 3], [""S"", 3], [""S"", 3]], ""depth_A"": 0.0401, ""species"": {""S"": 4}}, {""coordination"": [[""Zn"", 2], [""Zn"", 2]], ""depth_A"": 1.32719, ""species"": {""Zn"": 2}}, {""coordination"": [[""S"", 4], [""S"", 4], [""S"", 4], [""S"", 4]], ""depth_A"": 2.61427, ""species"": {""S"": 4}}, {""coordination"": [[""In"", 6], [""In"", 6], [""In"", 6], [""In"", 6]], ""depth_A"": 2.65437, ""species"": {""In"": 4}}, {""coordination"": [[""S"", 4], [""S"", 4], [""S"", 4], [""S"", 4]], ""depth_A"": 2.69448, ""species"": {""S"": 4}}]",2,0,8,"{""In"": 4, ""S"": 12, ""Zn"": 2}","[{""coordination"": [[""S"", 1], [""S"", 1], [""S"", 1], [""S"", 1]], ""depth_A"": 0.0, ""species"": {""S"": 4}}, {""coordination"": [[""Zn"", 2], [""Zn"", 2]], ""depth_A"": 1.28708, ""species"": {""Zn"": 2}}, {""coordination"": [[""S"", 3], [""S"", 3], [""S"", 3], [""S"", 3]], ""depth_A"": 2.57417, ""species"": {""S"": 4}}, {""coordination"": [[""In"", 6], [""In"", 6], [""In"", 6], [""In"", 6]], ""depth_A"": 2.61427, ""species"": {""In"": 4}}, {""coordination"": [[""S"", 4], [""S"", 4], [""S"", 4], [""S"", 4]], ""depth_A"": 2.65437, ""species"": {""S"": 4}}]",8,12,2.368216219779911,CONNECTED,"[{""atom_count"": 112, ""composition"": {""In"": 32, ""S"": 64, ""Zn"": 16}, ""periodic_cycle_vectors"": [[-1, -1, 0], [-1, 0, 0], [0, -1, 0], [0, 1, 0], [1, 0, 0], [1, 1, 0]], ""periodic_rank"": 2, ""site_indices"": [0, 1, 2, 3, 4, 5, 6, 7, 8, 9, 10, 11, 12, 13, 14, 15, 16, 17, 18, 19, 20, 21, 22, 23, 24, 25, 26, 27, 28, 29, 30, 31, 32, 33, 34, 35, 36, 37, 38, 39, 40, 41, 42, 43, 44, 45, 46, 47, 48, 49, 50, 51, 52, 53, 54, 55, 56, 57, 58, 59, 60, 61, 62, 63, 64, 65, 66, 67, 68, 69, 70, 71, 72, 73, 74, 75, 76, 77, 78, 79, 80, 81, 82, 83, 84, 85, 86, 87, 88, 89, 90, 91, 92, 93, 94, 95, 96, 97, 98, 99, 100, 101, 102, 103, 104, 105, 106, 107, 108, 109, 110, 111]}]",HIGH_CONCERN,127.40996937578954,1.1302098313459206,"[{""formal_charge_e"": -8, ""site_indices"": [5, 17, 20, 31], ""species"": {""S"": 4}, ""z_A"": 0.0}, {""formal_charge_e"": 4, ""site_indices"": [33, 35], ""species"": {""Zn"": 2}, ""z_A"": 1.287084090006445}, {""formal_charge_e"": -8, ""site_indices"": [6, 10, 21, 27], ""species"": {""S"": 4}, ""z_A"": 2.574167861488016}, {""formal_charge_e"": 12, ""site_indices"": [40, 48, 50, 55], ""species"": {""In"": 4}, ""z_A"": 2.6142712710042524}, {""formal_charge_e"": -8, ""site_indices"": [3, 12, 16, 29], ""species"": {""S"": 4}, ""z_A"": 2.6543746805204904}, {""formal_charge_e"": 4, ""site_indices"": [36, 38], ""species"": {""Zn"": 2}, ""z_A"": 3.9414584520020597}, {""formal_charge_e"": -8, ""site_indices"": [0, 15, 22, 30], ""species"": {""S"": 4}, ""z_A"": 5.228542223483631}, {""formal_charge_e"": 12, ""site_indices"": [43, 45, 49, 54], ""species"": {""In"": 4}, ""z_A"": 5.268645632999867}, {""formal_charge_e"": -8, ""site_indices"": [4, 8, 18, 26], ""species"": {""S"": 4}, ""z_A"": 5.308749042516107}, {""formal_charge_e"": 4, ""site_indices"": [32, 34], ""species"": {""Zn"": 2}, ""z_A"": 6.595832813997678}, {""formal_charge_e"": -8, ""site_indices"": [7, 9, 19, 28], ""species"": {""S"": 4}, ""z_A"": 7.882916904004123}, {""formal_charge_e"": 12, ""site_indices"": [41, 44, 47, 52], ""species"": {""In"": 4}, ""z_A"": 7.923019994995485}, {""formal_charge_e"": -8, ""site_indices"": [2, 13, 23, 25], ""species"": {""S"": 4}, ""z_A"": 7.963123085986844}, {""formal_charge_e"": 4, ""site_indices"": [37, 39], ""species"": {""Zn"": 2}, ""z_A"": 9.250207175993292}, {""formal_charge_e"": -8, ""site_indices"": [1, 11, 14, 24], ""species"": {""S"": 4}, ""z_A"": 10.537291265999738}, {""formal_charge_e"": 12, ""site_indices"": [42, 46, 51, 53], ""species"": {""In"": 4}, ""z_A"": 10.5773943569911}, {""formal_charge_e"": -8, ""site_indices"": [61, 73, 76, 87], ""species"": {""S"": 4}, ""z_A"": 10.617497447982466}, {""formal_charge_e"": 4, ""site_indices"": [89, 91], ""species"": {""Zn"": 2}, ""z_A"": 11.904581537988907}, {""formal_charge_e"": -8, ""site_indices"": [62, 66, 77, 83], ""species"": {""S"": 4}, ""z_A"": 13.19166530947048}, {""formal_charge_e"": 12, ""site_indices"": [96, 104, 106, 111], ""species"": {""In"": 4}, ""z_A"": 13.231768718986714}, {""formal_charge_e"": -8, ""site_indices"": [59, 68, 72, 85], ""species"": {""S"": 4}, ""z_A"": 13.271872128502952}, {""formal_charge_e"": 4, ""site_indices"": [92, 94], ""species"": {""Zn"": 2}, ""z_A"": 14.558955899984525}, {""formal_charge_e"": -8, ""site_indices"": [56, 71, 78, 86], ""species"": {""S"": 4}, ""z_A"": 15.846039671466094}, {""formal_charge_e"": 12, ""site_indices"": [99, 101, 105, 110], ""species"": {""In"": 4}, ""z_A"": 15.886143080982329}, {""formal_charge_e"": -8, ""site_indices"": [60, 64, 74, 82], ""species"": {""S"": 4}, ""z_A"": 15.926246490498567}, {""formal_charge_e"": 4, ""site_indices"": [88, 90], ""species"": {""Zn"": 2}, ""z_A"": 17.21333026198014}, {""formal_charge_e"": -8, ""site_indices"": [63, 65, 75, 84], ""species"": {""S"": 4}, ""z_A"": 18.50041435198658}, {""formal_charge_e"": 12, ""site_indices"": [97, 100, 103, 108], ""species"": {""In"": 4}, ""z_A"": 18.540517442977944}, {""formal_charge_e"": -8, ""site_indices"": [58, 69, 79, 81], ""species"": {""S"": 4}, ""z_A"": 18.58062053396931}, {""formal_charge_e"": 4, ""site_indices"": [93, 95], ""species"": {""Zn"": 2}, ""z_A"": 19.867704623975754}, {""formal_charge_e"": -8, ""site_indices"": [57, 67, 70, 80], ""species"": {""S"": 4}, ""z_A"": 21.154788713982196}, {""formal_charge_e"": 12, ""site_indices"": [98, 102, 107, 109], ""species"": {""In"": 4}, ""z_A"": 21.194891804973565}]","{""crossing_InS"": 12, ""crossing_ZnS"": 8, ""fractional_shift"": 0.8768885378210749, ""nearest_gap_width_A"": 0.04010309099136218, ""no_first_shell_bond_crosses"": false, ""oriented_bulk_planes"": [{""formal_charge_e"": 4, ""site_indices"": [33, 35], ""species"": {""Zn"": 2}, ""z_A"": 0.0}, {""formal_charge_e"": -8, ""site_indices"": [6, 10, 21, 27], ""species"": {""S"": 4}, ""z_A"": 1.2870837714815717}, {""formal_charge_e"": 12, ""site_indices"": [40, 48, 50, 55], ""species"": {""In"": 4}, ""z_A"": 1.3271871809978075}, {""formal_charge_e"": -8, ""site_indices"": [3, 12, 16, 29], ""species"": {""S"": 4}, ""z_A"": 1.3672905905140447}, {""formal_charge_e"": 4, ""site_indices"": [36, 38], ""species"": {""Zn"": 2}, ""z_A"": 2.654374361995615}, {""formal_charge_e"": -8, ""site_indices"": [0, 15, 22, 30], ""species"": {""S"": 4}, ""z_A"": 3.9414581334771874}, {""formal_charge_e"": 12, ""site_indices"": [43, 45, 49, 54], ""species"": {""In"": 4}, ""z_A"": 3.9815615429934232}, {""formal_charge_e"": -8, ""site_indices"": [4, 8, 18, 26], ""species"": {""S"": 4}, ""z_A"": 4.021664952509658}, {""formal_charge_e"": 4, ""site_indices"": [32, 34], ""species"": {""Zn"": 2}, ""z_A"": 5.30874872399123}, {""formal_charge_e"": -8, ""site_indices"": [7, 9, 19, 28], ""species"": {""S"": 4}, ""z_A"": 6.595832813997677}, {""formal_charge_e"": 12, ""site_indices"": [41, 44, 47, 52], ""species"": {""In"": 4}, ""z_A"": 6.635935904989037}, {""formal_charge_e"": -8, ""site_indices"": [2, 13, 23, 25], ""species"": {""S"": 4}, ""z_A"": 6.6760389959804}, {""formal_charge_e"": 4, ""site_indices"": [37, 39], ""species"": {""Zn"": 2}, ""z_A"": 7.9631230859868465}, {""formal_charge_e"": -8, ""site_indices"": [1, 11, 14, 24], ""species"": {""S"": 4}, ""z_A"": 9.250207175993292}, {""formal_charge_e"": 12, ""site_indices"": [42, 46, 51, 53], ""species"": {""In"": 4}, ""z_A"": 9.290310266984655}, {""formal_charge_e"": -8, ""site_indices"": [5, 17, 20, 31], ""species"": {""S"": 4}, ""z_A"": 9.330413357976017}]}",,spinel_001_t02,,DEFERRED,Equivalent slab-pair duplicate of spinel_001_t02; Uncompensated formal dipole exceeds bounded spinel gate; reconstruction/electronic compensation unresolved,Unrelaxed seed; vacuum/thickness not converged; no energy ranking.
spinel_001_t16,spinel,0,0,1,(001),t16,0.9393885378210749,vasp/wp2_surface_and_facet_screening/structure/bulk_parents/spinel/POSCAR,89fed03927ad1d221915383fbfd61927e9d16798c1f1597737508cc9fa19ab05,"{""final_lattice_A"": [[10.617497447982462, 0.0, 0.0], [0.0, 10.617497447982462, 0.0], [0.0, 0.0, 39.94791080595848]], ""inplane_wrap_integers"": [[0, 0], [0, 0], [0, 0], [0, 0], [0, 0], [0, 0], [0, 0], [0, 0], [0, 0], [0, 0], [0, 0], [0, 0], [0, 0], [0, 0], [0, 0], [0, 0], [0, 0], [0, 0], [0, 0], [0, 0], [0, 0], [0, 0], [0, 0], [0, 0], [0, 0], [0, 0], [0, 0], [0, 0], [0, 0], [0, 0], [0, 0], [0, 0], [0, 0], [0, 0], [0, 0], [0, 0], [0, 0], [0, 0], [0, 0], [0, 0], [0, 0], [0, 0], [0, 0], [0, 0], [0, 0], [0, 0], [0, 0], [0, 0], [0, 0], [0, 0], [0, 0], [0, 0], [0, 0], [0, 0], [0, 0], [0, 0], [0, 0], [0, 0], [0, 0], [0, 0], [0, 0], [0, 0], [0, 0], [0, 0], [0, 0], [0, 0], [0, 0], [0, 0], [0, 0], [0, 0], [0, 0], [0, 0], [0, 0], [0, 0], [0, 0], [0, 0], [0, 0], [0, 0], [0, 0], [0, 0], [0, 0], [0, 0], [0, 0], [0, 0], [0, 0], [0, 0], [0, 0], [0, 0], [0, 0], [0, 0], [0, 0], [0, 0], [0, 0], [0, 0], [0, 0], [0, 0], [0, 0], [0, 0], [0, 0], [0, 0], [0, 0], [0, 0], [0, 0], [0, 0], [0, 0], [0, 0], [0, 0], [0, 0], [0, 0], [0, 0], [0, 0], [0, 0]], ""literal_parent_basis_preserved"": false, ""normal_in_parent_cartesian"": [0.0, 0.0, 1.0], ""normal_sign_relative_to_hkl"": 1, ""oriented_repeat_count"": 2, ""oriented_unit_cell_lattice_A"": [[-10.617497447982462, 0.0, 0.0], [0.0, -10.617497447982462, 0.0], [0.0, 0.0, 10.617497447982462]], ""oriented_unit_cell_matrix"": [[-1, 0, 0], [0, -1, 0], [0, 0, 1]], ""parent_site_indices"": [0, 1, 2, 3, 4, 5, 6, 7, 8, 9, 10, 11, 12, 13, 14, 15, 16, 17, 18, 19, 20, 21, 22, 23, 24, 25, 26, 27, 28, 29, 30, 31, 32, 33, 34, 35, 36, 37, 38, 39, 40, 41, 42, 43, 44, 45, 46, 47, 48, 49, 50, 51, 52, 53, 54, 55, 0, 1, 2, 3, 4, 5, 6, 7, 8, 9, 10, 11, 12, 13, 14, 15, 16, 17, 18, 19, 20, 21, 22, 23, 24, 25, 26, 27, 28, 29, 30, 31, 32, 33, 34, 35, 36, 37, 38, 39, 40, 41, 42, 43, 44, 45, 46, 47, 48, 49, 50, 51, 52, 53, 54, 55], ""raw_lattice_A"": [[-10.617497447982462, 0.0, 0.0], [0.0, -10.617497447982462, 0.0], [0.0, 0.0, 42.46998979192985]], ""row_cartesian_rotation"": [[-1.0, 0.0, 0.0], [0.0, -1.0, 0.0], [0.0, 0.0, 1.0]], ""translation_z_A"": 9.356457954996777}",Zn16 In32 S64,112,16,True,0.0,39.94791080595848,19.94791080595848,20.0,112.73125205791409,spinel_001_t16_upper,spinel_001_t16_lower,False,0,4,8,"{""In"": 8, ""S"": 16, ""Zn"": 2}","[{""coordination"": [[""S"", 3], [""S"", 3], [""S"", 3], [""S"", 3]], ""depth_A"": 0.0, ""species"": {""S"": 4}}, {""coordination"": [[""In"", 5], [""In"", 5], [""In"", 5], [""In"", 5]], ""depth_A"": 0.0401, ""species"": {""In"": 4}}, {""coordination"": [[""S"", 3], [""S"", 3], [""S"", 3], [""S"", 3]], ""depth_A"": 0.08021, ""species"": {""S"": 4}}, {""coordination"": [[""Zn"", 4], [""Zn"", 4]], ""depth_A"": 1.36729, ""species"": {""Zn"": 2}}, {""coordination"": [[""S"", 4], [""S"", 4], [""S"", 4], [""S"", 4]], ""depth_A"": 2.65437, ""species"": {""S"": 4}}, {""coordination"": [[""In"", 6], [""In"", 6], [""In"", 6], [""In"", 6]], ""depth_A"": 2.69448, ""species"": {""In"": 4}}, {""coordination"": [[""S"", 4], [""S"", 4], [""S"", 4], [""S"", 4]], ""depth_A"": 2.73458, ""species"": {""S"": 4}}]",2,4,4,"{""In"": 4, ""S"": 8, ""Zn"": 4}","[{""coordination"": [[""Zn"", 2], [""Zn"", 2]], ""depth_A"": 0.0, ""species"": {""Zn"": 2}}, {""coordination"": [[""S"", 3], [""S"", 3], [""S"", 3], [""S"", 3]], ""depth_A"": 1.28708, ""species"": {""S"": 4}}, {""coordination"": [[""In"", 5], [""In"", 5], [""In"", 5], [""In"", 5]], ""depth_A"": 1.32719, ""species"": {""In"": 4}}, {""coordination"": [[""S"", 4], [""S"", 4], [""S"", 4], [""S"", 4]], ""depth_A"": 1.36729, ""species"": {""S"": 4}}, {""coordination"": [[""Zn"", 4], [""Zn"", 4]], ""depth_A"": 2.65437, ""species"": {""Zn"": 2}}]",4,8,2.368216219779907,CONNECTED,"[{""atom_count"": 112, ""composition"": {""In"": 32, ""S"": 64, ""Zn"": 16}, ""periodic_cycle_vectors"": [[-1, -1, 0], [-1, 0, 0], [-1, 1, 0], [0, -1, 0], [0, 1, 0], [1, -1, 0], [1, 0, 0], [1, 1, 0]], ""periodic_rank"": 2, ""site_indices"": [0, 1, 2, 3, 4, 5, 6, 7, 8, 9, 10, 11, 12, 13, 14, 15, 16, 17, 18, 19, 20, 21, 22, 23, 24, 25, 26, 27, 28, 29, 30, 31, 32, 33, 34, 35, 36, 37, 38, 39, 40, 41, 42, 43, 44, 45, 46, 47, 48, 49, 50, 51, 52, 53, 54, 55, 56, 57, 58, 59, 60, 61, 62, 63, 64, 65, 66, 67, 68, 69, 70, 71, 72, 73, 74, 75, 76, 77, 78, 79, 80, 81, 82, 83, 84, 85, 86, 87, 88, 89, 90, 91, 92, 93, 94, 95, 96, 97, 98, 99, 100, 101, 102, 103, 104, 105, 106, 107, 108, 109, 110, 111]}]",HIGH_CONCERN,-42.46998979192993,-0.37673661044864093,"[{""formal_charge_e"": 4, ""site_indices"": [33, 35], ""species"": {""Zn"": 2}, ""z_A"": 0.0}, {""formal_charge_e"": -8, ""site_indices"": [6, 10, 21, 27], ""species"": {""S"": 4}, ""z_A"": 1.287083771481571}, {""formal_charge_e"": 12, ""site_indices"": [40, 48, 50, 55], ""species"": {""In"": 4}, ""z_A"": 1.327187180997809}, {""formal_charge_e"": -8, ""site_indices"": [3, 12, 16, 29], ""species"": {""S"": 4}, ""z_A"": 1.3672905905140453}, {""formal_charge_e"": 4, ""site_indices"": [36, 38], ""species"": {""Zn"": 2}, ""z_A"": 2.6543743619956164}, {""formal_charge_e"": -8, ""site_indices"": [0, 15, 22, 30], ""species"": {""S"": 4}, ""z_A"": 3.941458133477189}, {""formal_charge_e"": 12, ""site_indices"": [43, 45, 49, 54], ""species"": {""In"": 4}, ""z_A"": 3.9815615429934237}, {""formal_charge_e"": -8, ""site_indices"": [4, 8, 18, 26], ""species"": {""S"": 4}, ""z_A"": 4.021664952509662}, {""formal_charge_e"": 4, ""site_indices"": [32, 34], ""species"": {""Zn"": 2}, ""z_A"": 5.308748723991231}, {""formal_charge_e"": -8, ""site_indices"": [7, 9, 19, 28], ""species"": {""S"": 4}, ""z_A"": 6.595832813997678}, {""formal_charge_e"": 12, ""site_indices"": [41, 44, 47, 52], ""species"": {""In"": 4}, ""z_A"": 6.6359359049890365}, {""formal_charge_e"": -8, ""site_indices"": [2, 13, 23, 25], ""species"": {""S"": 4}, ""z_A"": 6.676038995980399}, {""formal_charge_e"": 4, ""site_indices"": [37, 39], ""species"": {""Zn"": 2}, ""z_A"": 7.963123085986847}, {""formal_charge_e"": -8, ""site_indices"": [1, 11, 14, 24], ""species"": {""S"": 4}, ""z_A"": 9.250207175993292}, {""formal_charge_e"": 12, ""site_indices"": [42, 46, 51, 53], ""species"": {""In"": 4}, ""z_A"": 9.290310266984655}, {""formal_charge_e"": -8, ""site_indices"": [5, 17, 20, 31], ""species"": {""S"": 4}, ""z_A"": 9.330413357976017}, {""formal_charge_e"": 4, ""site_indices"": [89, 91], ""species"": {""Zn"": 2}, ""z_A"": 10.617497447982462}, {""formal_charge_e"": -8, ""site_indices"": [62, 66, 77, 83], ""species"": {""S"": 4}, ""z_A"": 11.904581219464035}, {""formal_charge_e"": 12, ""site_indices"": [96, 104, 106, 111], ""species"": {""In"": 4}, ""z_A"": 11.94468462898027}, {""formal_charge_e"": -8, ""site_indices"": [59, 68, 72, 85], ""species"": {""S"": 4}, ""z_A"": 11.98478803849651}, {""formal_charge_e"": 4, ""site_indices"": [92, 94], ""species"": {""Zn"": 2}, ""z_A"": 13.271871809978084}, {""formal_charge_e"": -8, ""site_indices"": [56, 71, 78, 86], ""species"": {""S"": 4}, ""z_A"": 14.558955581459653}, {""formal_charge_e"": 12, ""site_indices"": [99, 101, 105, 110], ""species"": {""In"": 4}, ""z_A"": 14.599058990975884}, {""formal_charge_e"": -8, ""site_indices"": [60, 64, 74, 82], ""species"": {""S"": 4}, ""z_A"": 14.639162400492122}, {""formal_charge_e"": 4, ""site_indices"": [88, 90], ""species"": {""Zn"": 2}, ""z_A"": 15.926246171973695}, {""formal_charge_e"": -8, ""site_indices"": [63, 65, 75, 84], ""species"": {""S"": 4}, ""z_A"": 17.21333026198014}, {""formal_charge_e"": 12, ""site_indices"": [97, 100, 103, 108], ""species"": {""In"": 4}, ""z_A"": 17.253433352971506}, {""formal_charge_e"": -8, ""site_indices"": [58, 69, 79, 81], ""species"": {""S"": 4}, ""z_A"": 17.293536443962868}, {""formal_charge_e"": 4, ""site_indices"": [93, 95], ""species"": {""Zn"": 2}, ""z_A"": 18.58062053396931}, {""formal_charge_e"": -8, ""site_indices"": [57, 67, 70, 80], ""species"": {""S"": 4}, ""z_A"": 19.867704623975758}, {""formal_charge_e"": 12, ""site_indices"": [98, 102, 107, 109], ""species"": {""In"": 4}, ""z_A"": 19.90780771496712}, {""formal_charge_e"": -8, ""site_indices"": [61, 73, 76, 87], ""species"": {""S"": 4}, ""z_A"": 19.94791080595848}]","{""crossing_InS"": 8, ""crossing_ZnS"": 4, ""fractional_shift"": 0.9393885378210749, ""nearest_gap_width_A"": 1.2870840900064455, ""no_first_shell_bond_crosses"": false, ""oriented_bulk_planes"": [{""formal_charge_e"": 4, ""site_indices"": [33, 35], ""species"": {""Zn"": 2}, ""z_A"": 0.0}, {""formal_charge_e"": -8, ""site_indices"": [6, 10, 21, 27], ""species"": {""S"": 4}, ""z_A"": 1.2870837714815717}, {""formal_charge_e"": 12, ""site_indices"": [40, 48, 50, 55], ""species"": {""In"": 4}, ""z_A"": 1.3271871809978075}, {""formal_charge_e"": -8, ""site_indices"": [3, 12, 16, 29], ""species"": {""S"": 4}, ""z_A"": 1.3672905905140447}, {""formal_charge_e"": 4, ""site_indices"": [36, 38], ""species"": {""Zn"": 2}, ""z_A"": 2.654374361995615}, {""formal_charge_e"": -8, ""site_indices"": [0, 15, 22, 30], ""species"": {""S"": 4}, ""z_A"": 3.9414581334771874}, {""formal_charge_e"": 12, ""site_indices"": [43, 45, 49, 54], ""species"": {""In"": 4}, ""z_A"": 3.9815615429934232}, {""formal_charge_e"": -8, ""site_indices"": [4, 8, 18, 26], ""species"": {""S"": 4}, ""z_A"": 4.021664952509658}, {""formal_charge_e"": 4, ""site_indices"": [32, 34], ""species"": {""Zn"": 2}, ""z_A"": 5.30874872399123}, {""formal_charge_e"": -8, ""site_indices"": [7, 9, 19, 28], ""species"": {""S"": 4}, ""z_A"": 6.595832813997677}, {""formal_charge_e"": 12, ""site_indices"": [41, 44, 47, 52], ""species"": {""In"": 4}, ""z_A"": 6.635935904989037}, {""formal_charge_e"": -8, ""site_indices"": [2, 13, 23, 25], ""species"": {""S"": 4}, ""z_A"": 6.6760389959804}, {""formal_charge_e"": 4, ""site_indices"": [37, 39], ""species"": {""Zn"": 2}, ""z_A"": 7.9631230859868465}, {""formal_charge_e"": -8, ""site_indices"": [1, 11, 14, 24], ""species"": {""S"": 4}, ""z_A"": 9.250207175993292}, {""formal_charge_e"": 12, ""site_indices"": [42, 46, 51, 53], ""species"": {""In"": 4}, ""z_A"": 9.290310266984655}, {""formal_charge_e"": -8, ""site_indices"": [5, 17, 20, 31], ""species"": {""S"": 4}, ""z_A"": 9.330413357976017}]}",,spinel_001_t01,,DEFERRED,Equivalent slab-pair duplicate of spinel_001_t01; Uncompensated formal dipole exceeds bounded spinel gate; reconstruction/electronic compensation unresolved,Unrelaxed seed; vacuum/thickness not converged; no energy ranking.
spinel_110_t01,spinel,1,1,0,(110),t01,0.06061145467892626,vasp/wp2_surface_and_facet_screening/structure/bulk_parents/spinel/POSCAR,89fed03927ad1d221915383fbfd61927e9d16798c1f1597737508cc9fa19ab05,"{""final_lattice_A"": [[10.617497447982462, 0.0, 0.0], [0.0, 15.015408889398524, 0.0], [0.0, 0.0, 33.195197789090074]], ""inplane_wrap_integers"": [[0, 0], [0, 0], [0, 0], [0, 0], [0, 0], [0, 0], [0, 0], [0, 0], [0, 0], [0, 0], [0, 0], [0, 0], [0, 0], [0, 0], [0, 0], [0, 0], [0, 0], [0, 0], [0, 0], [0, 0], [0, 0], [0, 0], [0, 0], [0, 0], [0, 0], [0, 0], [0, 0], [0, 0], [0, 0], [0, 0], [0, 0], [0, 0], [0, 0], [0, 0], [0, 0], [0, 0], [0, 0], [0, 0], [0, 0], [0, 0], [0, 0], [0, 0], [0, 0], [0, 0], [0, 0], [0, -1], [0, 0], [0, 0], [0, 0], [0, 0], [0, 0], [0, 0], [0, 0], [0, 0], [0, 0], [0, 0], [0, 0], [0, 0], [0, 0], [0, 0], [0, 0], [0, 0], [0, 0], [0, 0], [0, 0], [0, 0], [0, 0], [0, 0], [0, 0], [0, 0], [0, 0], [0, 0], [0, 0], [0, 0], [0, 0], [0, 0], [0, 0], [0, 0], [0, 0], [0, 0], [0, 0], [0, -1], [0, 0], [0, 0], [0, 0], [0, 0], [0, 0], [0, 0], [0, 0], [0, 0], [0, 0], [0, 0], [0, 0], [0, 0], [0, 0], [0, 0], [0, 0], [0, 0], [0, 0], [0, 0], [0, 0], [0, 0], [0, 0], [0, 0], [0, 0], [0, 0], [0, 0], [0, 0], [0, 0], [0, 0], [0, 0], [0, 0]], ""literal_parent_basis_preserved"": false, ""normal_in_parent_cartesian"": [-0.7071067811865476, -0.7071067811865476, 0.0], ""normal_sign_relative_to_hkl"": -1, ""oriented_repeat_count"": 1, ""oriented_unit_cell_lattice_A"": [[0.0, 0.0, 10.617497447982462], [-10.617497447982462, 10.617497447982462, 0.0], [-10.617497447982462, -10.617497447982462, 0.0]], ""oriented_unit_cell_matrix"": [[0, 0, 1], [-1, 1, 0], [-1, -1, 0]], ""parent_site_indices"": [0, 0, 1, 1, 2, 2, 3, 3, 4, 4, 5, 5, 6, 6, 7, 7, 8, 8, 9, 9, 10, 10, 11, 11, 12, 12, 13, 13, 14, 14, 15, 15, 16, 16, 17, 17, 18, 18, 19, 19, 20, 20, 21, 21, 22, 22, 23, 23, 24, 24, 25, 25, 26, 26, 27, 27, 28, 28, 29, 29, 30, 30, 31, 31, 32, 32, 33, 33, 34, 34, 35, 35, 36, 36, 37, 37, 38, 38, 39, 39, 40, 40, 41, 41, 42, 42, 43, 43, 44, 44, 45, 45, 46, 46, 47, 47, 48, 48, 49, 49, 50, 50, 51, 51, 52, 52, 53, 53, 54, 54, 55, 55], ""raw_lattice_A"": [[0.0, 0.0, 10.617497447982462], [-10.617497447982462, 10.617497447982462, 0.0], [-31.852492343947386, -31.852492343947386, 0.0]], ""row_cartesian_rotation"": [[0.0, -0.7071067811865476, -0.7071067811865476], [0.0, 0.7071067811865476, -0.7071067811865476], [1.0, 0.0, 0.0]], ""translation_z_A"": 9.089894449845772}",Zn16 In32 S64,112,16,True,0.0,33.195197789090074,13.195197789090074,20.0,159.426065563602,spinel_110_t01_upper,spinel_110_t01_lower,False,4,4,8,"{""In"": 8, ""S"": 16, ""Zn"": 4}","[{""coordination"": [[""In"", 4], [""In"", 4], [""In"", 4], [""In"", 4], [""S"", 3], [""S"", 3], [""S"", 3], [""S"", 3], [""S"", 3], [""S"", 3], [""S"", 3], [""S"", 3], [""Zn"", 3], [""Zn"", 3], [""Zn"", 3], [""Zn"", 3]], ""depth_A"": 0.0, ""species"": {""In"": 4, ""S"": 8, ""Zn"": 4}}, {""coordination"": [[""S"", 4], [""S"", 4], [""S"", 4], [""S"", 4]], ""depth_A"": 1.82021, ""species"": {""S"": 4}}, {""coordination"": [[""In"", 6], [""In"", 6], [""In"", 6], [""In"", 6]], ""depth_A"": 1.87693, ""species"": {""In"": 4}}, {""coordination"": [[""S"", 4], [""S"", 4], [""S"", 4], [""S"", 4]], ""depth_A"": 1.93364, ""species"": {""S"": 4}}]",0,4,8,"{""In"": 8, ""S"": 16, ""Zn"": 4}","[{""coordination"": [[""S"", 2], [""S"", 2], [""S"", 2], [""S"", 2]], ""depth_A"": 0.0, ""species"": {""S"": 4}}, {""coordination"": [[""In"", 4], [""In"", 4], [""In"", 4], [""In"", 4]], ""depth_A"": 0.05671, ""species"": {""In"": 4}}, {""coordination"": [[""S"", 3], [""S"", 3], [""S"", 3], [""S"", 3]], ""depth_A"": 0.11343, ""species"": {""S"": 4}}, {""coordination"": [[""In"", 6], [""In"", 6], [""In"", 6], [""In"", 6], [""S"", 4], [""S"", 4], [""S"", 4], [""S"", 4], [""S"", 4], [""S"", 4], [""S"", 4], [""S"", 4], [""Zn"", 4], [""Zn"", 4], [""Zn"", 4], [""Zn"", 4]], ""depth_A"": 1.93364, ""species"": {""In"": 4, ""S"": 8, ""Zn"": 4}}]",4,16,2.3682162197799097,CONNECTED,"[{""atom_count"": 112, ""composition"": {""In"": 32, ""S"": 64, ""Zn"": 16}, ""periodic_cycle_vectors"": [[-1, -1, 0], [-1, 0, 0], [0, -1, 0], [0, 1, 0], [1, 0, 0], [1, 1, 0]], ""periodic_rank"": 2, ""site_indices"": [0, 1, 2, 3, 4, 5, 6, 7, 8, 9, 10, 11, 12, 13, 14, 15, 16, 17, 18, 19, 20, 21, 22, 23, 24, 25, 26, 27, 28, 29, 30, 31, 32, 33, 34, 35, 36, 37, 38, 39, 40, 41, 42, 43, 44, 45, 46, 47, 48, 49, 50, 51, 52, 53, 54, 55, 56, 57, 58, 59, 60, 61, 62, 63, 64, 65, 66, 67, 68, 69, 70, 71, 72, 73, 74, 75, 76, 77, 78, 79, 80, 81, 82, 83, 84, 85, 86, 87, 88, 89, 90, 91, 92, 93, 94, 95, 96, 97, 98, 99, 100, 101, 102, 103, 104, 105, 106, 107, 108, 109, 110, 111]}]",HIGH_CONCERN,30.030817778797037,0.18836830522432002,"[{""formal_charge_e"": -8, ""site_indices"": [62, 2, 22, 11], ""species"": {""S"": 4}, ""z_A"": 2.252310977723937e-07}, {""formal_charge_e"": 12, ""site_indices"": [94, 100, 97, 104], ""species"": {""In"": 4}, ""z_A"": 0.056714785635263}, {""formal_charge_e"": -8, ""site_indices"": [61, 16, 8, 0], ""species"": {""S"": 4}, ""z_A"": 0.11342934603942822}, {""formal_charge_e"": 4, ""site_indices"": [32, 58, 14, 70, 98, 18, 25, 39, 57, 66, 75, 78, 108, 7, 87, 91], ""species"": {""In"": 4, ""S"": 8, ""Zn"": 4}, ""z_A"": 1.9336408968100791}, {""formal_charge_e"": -8, ""site_indices"": [44, 37, 53, 31], ""species"": {""S"": 4}, ""z_A"": 3.75385244758073}, {""formal_charge_e"": 12, ""site_indices"": [80, 83, 89, 111], ""species"": {""In"": 4}, ""z_A"": 3.8105670079848935}, {""formal_charge_e"": -8, ""site_indices"": [41, 29, 49, 34], ""species"": {""S"": 4}, ""z_A"": 3.867281568389057}, {""formal_charge_e"": 4, ""site_indices"": [5, 27, 13, 21, 68, 77, 103, 107, 65, 73, 85, 93, 43, 51, 55, 47], ""species"": {""In"": 4, ""S"": 8, ""Zn"": 4}, ""z_A"": 5.687493119159711}, {""formal_charge_e"": -8, ""site_indices"": [63, 23, 3, 10], ""species"": {""S"": 4}, ""z_A"": 7.507704669930362}, {""formal_charge_e"": 12, ""site_indices"": [95, 96, 101, 105], ""species"": {""In"": 4}, ""z_A"": 7.564419230334522}, {""formal_charge_e"": -8, ""site_indices"": [60, 9, 17, 1], ""species"": {""S"": 4}, ""z_A"": 7.621133790738689}, {""formal_charge_e"": 4, ""site_indices"": [6, 15, 19, 24, 33, 38, 56, 59, 67, 71, 74, 79, 86, 90, 99, 109], ""species"": {""In"": 4, ""S"": 8, ""Zn"": 4}, ""z_A"": 9.44134534150934}, {""formal_charge_e"": -8, ""site_indices"": [45, 36, 52, 30], ""species"": {""S"": 4}, ""z_A"": 11.261556892279991}, {""formal_charge_e"": 12, ""site_indices"": [81, 82, 88, 110], ""species"": {""In"": 4}, ""z_A"": 11.318271452684154}, {""formal_charge_e"": -8, ""site_indices"": [40, 28, 48, 35], ""species"": {""S"": 4}, ""z_A"": 11.374986013088321}, {""formal_charge_e"": 4, ""site_indices"": [4, 12, 20, 26, 106, 64, 69, 72, 76, 84, 92, 102, 42, 54, 46, 50], ""species"": {""In"": 4, ""S"": 8, ""Zn"": 4}, ""z_A"": 13.195197563858972}]","{""crossing_InS"": 16, ""crossing_ZnS"": 4, ""fractional_shift"": 0.06061145467892626, ""nearest_gap_width_A"": 1.8202111003084538, ""no_first_shell_bond_crosses"": false, ""oriented_bulk_planes"": [{""formal_charge_e"": 12, ""site_indices"": [64, 69, 72, 76, 84, 92, 102, 106, 42, 54, 46, 50], ""species"": {""In"": 4, ""S"": 4, ""Zn"": 4}, ""z_A"": 7.507703252109533e-08}, {""formal_charge_e"": -8, ""site_indices"": [62, 22, 2, 11], ""species"": {""S"": 4}, ""z_A"": 1.8202115507706496}, {""formal_charge_e"": 12, ""site_indices"": [100, 104, 94, 97], ""species"": {""In"": 4}, ""z_A"": 1.8769261111748148}, {""formal_charge_e"": -8, ""site_indices"": [61, 8, 16, 0], ""species"": {""S"": 4}, ""z_A"": 1.9336406715789796}, {""formal_charge_e"": 4, ""site_indices"": [32, 58, 98, 70, 18, 66, 78, 108, 14, 39, 57, 75, 7, 25, 87, 91], ""species"": {""In"": 4, ""S"": 8, ""Zn"": 4}, ""z_A"": 3.7538522223496305}, {""formal_charge_e"": -8, ""site_indices"": [44, 37, 53, 31], ""species"": {""S"": 4}, ""z_A"": 5.574063773120283}, {""formal_charge_e"": 12, ""site_indices"": [80, 83, 89, 111], ""species"": {""In"": 4}, ""z_A"": 5.6307783335244475}, {""formal_charge_e"": -8, ""site_indices"": [41, 29, 49, 34], ""species"": {""S"": 4}, ""z_A"": 5.687492893928611}, {""formal_charge_e"": 4, ""site_indices"": [5, 27, 13, 21, 68, 73, 77, 103, 107, 65, 85, 93, 43, 51, 55, 47], ""species"": {""In"": 4, ""S"": 8, ""Zn"": 4}, ""z_A"": 7.507704444699263}, {""formal_charge_e"": -8, ""site_indices"": [63, 23, 3, 10], ""species"": {""S"": 4}, ""z_A"": 9.327915995469914}, {""formal_charge_e"": 12, ""site_indices"": [95, 96, 101, 105], ""species"": {""In"": 4}, ""z_A"": 9.384630555874079}, {""formal_charge_e"": -8, ""site_indices"": [60, 9, 17, 1], ""species"": {""S"": 4}, ""z_A"": 9.441345116278242}, {""formal_charge_e"": 4, ""site_indices"": [6, 24, 33, 38, 56, 59, 67, 71, 74, 79, 86, 90, 99, 109, 15, 19], ""species"": {""In"": 4, ""S"": 8, ""Zn"": 4}, ""z_A"": 11.261556667048893}, {""formal_charge_e"": -8, ""site_indices"": [45, 36, 52, 30], ""species"": {""S"": 4}, ""z_A"": 13.081768217819542}, {""formal_charge_e"": 12, ""site_indices"": [88, 81, 82, 110], ""species"": {""In"": 4}, ""z_A"": 13.138482778223707}, {""formal_charge_e"": -8, ""site_indices"": [40, 28, 48, 35], ""species"": {""S"": 4}, ""z_A"": 13.195197338627871}, {""formal_charge_e"": -8, ""site_indices"": [4, 12, 20, 26], ""species"": {""S"": 4}, ""z_A"": 15.015408664167424}]}",,,,DEFERRED,Uncompensated formal dipole exceeds bounded spinel gate; reconstruction/electronic compensation unresolved,Unrelaxed seed; vacuum/thickness not converged; no energy ranking.
spinel_110_t02,spinel,1,1,0,(110),t02,0.12311145467892622,vasp/wp2_surface_and_facet_screening/structure/bulk_parents/spinel/POSCAR,89fed03927ad1d221915383fbfd61927e9d16798c1f1597737508cc9fa19ab05,"{""final_lattice_A"": [[10.617497447982462, 0.0, 0.0], [0.0, 15.015408889398524, 0.0], [0.0, 0.0, 34.95869455422546]], ""inplane_wrap_integers"": [[0, 0], [0, 0], [0, 0], [0, 0], [0, 0], [0, 0], [0, 0], [0, 0], [0, 0], [0, 0], [0, 0], [0, 1], [0, 0], [0, 0], [0, 0], [0, 0], [0, 0], [0, 0], [0, 0], [0, 0], [0, 0], [0, 0], [0, 0], [0, 0], [0, 0], [0, 0], [0, 0], [0, 0], [0, 0], [0, 0], [0, 0], [0, 0], [0, 0], [0, 0], [0, 0], [0, 0], [0, 0], [0, 0], [0, 0], [0, 0], [0, 0], [0, 0], [0, 0], [0, 0], [0, 0], [0, -1], [0, 0], [0, 0], [0, 0], [0, 0], [0, 0], [0, 0], [0, 0], [0, 0], [0, 0], [0, 0], [0, 0], [0, 0], [0, 0], [0, 0], [0, 0], [0, 0], [0, 0], [0, 0], [0, 0], [0, 0], [0, 0], [0, 0], [0, 0], [0, 0], [0, 0], [0, 0], [0, 0], [0, 0], [0, 0], [0, 0], [0, 0], [0, 0], [0, 0], [0, 0], [0, 0], [0, 0], [0, 0], [0, 0], [0, 0], [0, 0], [0, 0], [0, 0], [0, 0], [0, 0], [0, 0], [0, 0], [0, 0], [0, 0], [0, 0], [0, 0], [0, 0], [0, 0], [0, 0], [0, 0], [0, 0], [0, 0], [0, 0], [0, 0], [0, 0], [0, 0], [0, 0], [0, 0], [0, 0], [0, 0], [0, 0], [0, 0]], ""literal_parent_basis_preserved"": false, ""normal_in_parent_cartesian"": [-0.7071067811865476, -0.7071067811865476, 0.0], ""normal_sign_relative_to_hkl"": -1, ""oriented_repeat_count"": 1, ""oriented_unit_cell_lattice_A"": [[0.0, 0.0, 10.617497447982462], [-10.617497447982462, 10.617497447982462, 0.0], [-10.617497447982462, -10.617497447982462, 0.0]], ""oriented_unit_cell_matrix"": [[0, 0, 1], [-1, 1, 0], [-1, -1, 0]], ""parent_site_indices"": [0, 0, 1, 1, 2, 2, 3, 3, 4, 4, 5, 5, 6, 6, 7, 7, 8, 8, 9, 9, 10, 10, 11, 11, 12, 12, 13, 13, 14, 14, 15, 15, 16, 16, 17, 17, 18, 18, 19, 19, 20, 20, 21, 21, 22, 22, 23, 23, 24, 24, 25, 25, 26, 26, 27, 27, 28, 28, 29, 29, 30, 30, 31, 31, 32, 32, 33, 33, 34, 34, 35, 35, 36, 36, 37, 37, 38, 38, 39, 39, 40, 40, 41, 41, 42, 42, 43, 43, 44, 44, 45, 45, 46, 46, 47, 47, 48, 48, 49, 49, 50, 50, 51, 51, 52, 52, 53, 53, 54, 54, 55, 55], ""raw_lattice_A"": [[0.0, 0.0, 10.617497447982462], [-10.617497447982462, 10.617497447982462, 0.0], [-31.852492343947386, -31.852492343947386, 0.0]], ""row_cartesian_rotation"": [[0.0, -0.7071067811865476, -0.7071067811865476], [0.0, 0.7071067811865476, -0.7071067811865476], [1.0, 0.0, 0.0]], ""translation_z_A"": 9.971642719797918}",Zn16 In32 S64,112,16,True,0.0,34.95869455422546,14.95869455422546,20.0,159.426065563602,spinel_110_t02_upper,spinel_110_t02_lower,False,4,0,12,"{""In"": 4, ""S"": 12, ""Zn"": 4}","[{""coordination"": [[""S"", 2], [""S"", 2], [""S"", 2], [""S"", 2]], ""depth_A"": 0.0, ""species"": {""S"": 4}}, {""coordination"": [[""In"", 6], [""In"", 6], [""In"", 6], [""In"", 6], [""S"", 3], [""S"", 3], [""S"", 3], [""S"", 3], [""S"", 3], [""S"", 3], [""S"", 3], [""S"", 3], [""Zn"", 3], [""Zn"", 3], [""Zn"", 3], [""Zn"", 3]], ""depth_A"": 1.82021, ""species"": {""In"": 4, ""S"": 8, ""Zn"": 4}}]",4,4,4,"{""In"": 8, ""S"": 12, ""Zn"": 4}","[{""coordination"": [[""In"", 3], [""In"", 3], [""In"", 3], [""In"", 3]], ""depth_A"": 0.0, ""species"": {""In"": 4}}, {""coordination"": [[""S"", 3], [""S"", 3], [""S"", 3], [""S"", 3]], ""depth_A"": 0.05671, ""species"": {""S"": 4}}, {""coordination"": [[""In"", 6], [""In"", 6], [""In"", 6], [""In"", 6], [""S"", 4], [""S"", 4], [""S"", 4], [""S"", 4], [""S"", 4], [""S"", 4], [""S"", 4], [""S"", 4], [""Zn"", 3], [""Zn"", 3], [""Zn"", 3], [""Zn"", 3]], ""depth_A"": 1.87693, ""species"": {""In"": 4, ""S"": 8, ""Zn"": 4}}]",8,12,2.3682162197799093,CONNECTED,"[{""atom_count"": 112, ""composition"": {""In"": 32, ""S"": 64, ""Zn"": 16}, ""periodic_cycle_vectors"": [[-1, -1, 0], [-1, 0, 0], [0, -1, 0], [0, 1, 0], [1, 0, 0], [1, 1, 0]], ""periodic_rank"": 2, ""site_indices"": [0, 1, 2, 3, 4, 5, 6, 7, 8, 9, 10, 11, 12, 13, 14, 15, 16, 17, 18, 19, 20, 21, 22, 23, 24, 25, 26, 27, 28, 29, 30, 31, 32, 33, 34, 35, 36, 37, 38, 39, 40, 41, 42, 43, 44, 45, 46, 47, 48, 49, 50, 51, 52, 53, 54, 55, 56, 57, 58, 59, 60, 61, 62, 63, 64, 65, 66, 67, 68, 69, 70, 71, 72, 73, 74, 75, 76, 77, 78, 79, 80, 81, 82, 83, 84, 85, 86, 87, 88, 89, 90, 91, 92, 93, 94, 95, 96, 97, 98, 99, 100, 101, 102, 103, 104, 105, 106, 107, 108, 109, 110, 111]}]",HIGH_CONCERN,-90.0924533363911,-0.56510491567296,"[{""formal_charge_e"": 12, ""site_indices"": [100, 94, 97, 104], ""species"": {""In"": 4}, ""z_A"": 0.0}, {""formal_charge_e"": -8, ""site_indices"": [61, 8, 16, 0], ""species"": {""S"": 4}, ""z_A"": 0.056714560404165226}, {""formal_charge_e"": 4, ""site_indices"": [32, 70, 14, 18, 58, 66, 75, 78, 98, 108, 7, 25, 39, 57, 87, 91], ""species"": {""In"": 4, ""S"": 8, ""Zn"": 4}, ""z_A"": 1.876926111174818}, {""formal_charge_e"": -8, ""site_indices"": [44, 37, 53, 31], ""species"": {""S"": 4}, ""z_A"": 3.697137661945469}, {""formal_charge_e"": 12, ""site_indices"": [80, 89, 83, 111], ""species"": {""In"": 4}, ""z_A"": 3.753852222349634}, {""formal_charge_e"": -8, ""site_indices"": [41, 49, 29, 34], ""species"": {""S"": 4}, ""z_A"": 3.8105667827537975}, {""formal_charge_e"": 4, ""site_indices"": [5, 27, 13, 21, 68, 65, 73, 77, 85, 93, 103, 107, 43, 47, 51, 55], ""species"": {""In"": 4, ""S"": 8, ""Zn"": 4}, ""z_A"": 5.63077833352445}, {""formal_charge_e"": -8, ""site_indices"": [63, 3, 23, 10], ""species"": {""S"": 4}, ""z_A"": 7.4509898842950975}, {""formal_charge_e"": 12, ""site_indices"": [95, 96, 101, 105], ""species"": {""In"": 4}, ""z_A"": 7.5077044446992645}, {""formal_charge_e"": -8, ""site_indices"": [60, 9, 17, 1], ""species"": {""S"": 4}, ""z_A"": 7.564419005103428}, {""formal_charge_e"": 4, ""site_indices"": [67, 6, 15, 19, 24, 33, 38, 56, 59, 71, 74, 79, 86, 90, 99, 109], ""species"": {""In"": 4, ""S"": 8, ""Zn"": 4}, ""z_A"": 9.384630555874075}, {""formal_charge_e"": -8, ""site_indices"": [45, 36, 52, 30], ""species"": {""S"": 4}, ""z_A"": 11.204842106644726}, {""formal_charge_e"": 12, ""site_indices"": [81, 82, 88, 110], ""species"": {""In"": 4}, ""z_A"": 11.261556667048893}, {""formal_charge_e"": -8, ""site_indices"": [40, 28, 48, 35], ""species"": {""S"": 4}, ""z_A"": 11.31827122745306}, {""formal_charge_e"": 4, ""site_indices"": [4, 12, 20, 26, 64, 69, 72, 76, 84, 92, 102, 106, 42, 46, 50, 54], ""species"": {""In"": 4, ""S"": 8, ""Zn"": 4}, ""z_A"": 13.138482778223711}, {""formal_charge_e"": -8, ""site_indices"": [62, 2, 22, 11], ""species"": {""S"": 4}, ""z_A"": 14.958694328994362}]","{""crossing_InS"": 12, ""crossing_ZnS"": 8, ""fractional_shift"": 0.12311145467892622, ""nearest_gap_width_A"": 0.056714335173065025, ""no_first_shell_bond_crosses"": false, ""oriented_bulk_planes"": [{""formal_charge_e"": 12, ""site_indices"": [64, 69, 72, 76, 84, 92, 102, 106, 42, 54, 46, 50], ""species"": {""In"": 4, ""S"": 4, ""Zn"": 4}, ""z_A"": 7.507703252109533e-08}, {""formal_charge_e"": -8, ""site_indices"": [62, 22, 2, 11], ""species"": {""S"": 4}, ""z_A"": 1.8202115507706496}, {""formal_charge_e"": 12, ""site_indices"": [100, 104, 94, 97], ""species"": {""In"": 4}, ""z_A"": 1.8769261111748148}, {""formal_charge_e"": -8, ""site_indices"": [61, 8, 16, 0], ""species"": {""S"": 4}, ""z_A"": 1.9336406715789796}, {""formal_charge_e"": 4, ""site_indices"": [32, 58, 98, 70, 18, 66, 78, 108, 14, 39, 57, 75, 7, 25, 87, 91], ""species"": {""In"": 4, ""S"": 8, ""Zn"": 4}, ""z_A"": 3.7538522223496305}, {""formal_charge_e"": -8, ""site_indices"": [44, 37, 53, 31], ""species"": {""S"": 4}, ""z_A"": 5.574063773120283}, {""formal_charge_e"": 12, ""site_indices"": [80, 83, 89, 111], ""species"": {""In"": 4}, ""z_A"": 5.6307783335244475}, {""formal_charge_e"": -8, ""site_indices"": [41, 29, 49, 34], ""species"": {""S"": 4}, ""z_A"": 5.687492893928611}, {""formal_charge_e"": 4, ""site_indices"": [5, 27, 13, 21, 68, 73, 77, 103, 107, 65, 85, 93, 43, 51, 55, 47], ""species"": {""In"": 4, ""S"": 8, ""Zn"": 4}, ""z_A"": 7.507704444699263}, {""formal_charge_e"": -8, ""site_indices"": [63, 23, 3, 10], ""species"": {""S"": 4}, ""z_A"": 9.327915995469914}, {""formal_charge_e"": 12, ""site_indices"": [95, 96, 101, 105], ""species"": {""In"": 4}, ""z_A"": 9.384630555874079}, {""formal_charge_e"": -8, ""site_indices"": [60, 9, 17, 1], ""species"": {""S"": 4}, ""z_A"": 9.441345116278242}, {""formal_charge_e"": 4, ""site_indices"": [6, 24, 33, 38, 56, 59, 67, 71, 74, 79, 86, 90, 99, 109, 15, 19], ""species"": {""In"": 4, ""S"": 8, ""Zn"": 4}, ""z_A"": 11.261556667048893}, {""formal_charge_e"": -8, ""site_indices"": [45, 36, 52, 30], ""species"": {""S"": 4}, ""z_A"": 13.081768217819542}, {""formal_charge_e"": 12, ""site_indices"": [88, 81, 82, 110], ""species"": {""In"": 4}, ""z_A"": 13.138482778223707}, {""formal_charge_e"": -8, ""site_indices"": [40, 28, 48, 35], ""species"": {""S"": 4}, ""z_A"": 13.195197338627871}, {""formal_charge_e"": -8, ""site_indices"": [4, 12, 20, 26], ""species"": {""S"": 4}, ""z_A"": 15.015408664167424}]}",,,,DEFERRED,Uncompensated formal dipole exceeds bounded spinel gate; reconstruction/electronic compensation unresolved,Unrelaxed seed; vacuum/thickness not converged; no energy ranking.
spinel_110_t03,spinel,1,1,0,(110),t03,0.1268885453210737,vasp/wp2_surface_and_facet_screening/structure/bulk_parents/spinel/POSCAR,89fed03927ad1d221915383fbfd61927e9d16798c1f1597737508cc9fa19ab05,"{""final_lattice_A"": [[10.617497447982462, 0.0, 0.0], [0.0, 15.015408889398524, 0.0], [0.0, 0.0, 34.95869455422546]], ""inplane_wrap_integers"": [[0, 0], [0, 1], [0, 0], [0, 0], [0, 0], [0, 0], [0, 0], [0, 0], [0, 0], [0, 0], [0, 0], [0, 1], [0, 0], [0, 0], [0, 0], [0, 0], [0, 0], [0, 0], [0, 0], [0, 0], [0, 0], [0, 0], [0, 0], [0, 0], [0, 0], [0, 0], [0, 0], [0, 0], [0, 0], [0, 0], [0, 0], [0, 0], [0, 0], [0, 0], [0, 0], [0, -1], [0, 0], [0, 0], [0, 0], [0, 0], [0, 0], [0, 0], [0, 0], [0, 0], [0, 0], [0, 0], [0, 0], [0, 0], [0, 0], [0, 0], [0, 0], [0, 0], [0, 0], [0, 0], [0, 0], [0, 0], [0, 0], [0, 0], [0, 0], [0, 0], [0, 0], [0, 0], [0, 0], [0, 0], [0, 0], [0, 0], [0, 0], [0, 0], [0, 0], [0, -1], [0, 0], [0, 0], [0, 0], [0, 0], [0, 0], [0, 0], [0, 0], [0, 0], [0, 0], [0, 0], [0, 0], [0, -1], [0, 0], [0, 0], [0, 0], [0, 0], [0, 0], [0, 0], [0, 0], [0, 0], [0, 0], [0, 0], [0, 0], [0, 0], [0, 0], [0, 0], [0, 0], [0, 0], [0, 0], [0, 0], [0, 0], [0, 0], [0, 0], [0, 0], [0, 0], [0, 0], [0, 0], [0, 0], [0, 0], [0, 0], [0, 0], [0, 0]], ""literal_parent_basis_preserved"": false, ""normal_in_parent_cartesian"": [-0.7071067811865476, -0.7071067811865476, 0.0], ""normal_sign_relative_to_hkl"": -1, ""oriented_repeat_count"": 1, ""oriented_unit_cell_lattice_A"": [[0.0, 0.0, 10.617497447982462], [-10.617497447982462, 10.617497447982462, 0.0], [-10.617497447982462, -10.617497447982462, 0.0]], ""oriented_unit_cell_matrix"": [[0, 0, 1], [-1, 1, 0], [-1, -1, 0]], ""parent_site_indices"": [0, 0, 1, 1, 2, 2, 3, 3, 4, 4, 5, 5, 6, 6, 7, 7, 8, 8, 9, 9, 10, 10, 11, 11, 12, 12, 13, 13, 14, 14, 15, 15, 16, 16, 17, 17, 18, 18, 19, 19, 20, 20, 21, 21, 22, 22, 23, 23, 24, 24, 25, 25, 26, 26, 27, 27, 28, 28, 29, 29, 30, 30, 31, 31, 32, 32, 33, 33, 34, 34, 35, 35, 36, 36, 37, 37, 38, 38, 39, 39, 40, 40, 41, 41, 42, 42, 43, 43, 44, 44, 45, 45, 46, 46, 47, 47, 48, 48, 49, 49, 50, 50, 51, 51, 52, 52, 53, 53, 54, 54, 55, 55], ""raw_lattice_A"": [[0.0, 0.0, 10.617497447982462], [-10.617497447982462, 10.617497447982462, 0.0], [-31.852492343947386, -31.852492343947386, 0.0]], ""row_cartesian_rotation"": [[0.0, -0.7071067811865476, -0.7071067811865476], [0.0, 0.7071067811865476, -0.7071067811865476], [1.0, 0.0, 0.0]], ""translation_z_A"": 9.971642945029014}",Zn16 In32 S64,112,16,True,0.0,34.95869455422546,14.958694554225456,20.000000000000004,159.426065563602,spinel_110_t03_upper,spinel_110_t03_lower,False,4,4,4,"{""In"": 8, ""S"": 12, ""Zn"": 4}","[{""coordination"": [[""In"", 3], [""In"", 3], [""In"", 3], [""In"", 3]], ""depth_A"": 0.0, ""species"": {""In"": 4}}, {""coordination"": [[""S"", 3], [""S"", 3], [""S"", 3], [""S"", 3]], ""depth_A"": 0.05671, ""species"": {""S"": 4}}, {""coordination"": [[""In"", 6], [""In"", 6], [""In"", 6], [""In"", 6], [""S"", 4], [""S"", 4], [""S"", 4], [""S"", 4], [""S"", 4], [""S"", 4], [""S"", 4], [""S"", 4], [""Zn"", 3], [""Zn"", 3], [""Zn"", 3], [""Zn"", 3]], ""depth_A"": 1.87693, ""species"": {""In"": 4, ""S"": 8, ""Zn"": 4}}]",4,0,12,"{""In"": 4, ""S"": 12, ""Zn"": 4}","[{""coordination"": [[""S"", 2], [""S"", 2], [""S"", 2], [""S"", 2]], ""depth_A"": 0.0, ""species"": {""S"": 4}}, {""coordination"": [[""In"", 6], [""In"", 6], [""In"", 6], [""In"", 6], [""S"", 3], [""S"", 3], [""S"", 3], [""S"", 3], [""S"", 3], [""S"", 3], [""S"", 3], [""S"", 3], [""Zn"", 3], [""Zn"", 3], [""Zn"", 3], [""Zn"", 3]], ""depth_A"": 1.82021, ""species"": {""In"": 4, ""S"": 8, ""Zn"": 4}}]",8,12,2.3682162197799084,CONNECTED,"[{""atom_count"": 112, ""composition"": {""In"": 32, ""S"": 64, ""Zn"": 16}, ""periodic_cycle_vectors"": [[-1, -1, 0], [-1, 0, 0], [0, -1, 0], [0, 1, 0], [1, 0, 0], [1, 1, 0]], ""periodic_rank"": 2, ""site_indices"": [0, 1, 2, 3, 4, 5, 6, 7, 8, 9, 10, 11, 12, 13, 14, 15, 16, 17, 18, 19, 20, 21, 22, 23, 24, 25, 26, 27, 28, 29, 30, 31, 32, 33, 34, 35, 36, 37, 38, 39, 40, 41, 42, 43, 44, 45, 46, 47, 48, 49, 50, 51, 52, 53, 54, 55, 56, 57, 58, 59, 60, 61, 62, 63, 64, 65, 66, 67, 68, 69, 70, 71, 72, 73, 74, 75, 76, 77, 78, 79, 80, 81, 82, 83, 84, 85, 86, 87, 88, 89, 90, 91, 92, 93, 94, 95, 96, 97, 98, 99, 100, 101, 102, 103, 104, 105, 106, 107, 108, 109, 110, 111]}]",HIGH_CONCERN,90.09245333639117,0.5651049156729604,"[{""formal_charge_e"": -8, ""site_indices"": [61, 8, 16, 0], ""species"": {""S"": 4}, ""z_A"": 2.252310977723937e-07}, {""formal_charge_e"": 4, ""site_indices"": [32, 58, 18, 66, 70, 78, 98, 108, 7, 14, 25, 39, 57, 75, 87, 91], ""species"": {""In"": 4, ""S"": 8, ""Zn"": 4}, ""z_A"": 1.8202117760017487}, {""formal_charge_e"": -8, ""site_indices"": [44, 37, 53, 31], ""species"": {""S"": 4}, ""z_A"": 3.6404233267723995}, {""formal_charge_e"": 12, ""site_indices"": [80, 83, 89, 111], ""species"": {""In"": 4}, ""z_A"": 3.6971378871765648}, {""formal_charge_e"": -8, ""site_indices"": [41, 29, 49, 34], ""species"": {""S"": 4}, ""z_A"": 3.7538524475807282}, {""formal_charge_e"": 4, ""site_indices"": [5, 13, 27, 21, 68, 73, 77, 103, 107, 65, 85, 93, 43, 51, 55, 47], ""species"": {""In"": 4, ""S"": 8, ""Zn"": 4}, ""z_A"": 5.574063998351381}, {""formal_charge_e"": -8, ""site_indices"": [63, 23, 3, 10], ""species"": {""S"": 4}, ""z_A"": 7.394275549122028}, {""formal_charge_e"": 12, ""site_indices"": [95, 96, 101, 105], ""species"": {""In"": 4}, ""z_A"": 7.450990109526195}, {""formal_charge_e"": -8, ""site_indices"": [60, 9, 17, 1], ""species"": {""S"": 4}, ""z_A"": 7.507704669930362}, {""formal_charge_e"": 4, ""site_indices"": [24, 38, 86, 6, 33, 56, 59, 67, 71, 74, 79, 90, 99, 109, 15, 19], ""species"": {""In"": 4, ""S"": 8, ""Zn"": 4}, ""z_A"": 9.32791622070101}, {""formal_charge_e"": -8, ""site_indices"": [45, 52, 36, 30], ""species"": {""S"": 4}, ""z_A"": 11.148127771471657}, {""formal_charge_e"": 12, ""site_indices"": [81, 82, 88, 110], ""species"": {""In"": 4}, ""z_A"": 11.204842331875824}, {""formal_charge_e"": -8, ""site_indices"": [40, 28, 48, 35], ""species"": {""S"": 4}, ""z_A"": 11.261556892279991}, {""formal_charge_e"": 4, ""site_indices"": [4, 12, 20, 26, 64, 69, 72, 76, 84, 92, 102, 106, 42, 46, 50, 54], ""species"": {""In"": 4, ""S"": 8, ""Zn"": 4}, ""z_A"": 13.081768443050642}, {""formal_charge_e"": -8, ""site_indices"": [62, 2, 22, 11], ""species"": {""S"": 4}, ""z_A"": 14.90197999382129}, {""formal_charge_e"": 12, ""site_indices"": [97, 100, 94, 104], ""species"": {""In"": 4}, ""z_A"": 14.958694554225456}]","{""crossing_InS"": 12, ""crossing_ZnS"": 8, ""fractional_shift"": 0.1268885453210737, ""nearest_gap_width_A"": 0.05671433517306669, ""no_first_shell_bond_crosses"": false, ""oriented_bulk_planes"": [{""formal_charge_e"": 12, ""site_indices"": [64, 69, 72, 76, 84, 92, 102, 106, 42, 54, 46, 50], ""species"": {""In"": 4, ""S"": 4, ""Zn"": 4}, ""z_A"": 7.507703252109533e-08}, {""formal_charge_e"": -8, ""site_indices"": [62, 22, 2, 11], ""species"": {""S"": 4}, ""z_A"": 1.8202115507706496}, {""formal_charge_e"": 12, ""site_indices"": [100, 104, 94, 97], ""species"": {""In"": 4}, ""z_A"": 1.8769261111748148}, {""formal_charge_e"": -8, ""site_indices"": [61, 8, 16, 0], ""species"": {""S"": 4}, ""z_A"": 1.9336406715789796}, {""formal_charge_e"": 4, ""site_indices"": [32, 58, 98, 70, 18, 66, 78, 108, 14, 39, 57, 75, 7, 25, 87, 91], ""species"": {""In"": 4, ""S"": 8, ""Zn"": 4}, ""z_A"": 3.7538522223496305}, {""formal_charge_e"": -8, ""site_indices"": [44, 37, 53, 31], ""species"": {""S"": 4}, ""z_A"": 5.574063773120283}, {""formal_charge_e"": 12, ""site_indices"": [80, 83, 89, 111], ""species"": {""In"": 4}, ""z_A"": 5.6307783335244475}, {""formal_charge_e"": -8, ""site_indices"": [41, 29, 49, 34], ""species"": {""S"": 4}, ""z_A"": 5.687492893928611}, {""formal_charge_e"": 4, ""site_indices"": [5, 27, 13, 21, 68, 73, 77, 103, 107, 65, 85, 93, 43, 51, 55, 47], ""species"": {""In"": 4, ""S"": 8, ""Zn"": 4}, ""z_A"": 7.507704444699263}, {""formal_charge_e"": -8, ""site_indices"": [63, 23, 3, 10], ""species"": {""S"": 4}, ""z_A"": 9.327915995469914}, {""formal_charge_e"": 12, ""site_indices"": [95, 96, 101, 105], ""species"": {""In"": 4}, ""z_A"": 9.384630555874079}, {""formal_charge_e"": -8, ""site_indices"": [60, 9, 17, 1], ""species"": {""S"": 4}, ""z_A"": 9.441345116278242}, {""formal_charge_e"": 4, ""site_indices"": [6, 24, 33, 38, 56, 59, 67, 71, 74, 79, 86, 90, 99, 109, 15, 19], ""species"": {""In"": 4, ""S"": 8, ""Zn"": 4}, ""z_A"": 11.261556667048893}, {""formal_charge_e"": -8, ""site_indices"": [45, 36, 52, 30], ""species"": {""S"": 4}, ""z_A"": 13.081768217819542}, {""formal_charge_e"": 12, ""site_indices"": [88, 81, 82, 110], ""species"": {""In"": 4}, ""z_A"": 13.138482778223707}, {""formal_charge_e"": -8, ""site_indices"": [40, 28, 48, 35], ""species"": {""S"": 4}, ""z_A"": 13.195197338627871}, {""formal_charge_e"": -8, ""site_indices"": [4, 12, 20, 26], ""species"": {""S"": 4}, ""z_A"": 15.015408664167424}]}",,spinel_110_t02,,DEFERRED,Equivalent slab-pair duplicate of spinel_110_t02; Uncompensated formal dipole exceeds bounded spinel gate; reconstruction/electronic compensation unresolved,Unrelaxed seed; vacuum/thickness not converged; no energy ranking.
spinel_110_t04,spinel,1,1,0,(110),t04,0.1893885453210737,vasp/wp2_surface_and_facet_screening/structure/bulk_parents/spinel/POSCAR,89fed03927ad1d221915383fbfd61927e9d16798c1f1597737508cc9fa19ab05,"{""final_lattice_A"": [[10.617497447982462, 0.0, 0.0], [0.0, 15.015408889398524, 0.0], [0.0, 0.0, 33.19519756385897]], ""inplane_wrap_integers"": [[0, 0], [0, 0], [0, 0], [0, 0], [0, 0], [0, 0], [0, 0], [0, 0], [0, 0], [0, 0], [0, 0], [0, 0], [0, 0], [0, 0], [0, 0], [0, 0], [0, 0], [0, 0], [0, 0], [0, 0], [0, 0], [0, 0], [0, 0], [0, 0], [0, 0], [0, 0], [0, 0], [0, 0], [0, 0], [0, 0], [0, 0], [0, 0], [0, 0], [0, 0], [0, 0], [0, 0], [0, 0], [0, 0], [0, 0], [0, 0], [0, 0], [0, 0], [0, 0], [0, 0], [0, 0], [0, 0], [0, 0], [0, 0], [0, 0], [0, 0], [0, 0], [0, 0], [0, 0], [0, 0], [0, 0], [0, 0], [0, 0], [0, 0], [0, 0], [0, 0], [0, 0], [0, 0], [0, 0], [0, 0], [0, 0], [0, 0], [0, 0], [0, 0], [0, 0], [0, 0], [0, 0], [0, 0], [0, 0], [0, 0], [0, 0], [0, 0], [0, 0], [0, 0], [0, 0], [0, 0], [0, 0], [0, 0], [0, 0], [0, 0], [0, 0], [0, 0], [0, 0], [0, 0], [0, 0], [0, 0], [0, 0], [0, 0], [0, 0], [0, 0], [0, 0], [0, 0], [0, 0], [0, 0], [0, 0], [0, 0], [0, 0], [0, 0], [0, 0], [0, 0], [0, 0], [0, 0], [0, 0], [0, 0], [0, 0], [0, 0], [0, 0], [0, 0]], ""literal_parent_basis_preserved"": false, ""normal_in_parent_cartesian"": [-0.7071067811865476, -0.7071067811865476, 0.0], ""normal_sign_relative_to_hkl"": -1, ""oriented_repeat_count"": 1, ""oriented_unit_cell_lattice_A"": [[0.0, 0.0, 10.617497447982462], [-10.617497447982462, 10.617497447982462, 0.0], [-10.617497447982462, -10.617497447982462, 0.0]], ""oriented_unit_cell_matrix"": [[0, 0, 1], [-1, 1, 0], [-1, -1, 0]], ""parent_site_indices"": [0, 0, 1, 1, 2, 2, 3, 3, 4, 4, 5, 5, 6, 6, 7, 7, 8, 8, 9, 9, 10, 10, 11, 11, 12, 12, 13, 13, 14, 14, 15, 15, 16, 16, 17, 17, 18, 18, 19, 19, 20, 20, 21, 21, 22, 22, 23, 23, 24, 24, 25, 25, 26, 26, 27, 27, 28, 28, 29, 29, 30, 30, 31, 31, 32, 32, 33, 33, 34, 34, 35, 35, 36, 36, 37, 37, 38, 38, 39, 39, 40, 40, 41, 41, 42, 42, 43, 43, 44, 44, 45, 45, 46, 46, 47, 47, 48, 48, 49, 49, 50, 50, 51, 51, 52, 52, 53, 53, 54, 54, 55, 55], ""raw_lattice_A"": [[0.0, 0.0, 10.617497447982462], [-10.617497447982462, 10.617497447982462, 0.0], [-31.852492343947386, -31.852492343947386, 0.0]], ""row_cartesian_rotation"": [[0.0, -0.7071067811865476, -0.7071067811865476], [0.0, 0.7071067811865476, -0.7071067811865476], [1.0, 0.0, 0.0]], ""translation_z_A"": 9.089894224614678}",Zn16 In32 S64,112,16,True,0.0,33.19519756385897,13.195197563858974,19.999999999999993,159.426065563602,spinel_110_t04_upper,spinel_110_t04_lower,False,0,4,8,"{""In"": 8, ""S"": 16, ""Zn"": 4}","[{""coordination"": [[""S"", 2], [""S"", 2], [""S"", 2], [""S"", 2]], ""depth_A"": 0.0, ""species"": {""S"": 4}}, {""coordination"": [[""In"", 4], [""In"", 4], [""In"", 4], [""In"", 4]], ""depth_A"": 0.05671, ""species"": {""In"": 4}}, {""coordination"": [[""S"", 3], [""S"", 3], [""S"", 3], [""S"", 3]], ""depth_A"": 0.11343, ""species"": {""S"": 4}}, {""coordination"": [[""In"", 6], [""In"", 6], [""In"", 6], [""In"", 6], [""S"", 4], [""S"", 4], [""S"", 4], [""S"", 4], [""S"", 4], [""S"", 4], [""S"", 4], [""S"", 4], [""Zn"", 4], [""Zn"", 4], [""Zn"", 4], [""Zn"", 4]], ""depth_A"": 1.93364, ""species"": {""In"": 4, ""S"": 8, ""Zn"": 4}}]",4,4,8,"{""In"": 8, ""S"": 16, ""Zn"": 4}","[{""coordination"": [[""In"", 4], [""In"", 4], [""In"", 4], [""In"", 4], [""S"", 3], [""S"", 3], [""S"", 3], [""S"", 3], [""S"", 3], [""S"", 3], [""S"", 3], [""S"", 3], [""Zn"", 3], [""Zn"", 3], [""Zn"", 3], [""Zn"", 3]], ""depth_A"": 0.0, ""species"": {""In"": 4, ""S"": 8, ""Zn"": 4}}, {""coordination"": [[""S"", 4], [""S"", 4], [""S"", 4], [""S"", 4]], ""depth_A"": 1.82021, ""species"": {""S"": 4}}, {""coordination"": [[""In"", 6], [""In"", 6], [""In"", 6], [""In"", 6]], ""depth_A"": 1.87693, ""species"": {""In"": 4}}, {""coordination"": [[""S"", 4], [""S"", 4], [""S"", 4], [""S"", 4]], ""depth_A"": 1.93364, ""species"": {""S"": 4}}]",4,16,2.368216219779909,CONNECTED,"[{""atom_count"": 112, ""composition"": {""In"": 32, ""S"": 64, ""Zn"": 16}, ""periodic_cycle_vectors"": [[-1, 0, 0], [-1, 1, 0], [0, -1, 0], [0, 1, 0], [1, -1, 0], [1, 0, 0]], ""periodic_rank"": 2, ""site_indices"": [0, 1, 2, 3, 4, 5, 6, 7, 8, 9, 10, 11, 12, 13, 14, 15, 16, 17, 18, 19, 20, 21, 22, 23, 24, 25, 26, 27, 28, 29, 30, 31, 32, 33, 34, 35, 36, 37, 38, 39, 40, 41, 42, 43, 44, 45, 46, 47, 48, 49, 50, 51, 52, 53, 54, 55, 56, 57, 58, 59, 60, 61, 62, 63, 64, 65, 66, 67, 68, 69, 70, 71, 72, 73, 74, 75, 76, 77, 78, 79, 80, 81, 82, 83, 84, 85, 86, 87, 88, 89, 90, 91, 92, 93, 94, 95, 96, 97, 98, 99, 100, 101, 102, 103, 104, 105, 106, 107, 108, 109, 110, 111]}]",HIGH_CONCERN,-30.030817778797086,-0.18836830522432033,"[{""formal_charge_e"": 4, ""site_indices"": [32, 58, 98, 7, 14, 18, 39, 66, 70, 78, 108, 25, 57, 75, 87, 91], ""species"": {""In"": 4, ""S"": 8, ""Zn"": 4}, ""z_A"": 3.552713678800501e-15}, {""formal_charge_e"": -8, ""site_indices"": [44, 37, 53, 31], ""species"": {""S"": 4}, ""z_A"": 1.820211550770658}, {""formal_charge_e"": 12, ""site_indices"": [80, 83, 89, 111], ""species"": {""In"": 4}, ""z_A"": 1.8769261111748197}, {""formal_charge_e"": -8, ""site_indices"": [41, 29, 49, 34], ""species"": {""S"": 4}, ""z_A"": 1.9336406715789867}, {""formal_charge_e"": 4, ""site_indices"": [27, 5, 13, 21, 68, 65, 73, 77, 85, 93, 103, 107, 43, 47, 51, 55], ""species"": {""In"": 4, ""S"": 8, ""Zn"": 4}, ""z_A"": 3.7538522223496376}, {""formal_charge_e"": -8, ""site_indices"": [63, 23, 3, 10], ""species"": {""S"": 4}, ""z_A"": 5.574063773120287}, {""formal_charge_e"": 12, ""site_indices"": [95, 96, 101, 105], ""species"": {""In"": 4}, ""z_A"": 5.630778333524452}, {""formal_charge_e"": -8, ""site_indices"": [60, 9, 17, 1], ""species"": {""S"": 4}, ""z_A"": 5.687492893928617}, {""formal_charge_e"": 4, ""site_indices"": [6, 24, 33, 38, 56, 59, 67, 71, 74, 79, 86, 90, 99, 109, 15, 19], ""species"": {""In"": 4, ""S"": 8, ""Zn"": 4}, ""z_A"": 7.507704444699266}, {""formal_charge_e"": -8, ""site_indices"": [45, 36, 52, 30], ""species"": {""S"": 4}, ""z_A"": 9.327915995469914}, {""formal_charge_e"": 12, ""site_indices"": [81, 82, 88, 110], ""species"": {""In"": 4}, ""z_A"": 9.38463055587408}, {""formal_charge_e"": -8, ""site_indices"": [40, 28, 48, 35], ""species"": {""S"": 4}, ""z_A"": 9.441345116278244}, {""formal_charge_e"": 4, ""site_indices"": [4, 12, 20, 26, 64, 69, 72, 76, 84, 92, 102, 106, 42, 46, 50, 54], ""species"": {""In"": 4, ""S"": 8, ""Zn"": 4}, ""z_A"": 11.261556667048898}, {""formal_charge_e"": -8, ""site_indices"": [62, 2, 22, 11], ""species"": {""S"": 4}, ""z_A"": 13.081768217819546}, {""formal_charge_e"": 12, ""site_indices"": [94, 97, 100, 104], ""species"": {""In"": 4}, ""z_A"": 13.138482778223713}, {""formal_charge_e"": -8, ""site_indices"": [61, 8, 16, 0], ""species"": {""S"": 4}, ""z_A"": 13.195197338627876}]","{""crossing_InS"": 16, ""crossing_ZnS"": 4, ""fractional_shift"": 0.1893885453210737, ""nearest_gap_width_A"": 1.8202113255395507, ""no_first_shell_bond_crosses"": false, ""oriented_bulk_planes"": [{""formal_charge_e"": 12, ""site_indices"": [64, 69, 72, 76, 84, 92, 102, 106, 42, 54, 46, 50], ""species"": {""In"": 4, ""S"": 4, ""Zn"": 4}, ""z_A"": 7.507703252109533e-08}, {""formal_charge_e"": -8, ""site_indices"": [62, 22, 2, 11], ""species"": {""S"": 4}, ""z_A"": 1.8202115507706496}, {""formal_charge_e"": 12, ""site_indices"": [100, 104, 94, 97], ""species"": {""In"": 4}, ""z_A"": 1.8769261111748148}, {""formal_charge_e"": -8, ""site_indices"": [61, 8, 16, 0], ""species"": {""S"": 4}, ""z_A"": 1.9336406715789796}, {""formal_charge_e"": 4, ""site_indices"": [32, 58, 98, 70, 18, 66, 78, 108, 14, 39, 57, 75, 7, 25, 87, 91], ""species"": {""In"": 4, ""S"": 8, ""Zn"": 4}, ""z_A"": 3.7538522223496305}, {""formal_charge_e"": -8, ""site_indices"": [44, 37, 53, 31], ""species"": {""S"": 4}, ""z_A"": 5.574063773120283}, {""formal_charge_e"": 12, ""site_indices"": [80, 83, 89, 111], ""species"": {""In"": 4}, ""z_A"": 5.6307783335244475}, {""formal_charge_e"": -8, ""site_indices"": [41, 29, 49, 34], ""species"": {""S"": 4}, ""z_A"": 5.687492893928611}, {""formal_charge_e"": 4, ""site_indices"": [5, 27, 13, 21, 68, 73, 77, 103, 107, 65, 85, 93, 43, 51, 55, 47], ""species"": {""In"": 4, ""S"": 8, ""Zn"": 4}, ""z_A"": 7.507704444699263}, {""formal_charge_e"": -8, ""site_indices"": [63, 23, 3, 10], ""species"": {""S"": 4}, ""z_A"": 9.327915995469914}, {""formal_charge_e"": 12, ""site_indices"": [95, 96, 101, 105], ""species"": {""In"": 4}, ""z_A"": 9.384630555874079}, {""formal_charge_e"": -8, ""site_indices"": [60, 9, 17, 1], ""species"": {""S"": 4}, ""z_A"": 9.441345116278242}, {""formal_charge_e"": 4, ""site_indices"": [6, 24, 33, 38, 56, 59, 67, 71, 74, 79, 86, 90, 99, 109, 15, 19], ""species"": {""In"": 4, ""S"": 8, ""Zn"": 4}, ""z_A"": 11.261556667048893}, {""formal_charge_e"": -8, ""site_indices"": [45, 36, 52, 30], ""species"": {""S"": 4}, ""z_A"": 13.081768217819542}, {""formal_charge_e"": 12, ""site_indices"": [88, 81, 82, 110], ""species"": {""In"": 4}, ""z_A"": 13.138482778223707}, {""formal_charge_e"": -8, ""site_indices"": [40, 28, 48, 35], ""species"": {""S"": 4}, ""z_A"": 13.195197338627871}, {""formal_charge_e"": -8, ""site_indices"": [4, 12, 20, 26], ""species"": {""S"": 4}, ""z_A"": 15.015408664167424}]}",,spinel_110_t01,,DEFERRED,Equivalent slab-pair duplicate of spinel_110_t01; Uncompensated formal dipole exceeds bounded spinel gate; reconstruction/electronic compensation unresolved,Unrelaxed seed; vacuum/thickness not converged; no energy ranking.
spinel_110_t05,spinel,1,1,0,(110),t05,0.31061145467892626,vasp/wp2_surface_and_facet_screening/structure/bulk_parents/spinel/POSCAR,89fed03927ad1d221915383fbfd61927e9d16798c1f1597737508cc9fa19ab05,"{""final_lattice_A"": [[10.617497447982462, 0.0, 0.0], [0.0, 15.015408889398524, 0.0], [0.0, 0.0, 33.19519756385898]], ""inplane_wrap_integers"": [[0, 0], [0, 0], [0, 0], [0, 0], [0, 0], [0, 0], [0, 0], [0, 0], [0, 0], [0, 0], [0, 0], [0, 0], [0, 0], [0, 0], [0, 0], [0, 0], [0, 0], [0, 0], [0, 0], [0, 0], [0, 0], [0, 0], [0, 0], [0, 0], [0, 0], [0, 0], [0, 0], [0, 0], [0, 0], [0, 0], [0, 0], [0, 0], [0, 0], [0, 0], [0, 0], [0, 0], [0, 0], [0, 0], [0, 0], [0, 0], [0, 0], [0, 0], [0, 0], [0, 0], [0, 0], [0, -1], [0, 0], [0, 0], [0, 0], [0, 0], [0, 0], [0, 0], [0, 0], [0, 0], [0, 0], [0, 0], [0, 0], [0, 0], [0, 0], [0, 0], [0, 0], [0, 0], [0, 0], [0, 0], [0, 0], [0, 0], [0, 0], [0, 0], [0, 0], [0, 0], [0, 0], [0, 0], [0, 0], [0, 0], [0, 0], [0, 0], [0, 0], [0, 0], [0, 0], [0, 0], [0, 0], [0, 0], [0, 0], [0, 0], [0, 0], [0, 0], [0, 0], [0, 0], [0, 0], [0, 0], [0, 0], [0, 0], [0, 0], [0, 0], [0, 0], [0, 0], [0, 0], [0, 1], [0, 0], [0, 0], [0, 0], [0, 0], [0, 0], [0, 0], [0, 0], [0, 0], [0, 0], [0, 0], [0, 0], [0, 0], [0, 0], [0, 0]], ""literal_parent_basis_preserved"": false, ""normal_in_parent_cartesian"": [-0.7071067811865476, -0.7071067811865476, 0.0], ""normal_sign_relative_to_hkl"": -1, ""oriented_repeat_count"": 1, ""oriented_unit_cell_lattice_A"": [[0.0, 0.0, 10.617497447982462], [-10.617497447982462, 10.617497447982462, 0.0], [-10.617497447982462, -10.617497447982462, 0.0]], ""oriented_unit_cell_matrix"": [[0, 0, 1], [-1, 1, 0], [-1, -1, 0]], ""parent_site_indices"": [0, 0, 1, 1, 2, 2, 3, 3, 4, 4, 5, 5, 6, 6, 7, 7, 8, 8, 9, 9, 10, 10, 11, 11, 12, 12, 13, 13, 14, 14, 15, 15, 16, 16, 17, 17, 18, 18, 19, 19, 20, 20, 21, 21, 22, 22, 23, 23, 24, 24, 25, 25, 26, 26, 27, 27, 28, 28, 29, 29, 30, 30, 31, 31, 32, 32, 33, 33, 34, 34, 35, 35, 36, 36, 37, 37, 38, 38, 39, 39, 40, 40, 41, 41, 42, 42, 43, 43, 44, 44, 45, 45, 46, 46, 47, 47, 48, 48, 49, 49, 50, 50, 51, 51, 52, 52, 53, 53, 54, 54, 55, 55], ""raw_lattice_A"": [[0.0, 0.0, 10.617497447982462], [-10.617497447982462, 10.617497447982462, 0.0], [-31.852492343947386, -31.852492343947386, 0.0]], ""row_cartesian_rotation"": [[0.0, -0.7071067811865476, -0.7071067811865476], [0.0, 0.7071067811865476, -0.7071067811865476], [1.0, 0.0, 0.0]], ""translation_z_A"": 9.089894449845776}",Zn16 In32 S64,112,16,True,0.0,33.19519756385898,13.19519756385898,20.000000000000004,159.426065563602,spinel_110_t05_upper,spinel_110_t05_lower,False,4,4,8,"{""In"": 8, ""S"": 16, ""Zn"": 4}","[{""coordination"": [[""In"", 4], [""In"", 4], [""In"", 4], [""In"", 4], [""S"", 3], [""S"", 3], [""S"", 3], [""S"", 3], [""S"", 3], [""S"", 3], [""S"", 3], [""S"", 3], [""Zn"", 3], [""Zn"", 3], [""Zn"", 3], [""Zn"", 3]], ""depth_A"": 0.0, ""species"": {""In"": 4, ""S"": 8, ""Zn"": 4}}, {""coordination"": [[""S"", 4], [""S"", 4], [""S"", 4], [""S"", 4]], ""depth_A"": 1.82021, ""species"": {""S"": 4}}, {""coordination"": [[""In"", 6], [""In"", 6], [""In"", 6], [""In"", 6]], ""depth_A"": 1.87693, ""species"": {""In"": 4}}, {""coordination"": [[""S"", 4], [""S"", 4], [""S"", 4], [""S"", 4]], ""depth_A"": 1.93364, ""species"": {""S"": 4}}]",0,4,8,"{""In"": 8, ""S"": 16, ""Zn"": 4}","[{""coordination"": [[""S"", 2], [""S"", 2], [""S"", 2], [""S"", 2]], ""depth_A"": 0.0, ""species"": {""S"": 4}}, {""coordination"": [[""In"", 4], [""In"", 4], [""In"", 4], [""In"", 4]], ""depth_A"": 0.05671, ""species"": {""In"": 4}}, {""coordination"": [[""S"", 3], [""S"", 3], [""S"", 3], [""S"", 3]], ""depth_A"": 0.11343, ""species"": {""S"": 4}}, {""coordination"": [[""In"", 6], [""In"", 6], [""In"", 6], [""In"", 6], [""S"", 4], [""S"", 4], [""S"", 4], [""S"", 4], [""S"", 4], [""S"", 4], [""S"", 4], [""S"", 4], [""Zn"", 4], [""Zn"", 4], [""Zn"", 4], [""Zn"", 4]], ""depth_A"": 1.93364, ""species"": {""In"": 4, ""S"": 8, ""Zn"": 4}}]",4,16,2.3682162197799084,CONNECTED,"[{""atom_count"": 112, ""composition"": {""In"": 32, ""S"": 64, ""Zn"": 16}, ""periodic_cycle_vectors"": [[-1, 0, 0], [-1, 1, 0], [0, -1, 0], [0, 1, 0], [1, -1, 0], [1, 0, 0]], ""periodic_rank"": 2, ""site_indices"": [0, 1, 2, 3, 4, 5, 6, 7, 8, 9, 10, 11, 12, 13, 14, 15, 16, 17, 18, 19, 20, 21, 22, 23, 24, 25, 26, 27, 28, 29, 30, 31, 32, 33, 34, 35, 36, 37, 38, 39, 40, 41, 42, 43, 44, 45, 46, 47, 48, 49, 50, 51, 52, 53, 54, 55, 56, 57, 58, 59, 60, 61, 62, 63, 64, 65, 66, 67, 68, 69, 70, 71, 72, 73, 74, 75, 76, 77, 78, 79, 80, 81, 82, 83, 84, 85, 86, 87, 88, 89, 90, 91, 92, 93, 94, 95, 96, 97, 98, 99, 100, 101, 102, 103, 104, 105, 106, 107, 108, 109, 110, 111]}]",HIGH_CONCERN,30.030817778797022,0.1883683052243199,"[{""formal_charge_e"": -8, ""site_indices"": [44, 37, 53, 31], ""species"": {""S"": 4}, ""z_A"": 2.2523110310146421e-07}, {""formal_charge_e"": 12, ""site_indices"": [80, 83, 89, 111], ""species"": {""In"": 4}, ""z_A"": 0.056714785635264775}, {""formal_charge_e"": -8, ""site_indices"": [41, 49, 29, 34], ""species"": {""S"": 4}, ""z_A"": 0.11342934603943178}, {""formal_charge_e"": 4, ""site_indices"": [5, 13, 21, 27, 68, 65, 73, 77, 93, 103, 107, 85, 43, 47, 51, 55], ""species"": {""In"": 4, ""S"": 8, ""Zn"": 4}, ""z_A"": 1.9336408968100827}, {""formal_charge_e"": -8, ""site_indices"": [63, 3, 23, 10], ""species"": {""S"": 4}, ""z_A"": 3.7538524475807318}, {""formal_charge_e"": 12, ""site_indices"": [95, 96, 101, 105], ""species"": {""In"": 4}, ""z_A"": 3.810567007984897}, {""formal_charge_e"": -8, ""site_indices"": [60, 9, 17, 1], ""species"": {""S"": 4}, ""z_A"": 3.8672815683890605}, {""formal_charge_e"": 4, ""site_indices"": [33, 38, 56, 59, 71, 86, 90, 99, 6, 15, 19, 24, 67, 74, 79, 109], ""species"": {""In"": 4, ""S"": 8, ""Zn"": 4}, ""z_A"": 5.687493119159711}, {""formal_charge_e"": -8, ""site_indices"": [45, 36, 52, 30], ""species"": {""S"": 4}, ""z_A"": 7.507704669930359}, {""formal_charge_e"": 12, ""site_indices"": [88, 81, 82, 110], ""species"": {""In"": 4}, ""z_A"": 7.564419230334529}, {""formal_charge_e"": -8, ""site_indices"": [40, 28, 48, 35], ""species"": {""S"": 4}, ""z_A"": 7.621133790738696}, {""formal_charge_e"": 4, ""site_indices"": [4, 12, 26, 20, 84, 106, 64, 69, 72, 76, 92, 102, 42, 46, 50, 54], ""species"": {""In"": 4, ""S"": 8, ""Zn"": 4}, ""z_A"": 9.441345341509344}, {""formal_charge_e"": -8, ""site_indices"": [62, 2, 22, 11], ""species"": {""S"": 4}, ""z_A"": 11.261556892279994}, {""formal_charge_e"": 12, ""site_indices"": [94, 97, 100, 104], ""species"": {""In"": 4}, ""z_A"": 11.318271452684158}, {""formal_charge_e"": -8, ""site_indices"": [61, 8, 16, 0], ""species"": {""S"": 4}, ""z_A"": 11.374986013088325}, {""formal_charge_e"": 4, ""site_indices"": [32, 58, 98, 7, 14, 18, 25, 39, 57, 66, 70, 75, 78, 108, 87, 91], ""species"": {""In"": 4, ""S"": 8, ""Zn"": 4}, ""z_A"": 13.195197563858976}]","{""crossing_InS"": 16, ""crossing_ZnS"": 4, ""fractional_shift"": 0.31061145467892626, ""nearest_gap_width_A"": 1.8202113255395473, ""no_first_shell_bond_crosses"": false, ""oriented_bulk_planes"": [{""formal_charge_e"": 12, ""site_indices"": [64, 69, 72, 76, 84, 92, 102, 106, 42, 54, 46, 50], ""species"": {""In"": 4, ""S"": 4, ""Zn"": 4}, ""z_A"": 7.507703252109533e-08}, {""formal_charge_e"": -8, ""site_indices"": [62, 22, 2, 11], ""species"": {""S"": 4}, ""z_A"": 1.8202115507706496}, {""formal_charge_e"": 12, ""site_indices"": [100, 104, 94, 97], ""species"": {""In"": 4}, ""z_A"": 1.8769261111748148}, {""formal_charge_e"": -8, ""site_indices"": [61, 8, 16, 0], ""species"": {""S"": 4}, ""z_A"": 1.9336406715789796}, {""formal_charge_e"": 4, ""site_indices"": [32, 58, 98, 70, 18, 66, 78, 108, 14, 39, 57, 75, 7, 25, 87, 91], ""species"": {""In"": 4, ""S"": 8, ""Zn"": 4}, ""z_A"": 3.7538522223496305}, {""formal_charge_e"": -8, ""site_indices"": [44, 37, 53, 31], ""species"": {""S"": 4}, ""z_A"": 5.574063773120283}, {""formal_charge_e"": 12, ""site_indices"": [80, 83, 89, 111], ""species"": {""In"": 4}, ""z_A"": 5.6307783335244475}, {""formal_charge_e"": -8, ""site_indices"": [41, 29, 49, 34], ""species"": {""S"": 4}, ""z_A"": 5.687492893928611}, {""formal_charge_e"": 4, ""site_indices"": [5, 27, 13, 21, 68, 73, 77, 103, 107, 65, 85, 93, 43, 51, 55, 47], ""species"": {""In"": 4, ""S"": 8, ""Zn"": 4}, ""z_A"": 7.507704444699263}, {""formal_charge_e"": -8, ""site_indices"": [63, 23, 3, 10], ""species"": {""S"": 4}, ""z_A"": 9.327915995469914}, {""formal_charge_e"": 12, ""site_indices"": [95, 96, 101, 105], ""species"": {""In"": 4}, ""z_A"": 9.384630555874079}, {""formal_charge_e"": -8, ""site_indices"": [60, 9, 17, 1], ""species"": {""S"": 4}, ""z_A"": 9.441345116278242}, {""formal_charge_e"": 4, ""site_indices"": [6, 24, 33, 38, 56, 59, 67, 71, 74, 79, 86, 90, 99, 109, 15, 19], ""species"": {""In"": 4, ""S"": 8, ""Zn"": 4}, ""z_A"": 11.261556667048893}, {""formal_charge_e"": -8, ""site_indices"": [45, 36, 52, 30], ""species"": {""S"": 4}, ""z_A"": 13.081768217819542}, {""formal_charge_e"": 12, ""site_indices"": [88, 81, 82, 110], ""species"": {""In"": 4}, ""z_A"": 13.138482778223707}, {""formal_charge_e"": -8, ""site_indices"": [40, 28, 48, 35], ""species"": {""S"": 4}, ""z_A"": 13.195197338627871}, {""formal_charge_e"": -8, ""site_indices"": [4, 12, 20, 26], ""species"": {""S"": 4}, ""z_A"": 15.015408664167424}]}",,spinel_110_t01,,DEFERRED,Equivalent slab-pair duplicate of spinel_110_t01; Uncompensated formal dipole exceeds bounded spinel gate; reconstruction/electronic compensation unresolved,Unrelaxed seed; vacuum/thickness not converged; no energy ranking.
spinel_110_t06,spinel,1,1,0,(110),t06,0.37311145467892626,vasp/wp2_surface_and_facet_screening/structure/bulk_parents/spinel/POSCAR,89fed03927ad1d221915383fbfd61927e9d16798c1f1597737508cc9fa19ab05,"{""final_lattice_A"": [[10.617497447982462, 0.0, 0.0], [0.0, 15.015408889398524, 0.0], [0.0, 0.0, 34.95869455422546]], ""inplane_wrap_integers"": [[0, 0], [0, 0], [0, 0], [0, 0], [0, 0], [0, 0], [0, 0], [0, 0], [0, 0], [0, 0], [0, 0], [0, 0], [0, 0], [0, 0], [0, 0], [0, 0], [0, 0], [0, 0], [0, 0], [0, 0], [0, 0], [0, 0], [0, 0], [0, 0], [0, 0], [0, 0], [0, 0], [0, 0], [0, 0], [0, 0], [0, 0], [0, 0], [0, 0], [0, 0], [0, 0], [0, 0], [0, 0], [0, 0], [0, 0], [0, 0], [0, 0], [0, 0], [0, 0], [0, 0], [0, 0], [0, 0], [0, 0], [0, 0], [0, 0], [0, 0], [0, 0], [0, 0], [0, 0], [0, 0], [0, 0], [0, 0], [0, 0], [0, 0], [0, 0], [0, 0], [0, 0], [0, 0], [0, 0], [0, 0], [0, 0], [0, 0], [0, 0], [0, 0], [0, 0], [0, 0], [0, 0], [0, 0], [0, 0], [0, 0], [0, 0], [0, 1], [0, 0], [0, 0], [0, 0], [0, 0], [0, 0], [0, -1], [0, 0], [0, 0], [0, 0], [0, 0], [0, 0], [0, 0], [0, 0], [0, 0], [0, 0], [0, 0], [0, 0], [0, 0], [0, 0], [0, 0], [0, 0], [0, 0], [0, 0], [0, 0], [0, 0], [0, 0], [0, 0], [0, 0], [0, 0], [0, 0], [0, 0], [0, 0], [0, 0], [0, 0], [0, 0], [0, 0]], ""literal_parent_basis_preserved"": false, ""normal_in_parent_cartesian"": [-0.7071067811865476, -0.7071067811865476, 0.0], ""normal_sign_relative_to_hkl"": -1, ""oriented_repeat_count"": 1, ""oriented_unit_cell_lattice_A"": [[0.0, 0.0, 10.617497447982462], [-10.617497447982462, 10.617497447982462, 0.0], [-10.617497447982462, -10.617497447982462, 0.0]], ""oriented_unit_cell_matrix"": [[0, 0, 1], [-1, 1, 0], [-1, -1, 0]], ""parent_site_indices"": [0, 0, 1, 1, 2, 2, 3, 3, 4, 4, 5, 5, 6, 6, 7, 7, 8, 8, 9, 9, 10, 10, 11, 11, 12, 12, 13, 13, 14, 14, 15, 15, 16, 16, 17, 17, 18, 18, 19, 19, 20, 20, 21, 21, 22, 22, 23, 23, 24, 24, 25, 25, 26, 26, 27, 27, 28, 28, 29, 29, 30, 30, 31, 31, 32, 32, 33, 33, 34, 34, 35, 35, 36, 36, 37, 37, 38, 38, 39, 39, 40, 40, 41, 41, 42, 42, 43, 43, 44, 44, 45, 45, 46, 46, 47, 47, 48, 48, 49, 49, 50, 50, 51, 51, 52, 52, 53, 53, 54, 54, 55, 55], ""raw_lattice_A"": [[0.0, 0.0, 10.617497447982462], [-10.617497447982462, 10.617497447982462, 0.0], [-31.852492343947386, -31.852492343947386, 0.0]], ""row_cartesian_rotation"": [[0.0, -0.7071067811865476, -0.7071067811865476], [0.0, 0.7071067811865476, -0.7071067811865476], [1.0, 0.0, 0.0]], ""translation_z_A"": 9.971642719797918}",Zn16 In32 S64,112,16,True,0.0,34.95869455422546,14.95869455422546,20.0,159.426065563602,spinel_110_t06_upper,spinel_110_t06_lower,False,4,0,12,"{""In"": 4, ""S"": 12, ""Zn"": 4}","[{""coordination"": [[""S"", 2], [""S"", 2], [""S"", 2], [""S"", 2]], ""depth_A"": 0.0, ""species"": {""S"": 4}}, {""coordination"": [[""In"", 6], [""In"", 6], [""In"", 6], [""In"", 6], [""S"", 3], [""S"", 3], [""S"", 3], [""S"", 3], [""S"", 3], [""S"", 3], [""S"", 3], [""S"", 3], [""Zn"", 3], [""Zn"", 3], [""Zn"", 3], [""Zn"", 3]], ""depth_A"": 1.82021, ""species"": {""In"": 4, ""S"": 8, ""Zn"": 4}}]",4,4,4,"{""In"": 8, ""S"": 12, ""Zn"": 4}","[{""coordination"": [[""In"", 3], [""In"", 3], [""In"", 3], [""In"", 3]], ""depth_A"": 0.0, ""species"": {""In"": 4}}, {""coordination"": [[""S"", 3], [""S"", 3], [""S"", 3], [""S"", 3]], ""depth_A"": 0.05671, ""species"": {""S"": 4}}, {""coordination"": [[""In"", 6], [""In"", 6], [""In"", 6], [""In"", 6], [""S"", 4], [""S"", 4], [""S"", 4], [""S"", 4], [""S"", 4], [""S"", 4], [""S"", 4], [""S"", 4], [""Zn"", 3], [""Zn"", 3], [""Zn"", 3], [""Zn"", 3]], ""depth_A"": 1.87693, ""species"": {""In"": 4, ""S"": 8, ""Zn"": 4}}]",8,12,2.3682162197799084,CONNECTED,"[{""atom_count"": 112, ""composition"": {""In"": 32, ""S"": 64, ""Zn"": 16}, ""periodic_cycle_vectors"": [[-1, 0, 0], [-1, 1, 0], [0, -1, 0], [0, 1, 0], [1, -1, 0], [1, 0, 0]], ""periodic_rank"": 2, ""site_indices"": [0, 1, 2, 3, 4, 5, 6, 7, 8, 9, 10, 11, 12, 13, 14, 15, 16, 17, 18, 19, 20, 21, 22, 23, 24, 25, 26, 27, 28, 29, 30, 31, 32, 33, 34, 35, 36, 37, 38, 39, 40, 41, 42, 43, 44, 45, 46, 47, 48, 49, 50, 51, 52, 53, 54, 55, 56, 57, 58, 59, 60, 61, 62, 63, 64, 65, 66, 67, 68, 69, 70, 71, 72, 73, 74, 75, 76, 77, 78, 79, 80, 81, 82, 83, 84, 85, 86, 87, 88, 89, 90, 91, 92, 93, 94, 95, 96, 97, 98, 99, 100, 101, 102, 103, 104, 105, 106, 107, 108, 109, 110, 111]}]",HIGH_CONCERN,-90.09245333639113,-0.5651049156729602,"[{""formal_charge_e"": 12, ""site_indices"": [80, 89, 83, 111], ""species"": {""In"": 4}, ""z_A"": 0.0}, {""formal_charge_e"": -8, ""site_indices"": [41, 29, 49, 34], ""species"": {""S"": 4}, ""z_A"": 0.056714560404165226}, {""formal_charge_e"": 4, ""site_indices"": [27, 5, 13, 21, 68, 73, 77, 103, 107, 85, 93, 65, 43, 47, 51, 55], ""species"": {""In"": 4, ""S"": 8, ""Zn"": 4}, ""z_A"": 1.876926111174818}, {""formal_charge_e"": -8, ""site_indices"": [63, 3, 23, 10], ""species"": {""S"": 4}, ""z_A"": 3.697137661945467}, {""formal_charge_e"": 12, ""site_indices"": [101, 95, 96, 105], ""species"": {""In"": 4}, ""z_A"": 3.7538522223496322}, {""formal_charge_e"": -8, ""site_indices"": [60, 9, 17, 1], ""species"": {""S"": 4}, ""z_A"": 3.8105667827537975}, {""formal_charge_e"": 4, ""site_indices"": [6, 24, 33, 56, 59, 71, 79, 90, 99, 109, 38, 67, 74, 86, 15, 19], ""species"": {""In"": 4, ""S"": 8, ""Zn"": 4}, ""z_A"": 5.630778333524447}, {""formal_charge_e"": -8, ""site_indices"": [45, 36, 52, 30], ""species"": {""S"": 4}, ""z_A"": 7.4509898842950975}, {""formal_charge_e"": 12, ""site_indices"": [81, 88, 82, 110], ""species"": {""In"": 4}, ""z_A"": 7.5077044446992645}, {""formal_charge_e"": -8, ""site_indices"": [40, 28, 48, 35], ""species"": {""S"": 4}, ""z_A"": 7.564419005103428}, {""formal_charge_e"": 4, ""site_indices"": [4, 20, 26, 12, 72, 64, 69, 76, 84, 92, 102, 106, 42, 46, 50, 54], ""species"": {""In"": 4, ""S"": 8, ""Zn"": 4}, ""z_A"": 9.384630555874079}, {""formal_charge_e"": -8, ""site_indices"": [62, 2, 22, 11], ""species"": {""S"": 4}, ""z_A"": 11.204842106644726}, {""formal_charge_e"": 12, ""site_indices"": [94, 97, 100, 104], ""species"": {""In"": 4}, ""z_A"": 11.261556667048893}, {""formal_charge_e"": -8, ""site_indices"": [61, 16, 8, 0], ""species"": {""S"": 4}, ""z_A"": 11.31827122745306}, {""formal_charge_e"": 4, ""site_indices"": [32, 58, 70, 7, 14, 18, 25, 39, 57, 66, 75, 78, 87, 91, 98, 108], ""species"": {""In"": 4, ""S"": 8, ""Zn"": 4}, ""z_A"": 13.138482778223711}, {""formal_charge_e"": -8, ""site_indices"": [44, 37, 53, 31], ""species"": {""S"": 4}, ""z_A"": 14.958694328994358}]","{""crossing_InS"": 12, ""crossing_ZnS"": 8, ""fractional_shift"": 0.37311145467892626, ""nearest_gap_width_A"": 0.05671433517306252, ""no_first_shell_bond_crosses"": false, ""oriented_bulk_planes"": [{""formal_charge_e"": 12, ""site_indices"": [64, 69, 72, 76, 84, 92, 102, 106, 42, 54, 46, 50], ""species"": {""In"": 4, ""S"": 4, ""Zn"": 4}, ""z_A"": 7.507703252109533e-08}, {""formal_charge_e"": -8, ""site_indices"": [62, 22, 2, 11], ""species"": {""S"": 4}, ""z_A"": 1.8202115507706496}, {""formal_charge_e"": 12, ""site_indices"": [100, 104, 94, 97], ""species"": {""In"": 4}, ""z_A"": 1.8769261111748148}, {""formal_charge_e"": -8, ""site_indices"": [61, 8, 16, 0], ""species"": {""S"": 4}, ""z_A"": 1.9336406715789796}, {""formal_charge_e"": 4, ""site_indices"": [32, 58, 98, 70, 18, 66, 78, 108, 14, 39, 57, 75, 7, 25, 87, 91], ""species"": {""In"": 4, ""S"": 8, ""Zn"": 4}, ""z_A"": 3.7538522223496305}, {""formal_charge_e"": -8, ""site_indices"": [44, 37, 53, 31], ""species"": {""S"": 4}, ""z_A"": 5.574063773120283}, {""formal_charge_e"": 12, ""site_indices"": [80, 83, 89, 111], ""species"": {""In"": 4}, ""z_A"": 5.6307783335244475}, {""formal_charge_e"": -8, ""site_indices"": [41, 29, 49, 34], ""species"": {""S"": 4}, ""z_A"": 5.687492893928611}, {""formal_charge_e"": 4, ""site_indices"": [5, 27, 13, 21, 68, 73, 77, 103, 107, 65, 85, 93, 43, 51, 55, 47], ""species"": {""In"": 4, ""S"": 8, ""Zn"": 4}, ""z_A"": 7.507704444699263}, {""formal_charge_e"": -8, ""site_indices"": [63, 23, 3, 10], ""species"": {""S"": 4}, ""z_A"": 9.327915995469914}, {""formal_charge_e"": 12, ""site_indices"": [95, 96, 101, 105], ""species"": {""In"": 4}, ""z_A"": 9.384630555874079}, {""formal_charge_e"": -8, ""site_indices"": [60, 9, 17, 1], ""species"": {""S"": 4}, ""z_A"": 9.441345116278242}, {""formal_charge_e"": 4, ""site_indices"": [6, 24, 33, 38, 56, 59, 67, 71, 74, 79, 86, 90, 99, 109, 15, 19], ""species"": {""In"": 4, ""S"": 8, ""Zn"": 4}, ""z_A"": 11.261556667048893}, {""formal_charge_e"": -8, ""site_indices"": [45, 36, 52, 30], ""species"": {""S"": 4}, ""z_A"": 13.081768217819542}, {""formal_charge_e"": 12, ""site_indices"": [88, 81, 82, 110], ""species"": {""In"": 4}, ""z_A"": 13.138482778223707}, {""formal_charge_e"": -8, ""site_indices"": [40, 28, 48, 35], ""species"": {""S"": 4}, ""z_A"": 13.195197338627871}, {""formal_charge_e"": -8, ""site_indices"": [4, 12, 20, 26], ""species"": {""S"": 4}, ""z_A"": 15.015408664167424}]}",,spinel_110_t02,,DEFERRED,Equivalent slab-pair duplicate of spinel_110_t02; Uncompensated formal dipole exceeds bounded spinel gate; reconstruction/electronic compensation unresolved,Unrelaxed seed; vacuum/thickness not converged; no energy ranking.
spinel_110_t07,spinel,1,1,0,(110),t07,0.37688854532107374,vasp/wp2_surface_and_facet_screening/structure/bulk_parents/spinel/POSCAR,89fed03927ad1d221915383fbfd61927e9d16798c1f1597737508cc9fa19ab05,"{""final_lattice_A"": [[10.617497447982462, 0.0, 0.0], [0.0, 15.015408889398524, 0.0], [0.0, 0.0, 34.95869455422546]], ""inplane_wrap_integers"": [[0, 0], [0, 0], [0, 0], [0, 0], [0, 0], [0, 0], [0, 0], [0, 0], [0, 0], [0, 0], [0, 0], [0, 0], [0, 0], [0, 0], [0, 0], [0, 0], [0, 0], [0, 0], [0, 0], [0, 0], [0, 0], [0, 0], [0, 0], [0, 0], [0, 0], [0, 0], [0, 0], [0, 0], [0, 0], [0, 0], [0, 0], [0, 0], [0, 0], [0, 0], [0, 0], [0, 0], [0, 0], [0, 0], [0, 0], [0, 0], [0, 0], [0, 0], [0, 0], [0, 0], [0, 0], [0, 0], [0, 0], [0, 0], [0, 0], [0, 0], [0, 0], [0, 0], [0, 0], [0, 0], [0, 0], [0, 0], [0, 0], [0, 0], [0, 0], [0, 0], [0, 0], [0, 0], [0, 0], [0, 0], [0, 0], [0, 0], [0, 0], [0, 0], [0, 0], [0, 0], [0, 0], [0, 0], [0, 0], [0, 0], [0, 0], [0, 0], [0, 0], [0, 0], [0, 0], [0, 0], [0, 0], [0, 0], [0, 0], [0, 0], [0, 0], [0, 0], [0, 0], [0, 0], [0, 0], [0, 0], [0, 0], [0, 0], [0, 0], [0, 0], [0, 0], [0, 0], [0, 0], [0, 0], [0, 0], [0, 0], [0, 0], [0, 0], [0, 0], [0, 0], [0, 0], [0, 0], [0, 0], [0, 0], [0, 0], [0, 0], [0, 0], [0, 1]], ""literal_parent_basis_preserved"": false, ""normal_in_parent_cartesian"": [-0.7071067811865476, -0.7071067811865476, 0.0], ""normal_sign_relative_to_hkl"": -1, ""oriented_repeat_count"": 1, ""oriented_unit_cell_lattice_A"": [[0.0, 0.0, 10.617497447982462], [-10.617497447982462, 10.617497447982462, 0.0], [-10.617497447982462, -10.617497447982462, 0.0]], ""oriented_unit_cell_matrix"": [[0, 0, 1], [-1, 1, 0], [-1, -1, 0]], ""parent_site_indices"": [0, 0, 1, 1, 2, 2, 3, 3, 4, 4, 5, 5, 6, 6, 7, 7, 8, 8, 9, 9, 10, 10, 11, 11, 12, 12, 13, 13, 14, 14, 15, 15, 16, 16, 17, 17, 18, 18, 19, 19, 20, 20, 21, 21, 22, 22, 23, 23, 24, 24, 25, 25, 26, 26, 27, 27, 28, 28, 29, 29, 30, 30, 31, 31, 32, 32, 33, 33, 34, 34, 35, 35, 36, 36, 37, 37, 38, 38, 39, 39, 40, 40, 41, 41, 42, 42, 43, 43, 44, 44, 45, 45, 46, 46, 47, 47, 48, 48, 49, 49, 50, 50, 51, 51, 52, 52, 53, 53, 54, 54, 55, 55], ""raw_lattice_A"": [[0.0, 0.0, 10.617497447982462], [-10.617497447982462, 10.617497447982462, 0.0], [-31.852492343947386, -31.852492343947386, 0.0]], ""row_cartesian_rotation"": [[0.0, -0.7071067811865476, -0.7071067811865476], [0.0, 0.7071067811865476, -0.7071067811865476], [1.0, 0.0, 0.0]], ""translation_z_A"": 9.971642945029016}",Zn16 In32 S64,112,16,True,0.0,34.95869455422546,14.958694554225463,19.999999999999996,159.426065563602,spinel_110_t07_upper,spinel_110_t07_lower,False,4,4,4,"{""In"": 8, ""S"": 12, ""Zn"": 4}","[{""coordination"": [[""In"", 3], [""In"", 3], [""In"", 3], [""In"", 3]], ""depth_A"": 0.0, ""species"": {""In"": 4}}, {""coordination"": [[""S"", 3], [""S"", 3], [""S"", 3], [""S"", 3]], ""depth_A"": 0.05671, ""species"": {""S"": 4}}, {""coordination"": [[""In"", 6], [""In"", 6], [""In"", 6], [""In"", 6], [""S"", 4], [""S"", 4], [""S"", 4], [""S"", 4], [""S"", 4], [""S"", 4], [""S"", 4], [""S"", 4], [""Zn"", 3], [""Zn"", 3], [""Zn"", 3], [""Zn"", 3]], ""depth_A"": 1.87693, ""species"": {""In"": 4, ""S"": 8, ""Zn"": 4}}]",4,0,12,"{""In"": 4, ""S"": 12, ""Zn"": 4}","[{""coordination"": [[""S"", 2], [""S"", 2], [""S"", 2], [""S"", 2]], ""depth_A"": 0.0, ""species"": {""S"": 4}}, {""coordination"": [[""In"", 6], [""In"", 6], [""In"", 6], [""In"", 6], [""S"", 3], [""S"", 3], [""S"", 3], [""S"", 3], [""S"", 3], [""S"", 3], [""S"", 3], [""S"", 3], [""Zn"", 3], [""Zn"", 3], [""Zn"", 3], [""Zn"", 3]], ""depth_A"": 1.82021, ""species"": {""In"": 4, ""S"": 8, ""Zn"": 4}}]",8,12,2.3682162197799084,CONNECTED,"[{""atom_count"": 112, ""composition"": {""In"": 32, ""S"": 64, ""Zn"": 16}, ""periodic_cycle_vectors"": [[-1, 0, 0], [-1, 1, 0], [0, -1, 0], [0, 1, 0], [1, -1, 0], [1, 0, 0]], ""periodic_rank"": 2, ""site_indices"": [0, 1, 2, 3, 4, 5, 6, 7, 8, 9, 10, 11, 12, 13, 14, 15, 16, 17, 18, 19, 20, 21, 22, 23, 24, 25, 26, 27, 28, 29, 30, 31, 32, 33, 34, 35, 36, 37, 38, 39, 40, 41, 42, 43, 44, 45, 46, 47, 48, 49, 50, 51, 52, 53, 54, 55, 56, 57, 58, 59, 60, 61, 62, 63, 64, 65, 66, 67, 68, 69, 70, 71, 72, 73, 74, 75, 76, 77, 78, 79, 80, 81, 82, 83, 84, 85, 86, 87, 88, 89, 90, 91, 92, 93, 94, 95, 96, 97, 98, 99, 100, 101, 102, 103, 104, 105, 106, 107, 108, 109, 110, 111]}]",HIGH_CONCERN,90.09245333639123,0.5651049156729607,"[{""formal_charge_e"": -8, ""site_indices"": [41, 29, 49, 34], ""species"": {""S"": 4}, ""z_A"": 2.252310977723937e-07}, {""formal_charge_e"": 4, ""site_indices"": [5, 21, 27, 13, 68, 65, 73, 77, 85, 93, 103, 107, 43, 51, 55, 47], ""species"": {""In"": 4, ""S"": 8, ""Zn"": 4}, ""z_A"": 1.8202117760017487}, {""formal_charge_e"": -8, ""site_indices"": [63, 23, 3, 10], ""species"": {""S"": 4}, ""z_A"": 3.6404233267723995}, {""formal_charge_e"": 12, ""site_indices"": [96, 95, 101, 105], ""species"": {""In"": 4}, ""z_A"": 3.6971378871765648}, {""formal_charge_e"": -8, ""site_indices"": [60, 9, 17, 1], ""species"": {""S"": 4}, ""z_A"": 3.75385244758073}, {""formal_charge_e"": 4, ""site_indices"": [24, 56, 6, 19, 33, 38, 59, 67, 71, 74, 79, 86, 90, 99, 109, 15], ""species"": {""In"": 4, ""S"": 8, ""Zn"": 4}, ""z_A"": 5.574063998351381}, {""formal_charge_e"": -8, ""site_indices"": [45, 36, 52, 30], ""species"": {""S"": 4}, ""z_A"": 7.394275549122028}, {""formal_charge_e"": 12, ""site_indices"": [81, 82, 88, 110], ""species"": {""In"": 4}, ""z_A"": 7.450990109526195}, {""formal_charge_e"": -8, ""site_indices"": [40, 28, 48, 35], ""species"": {""S"": 4}, ""z_A"": 7.507704669930362}, {""formal_charge_e"": 4, ""site_indices"": [4, 20, 12, 26, 84, 92, 64, 69, 72, 76, 102, 106, 42, 46, 50, 54], ""species"": {""In"": 4, ""S"": 8, ""Zn"": 4}, ""z_A"": 9.327916220701013}, {""formal_charge_e"": -8, ""site_indices"": [62, 22, 2, 11], ""species"": {""S"": 4}, ""z_A"": 11.14812777147166}, {""formal_charge_e"": 12, ""site_indices"": [94, 97, 100, 104], ""species"": {""In"": 4}, ""z_A"": 11.204842331875824}, {""formal_charge_e"": -8, ""site_indices"": [61, 8, 16, 0], ""species"": {""S"": 4}, ""z_A"": 11.261556892279994}, {""formal_charge_e"": 4, ""site_indices"": [32, 70, 7, 14, 18, 25, 39, 57, 58, 66, 75, 78, 87, 91, 98, 108], ""species"": {""In"": 4, ""S"": 8, ""Zn"": 4}, ""z_A"": 13.081768443050642}, {""formal_charge_e"": -8, ""site_indices"": [44, 37, 53, 31], ""species"": {""S"": 4}, ""z_A"": 14.90197999382129}, {""formal_charge_e"": 12, ""site_indices"": [83, 89, 80, 111], ""species"": {""In"": 4}, ""z_A"": 14.958694554225456}]","{""crossing_InS"": 12, ""crossing_ZnS"": 8, ""fractional_shift"": 0.37688854532107374, ""nearest_gap_width_A"": 0.05671433517306335, ""no_first_shell_bond_crosses"": false, ""oriented_bulk_planes"": [{""formal_charge_e"": 12, ""site_indices"": [64, 69, 72, 76, 84, 92, 102, 106, 42, 54, 46, 50], ""species"": {""In"": 4, ""S"": 4, ""Zn"": 4}, ""z_A"": 7.507703252109533e-08}, {""formal_charge_e"": -8, ""site_indices"": [62, 22, 2, 11], ""species"": {""S"": 4}, ""z_A"": 1.8202115507706496}, {""formal_charge_e"": 12, ""site_indices"": [100, 104, 94, 97], ""species"": {""In"": 4}, ""z_A"": 1.8769261111748148}, {""formal_charge_e"": -8, ""site_indices"": [61, 8, 16, 0], ""species"": {""S"": 4}, ""z_A"": 1.9336406715789796}, {""formal_charge_e"": 4, ""site_indices"": [32, 58, 98, 70, 18, 66, 78, 108, 14, 39, 57, 75, 7, 25, 87, 91], ""species"": {""In"": 4, ""S"": 8, ""Zn"": 4}, ""z_A"": 3.7538522223496305}, {""formal_charge_e"": -8, ""site_indices"": [44, 37, 53, 31], ""species"": {""S"": 4}, ""z_A"": 5.574063773120283}, {""formal_charge_e"": 12, ""site_indices"": [80, 83, 89, 111], ""species"": {""In"": 4}, ""z_A"": 5.6307783335244475}, {""formal_charge_e"": -8, ""site_indices"": [41, 29, 49, 34], ""species"": {""S"": 4}, ""z_A"": 5.687492893928611}, {""formal_charge_e"": 4, ""site_indices"": [5, 27, 13, 21, 68, 73, 77, 103, 107, 65, 85, 93, 43, 51, 55, 47], ""species"": {""In"": 4, ""S"": 8, ""Zn"": 4}, ""z_A"": 7.507704444699263}, {""formal_charge_e"": -8, ""site_indices"": [63, 23, 3, 10], ""species"": {""S"": 4}, ""z_A"": 9.327915995469914}, {""formal_charge_e"": 12, ""site_indices"": [95, 96, 101, 105], ""species"": {""In"": 4}, ""z_A"": 9.384630555874079}, {""formal_charge_e"": -8, ""site_indices"": [60, 9, 17, 1], ""species"": {""S"": 4}, ""z_A"": 9.441345116278242}, {""formal_charge_e"": 4, ""site_indices"": [6, 24, 33, 38, 56, 59, 67, 71, 74, 79, 86, 90, 99, 109, 15, 19], ""species"": {""In"": 4, ""S"": 8, ""Zn"": 4}, ""z_A"": 11.261556667048893}, {""formal_charge_e"": -8, ""site_indices"": [45, 36, 52, 30], ""species"": {""S"": 4}, ""z_A"": 13.081768217819542}, {""formal_charge_e"": 12, ""site_indices"": [88, 81, 82, 110], ""species"": {""In"": 4}, ""z_A"": 13.138482778223707}, {""formal_charge_e"": -8, ""site_indices"": [40, 28, 48, 35], ""species"": {""S"": 4}, ""z_A"": 13.195197338627871}, {""formal_charge_e"": -8, ""site_indices"": [4, 12, 20, 26], ""species"": {""S"": 4}, ""z_A"": 15.015408664167424}]}",,spinel_110_t02,,DEFERRED,Equivalent slab-pair duplicate of spinel_110_t02; Uncompensated formal dipole exceeds bounded spinel gate; reconstruction/electronic compensation unresolved,Unrelaxed seed; vacuum/thickness not converged; no energy ranking.
spinel_110_t08,spinel,1,1,0,(110),t08,0.43938854532107374,vasp/wp2_surface_and_facet_screening/structure/bulk_parents/spinel/POSCAR,89fed03927ad1d221915383fbfd61927e9d16798c1f1597737508cc9fa19ab05,"{""final_lattice_A"": [[10.617497447982462, 0.0, 0.0], [0.0, 15.015408889398524, 0.0], [0.0, 0.0, 33.19519778909007]], ""inplane_wrap_integers"": [[0, 0], [0, 0], [0, 0], [0, 0], [0, 0], [0, 0], [0, 0], [0, 0], [0, 0], [0, 0], [0, 0], [0, 0], [0, 0], [0, 0], [0, 0], [0, 0], [0, 0], [0, 0], [0, 0], [0, 0], [0, 0], [0, 0], [0, 0], [0, 0], [0, 0], [0, 0], [0, 0], [0, 0], [0, 0], [0, 0], [0, 0], [0, 0], [0, 0], [0, 0], [0, 0], [0, 0], [0, 0], [0, 0], [0, 0], [0, 0], [0, 0], [0, 0], [0, 0], [0, 0], [0, 0], [0, 0], [0, 0], [0, 0], [0, 0], [0, 0], [0, 0], [0, 0], [0, 0], [0, 0], [0, 0], [0, 0], [0, 0], [0, 0], [0, 0], [0, 0], [0, 0], [0, 0], [0, 0], [0, 0], [0, 0], [0, 0], [0, 0], [0, 0], [0, 0], [0, 0], [0, 0], [0, 0], [0, 0], [0, 0], [0, 0], [0, 0], [0, 0], [0, 0], [0, 0], [0, 0], [0, 0], [0, 0], [0, 0], [0, 0], [0, 0], [0, 0], [0, 0], [0, 0], [0, 0], [0, 0], [0, 0], [0, 0], [0, 0], [0, 0], [0, 0], [0, 0], [0, 0], [0, 0], [0, 0], [0, 0], [0, 0], [0, 0], [0, 0], [0, 0], [0, 0], [0, 0], [0, 0], [0, 0], [0, 0], [0, 0], [0, 0], [0, 0]], ""literal_parent_basis_preserved"": false, ""normal_in_parent_cartesian"": [-0.7071067811865476, -0.7071067811865476, 0.0], ""normal_sign_relative_to_hkl"": -1, ""oriented_repeat_count"": 1, ""oriented_unit_cell_lattice_A"": [[0.0, 0.0, 10.617497447982462], [-10.617497447982462, 10.617497447982462, 0.0], [-10.617497447982462, -10.617497447982462, 0.0]], ""oriented_unit_cell_matrix"": [[0, 0, 1], [-1, 1, 0], [-1, -1, 0]], ""parent_site_indices"": [0, 0, 1, 1, 2, 2, 3, 3, 4, 4, 5, 5, 6, 6, 7, 7, 8, 8, 9, 9, 10, 10, 11, 11, 12, 12, 13, 13, 14, 14, 15, 15, 16, 16, 17, 17, 18, 18, 19, 19, 20, 20, 21, 21, 22, 22, 23, 23, 24, 24, 25, 25, 26, 26, 27, 27, 28, 28, 29, 29, 30, 30, 31, 31, 32, 32, 33, 33, 34, 34, 35, 35, 36, 36, 37, 37, 38, 38, 39, 39, 40, 40, 41, 41, 42, 42, 43, 43, 44, 44, 45, 45, 46, 46, 47, 47, 48, 48, 49, 49, 50, 50, 51, 51, 52, 52, 53, 53, 54, 54, 55, 55], ""raw_lattice_A"": [[0.0, 0.0, 10.617497447982462], [-10.617497447982462, 10.617497447982462, 0.0], [-31.852492343947386, -31.852492343947386, 0.0]], ""row_cartesian_rotation"": [[0.0, -0.7071067811865476, -0.7071067811865476], [0.0, 0.7071067811865476, -0.7071067811865476], [1.0, 0.0, 0.0]], ""translation_z_A"": 9.089894449845774}",Zn16 In32 S64,112,16,True,0.0,33.19519778909007,13.195197789090066,20.0,159.426065563602,spinel_110_t08_upper,spinel_110_t08_lower,False,0,4,8,"{""In"": 8, ""S"": 16, ""Zn"": 4}","[{""coordination"": [[""S"", 2], [""S"", 2], [""S"", 2], [""S"", 2]], ""depth_A"": 0.0, ""species"": {""S"": 4}}, {""coordination"": [[""In"", 4], [""In"", 4], [""In"", 4], [""In"", 4]], ""depth_A"": 0.05671, ""species"": {""In"": 4}}, {""coordination"": [[""S"", 3], [""S"", 3], [""S"", 3], [""S"", 3]], ""depth_A"": 0.11343, ""species"": {""S"": 4}}, {""coordination"": [[""In"", 6], [""In"", 6], [""In"", 6], [""In"", 6], [""S"", 4], [""S"", 4], [""S"", 4], [""S"", 4], [""S"", 4], [""S"", 4], [""S"", 4], [""S"", 4], [""Zn"", 4], [""Zn"", 4], [""Zn"", 4], [""Zn"", 4]], ""depth_A"": 1.93364, ""species"": {""In"": 4, ""S"": 8, ""Zn"": 4}}]",4,4,8,"{""In"": 8, ""S"": 16, ""Zn"": 4}","[{""coordination"": [[""In"", 4], [""In"", 4], [""In"", 4], [""In"", 4], [""S"", 3], [""S"", 3], [""S"", 3], [""S"", 3], [""S"", 3], [""S"", 3], [""S"", 3], [""S"", 3], [""Zn"", 3], [""Zn"", 3], [""Zn"", 3], [""Zn"", 3]], ""depth_A"": 0.0, ""species"": {""In"": 4, ""S"": 8, ""Zn"": 4}}, {""coordination"": [[""S"", 4], [""S"", 4], [""S"", 4], [""S"", 4]], ""depth_A"": 1.82021, ""species"": {""S"": 4}}, {""coordination"": [[""In"", 6], [""In"", 6], [""In"", 6], [""In"", 6]], ""depth_A"": 1.87693, ""species"": {""In"": 4}}, {""coordination"": [[""S"", 4], [""S"", 4], [""S"", 4], [""S"", 4]], ""depth_A"": 1.93364, ""species"": {""S"": 4}}]",4,16,2.3682162197799097,CONNECTED,"[{""atom_count"": 112, ""composition"": {""In"": 32, ""S"": 64, ""Zn"": 16}, ""periodic_cycle_vectors"": [[-1, 0, 0], [-1, 1, 0], [0, -1, 0], [0, 1, 0], [1, -1, 0], [1, 0, 0]], ""periodic_rank"": 2, ""site_indices"": [0, 1, 2, 3, 4, 5, 6, 7, 8, 9, 10, 11, 12, 13, 14, 15, 16, 17, 18, 19, 20, 21, 22, 23, 24, 25, 26, 27, 28, 29, 30, 31, 32, 33, 34, 35, 36, 37, 38, 39, 40, 41, 42, 43, 44, 45, 46, 47, 48, 49, 50, 51, 52, 53, 54, 55, 56, 57, 58, 59, 60, 61, 62, 63, 64, 65, 66, 67, 68, 69, 70, 71, 72, 73, 74, 75, 76, 77, 78, 79, 80, 81, 82, 83, 84, 85, 86, 87, 88, 89, 90, 91, 92, 93, 94, 95, 96, 97, 98, 99, 100, 101, 102, 103, 104, 105, 106, 107, 108, 109, 110, 111]}]",HIGH_CONCERN,-30.030817778797058,-0.18836830522432013,"[{""formal_charge_e"": 4, ""site_indices"": [5, 13, 21, 27, 68, 73, 77, 103, 107, 65, 85, 93, 43, 51, 55, 47], ""species"": {""In"": 4, ""S"": 8, ""Zn"": 4}, ""z_A"": 2.2523109954875054e-07}, {""formal_charge_e"": -8, ""site_indices"": [63, 23, 3, 10], ""species"": {""S"": 4}, ""z_A"": 1.8202117760017487}, {""formal_charge_e"": 12, ""site_indices"": [96, 95, 101, 105], ""species"": {""In"": 4}, ""z_A"": 1.8769263364059157}, {""formal_charge_e"": -8, ""site_indices"": [60, 17, 9, 1], ""species"": {""S"": 4}, ""z_A"": 1.933640896810081}, {""formal_charge_e"": 4, ""site_indices"": [6, 24, 33, 38, 56, 59, 67, 71, 74, 79, 86, 90, 99, 109, 15, 19], ""species"": {""In"": 4, ""S"": 8, ""Zn"": 4}, ""z_A"": 3.75385244758073}, {""formal_charge_e"": -8, ""site_indices"": [45, 36, 52, 30], ""species"": {""S"": 4}, ""z_A"": 5.574063998351383}, {""formal_charge_e"": 12, ""site_indices"": [88, 110, 81, 82], ""species"": {""In"": 4}, ""z_A"": 5.630778558755548}, {""formal_charge_e"": -8, ""site_indices"": [40, 28, 48, 35], ""species"": {""S"": 4}, ""z_A"": 5.687493119159711}, {""formal_charge_e"": 4, ""site_indices"": [4, 12, 20, 26, 64, 69, 72, 76, 84, 92, 102, 106, 42, 46, 50, 54], ""species"": {""In"": 4, ""S"": 8, ""Zn"": 4}, ""z_A"": 7.507704669930362}, {""formal_charge_e"": -8, ""site_indices"": [62, 22, 2, 11], ""species"": {""S"": 4}, ""z_A"": 9.327916220701013}, {""formal_charge_e"": 12, ""site_indices"": [100, 94, 104, 97], ""species"": {""In"": 4}, ""z_A"": 9.384630781105173}, {""formal_charge_e"": -8, ""site_indices"": [61, 8, 16, 0], ""species"": {""S"": 4}, ""z_A"": 9.441345341509344}, {""formal_charge_e"": 4, ""site_indices"": [14, 32, 39, 57, 58, 66, 70, 75, 78, 98, 108, 7, 18, 25, 87, 91], ""species"": {""In"": 4, ""S"": 8, ""Zn"": 4}, ""z_A"": 11.261556892279991}, {""formal_charge_e"": -8, ""site_indices"": [44, 37, 53, 31], ""species"": {""S"": 4}, ""z_A"": 13.081768443050642}, {""formal_charge_e"": 12, ""site_indices"": [80, 83, 89, 111], ""species"": {""In"": 4}, ""z_A"": 13.138483003454809}, {""formal_charge_e"": -8, ""site_indices"": [41, 29, 49, 34], ""species"": {""S"": 4}, ""z_A"": 13.195197563858969}]","{""crossing_InS"": 16, ""crossing_ZnS"": 4, ""fractional_shift"": 0.43938854532107374, ""nearest_gap_width_A"": 1.8202111003084562, ""no_first_shell_bond_crosses"": false, ""oriented_bulk_planes"": [{""formal_charge_e"": 12, ""site_indices"": [64, 69, 72, 76, 84, 92, 102, 106, 42, 54, 46, 50], ""species"": {""In"": 4, ""S"": 4, ""Zn"": 4}, ""z_A"": 7.507703252109533e-08}, {""formal_charge_e"": -8, ""site_indices"": [62, 22, 2, 11], ""species"": {""S"": 4}, ""z_A"": 1.8202115507706496}, {""formal_charge_e"": 12, ""site_indices"": [100, 104, 94, 97], ""species"": {""In"": 4}, ""z_A"": 1.8769261111748148}, {""formal_charge_e"": -8, ""site_indices"": [61, 8, 16, 0], ""species"": {""S"": 4}, ""z_A"": 1.9336406715789796}, {""formal_charge_e"": 4, ""site_indices"": [32, 58, 98, 70, 18, 66, 78, 108, 14, 39, 57, 75, 7, 25, 87, 91], ""species"": {""In"": 4, ""S"": 8, ""Zn"": 4}, ""z_A"": 3.7538522223496305}, {""formal_charge_e"": -8, ""site_indices"": [44, 37, 53, 31], ""species"": {""S"": 4}, ""z_A"": 5.574063773120283}, {""formal_charge_e"": 12, ""site_indices"": [80, 83, 89, 111], ""species"": {""In"": 4}, ""z_A"": 5.6307783335244475}, {""formal_charge_e"": -8, ""site_indices"": [41, 29, 49, 34], ""species"": {""S"": 4}, ""z_A"": 5.687492893928611}, {""formal_charge_e"": 4, ""site_indices"": [5, 27, 13, 21, 68, 73, 77, 103, 107, 65, 85, 93, 43, 51, 55, 47], ""species"": {""In"": 4, ""S"": 8, ""Zn"": 4}, ""z_A"": 7.507704444699263}, {""formal_charge_e"": -8, ""site_indices"": [63, 23, 3, 10], ""species"": {""S"": 4}, ""z_A"": 9.327915995469914}, {""formal_charge_e"": 12, ""site_indices"": [95, 96, 101, 105], ""species"": {""In"": 4}, ""z_A"": 9.384630555874079}, {""formal_charge_e"": -8, ""site_indices"": [60, 9, 17, 1], ""species"": {""S"": 4}, ""z_A"": 9.441345116278242}, {""formal_charge_e"": 4, ""site_indices"": [6, 24, 33, 38, 56, 59, 67, 71, 74, 79, 86, 90, 99, 109, 15, 19], ""species"": {""In"": 4, ""S"": 8, ""Zn"": 4}, ""z_A"": 11.261556667048893}, {""formal_charge_e"": -8, ""site_indices"": [45, 36, 52, 30], ""species"": {""S"": 4}, ""z_A"": 13.081768217819542}, {""formal_charge_e"": 12, ""site_indices"": [88, 81, 82, 110], ""species"": {""In"": 4}, ""z_A"": 13.138482778223707}, {""formal_charge_e"": -8, ""site_indices"": [40, 28, 48, 35], ""species"": {""S"": 4}, ""z_A"": 13.195197338627871}, {""formal_charge_e"": -8, ""site_indices"": [4, 12, 20, 26], ""species"": {""S"": 4}, ""z_A"": 15.015408664167424}]}",,spinel_110_t01,,DEFERRED,Equivalent slab-pair duplicate of spinel_110_t01; Uncompensated formal dipole exceeds bounded spinel gate; reconstruction/electronic compensation unresolved,Unrelaxed seed; vacuum/thickness not converged; no energy ranking.
spinel_110_t09,spinel,1,1,0,(110),t09,0.5606114546789263,vasp/wp2_surface_and_facet_screening/structure/bulk_parents/spinel/POSCAR,89fed03927ad1d221915383fbfd61927e9d16798c1f1597737508cc9fa19ab05,"{""final_lattice_A"": [[10.617497447982462, 0.0, 0.0], [0.0, 15.015408889398524, 0.0], [0.0, 0.0, 33.195197789090074]], ""inplane_wrap_integers"": [[0, 0], [0, 0], [0, 0], [0, 0], [0, 0], [0, 0], [0, 0], [0, 0], [0, 0], [0, 0], [0, 0], [0, 0], [0, 0], [0, 0], [0, 0], [0, 0], [0, 0], [0, 0], [0, 0], [0, 0], [0, 0], [0, 0], [0, 0], [0, 0], [0, 0], [0, 0], [0, 0], [0, 0], [0, 0], [0, 0], [0, 0], [0, 0], [0, 0], [0, 0], [0, 0], [0, -1], [0, 0], [0, 0], [0, 0], [0, 0], [0, 0], [0, 0], [0, 0], [0, 0], [0, 0], [0, -1], [0, 0], [0, 0], [0, 0], [0, 0], [0, 0], [0, 0], [0, 0], [0, 0], [0, 0], [0, 0], [0, 0], [0, 0], [0, 0], [0, 0], [0, 0], [0, 0], [0, 0], [0, 0], [0, 0], [0, 0], [0, 0], [0, 0], [0, 0], [0, 0], [0, 0], [0, 0], [0, 0], [0, 0], [0, 0], [0, 0], [0, 0], [0, 0], [0, 0], [0, 0], [0, 0], [0, 0], [0, 0], [0, 0], [0, 0], [0, 0], [0, 0], [0, 0], [0, 0], [0, 0], [0, 0], [0, 0], [0, 0], [0, 0], [0, 0], [0, 0], [0, 0], [0, 0], [0, 0], [0, 0], [0, 0], [0, 0], [0, 0], [0, 0], [0, 0], [0, 0], [0, 0], [0, 0], [0, 0], [0, 0], [0, 0], [0, 0]], ""literal_parent_basis_preserved"": false, ""normal_in_parent_cartesian"": [-0.7071067811865476, -0.7071067811865476, 0.0], ""normal_sign_relative_to_hkl"": -1, ""oriented_repeat_count"": 1, ""oriented_unit_cell_lattice_A"": [[0.0, 0.0, 10.617497447982462], [-10.617497447982462, 10.617497447982462, 0.0], [-10.617497447982462, -10.617497447982462, 0.0]], ""oriented_unit_cell_matrix"": [[0, 0, 1], [-1, 1, 0], [-1, -1, 0]], ""parent_site_indices"": [0, 0, 1, 1, 2, 2, 3, 3, 4, 4, 5, 5, 6, 6, 7, 7, 8, 8, 9, 9, 10, 10, 11, 11, 12, 12, 13, 13, 14, 14, 15, 15, 16, 16, 17, 17, 18, 18, 19, 19, 20, 20, 21, 21, 22, 22, 23, 23, 24, 24, 25, 25, 26, 26, 27, 27, 28, 28, 29, 29, 30, 30, 31, 31, 32, 32, 33, 33, 34, 34, 35, 35, 36, 36, 37, 37, 38, 38, 39, 39, 40, 40, 41, 41, 42, 42, 43, 43, 44, 44, 45, 45, 46, 46, 47, 47, 48, 48, 49, 49, 50, 50, 51, 51, 52, 52, 53, 53, 54, 54, 55, 55], ""raw_lattice_A"": [[0.0, 0.0, 10.617497447982462], [-10.617497447982462, 10.617497447982462, 0.0], [-31.852492343947386, -31.852492343947386, 0.0]], ""row_cartesian_rotation"": [[0.0, -0.7071067811865476, -0.7071067811865476], [0.0, 0.7071067811865476, -0.7071067811865476], [1.0, 0.0, 0.0]], ""translation_z_A"": 9.089894449845772}",Zn16 In32 S64,112,16,True,0.0,33.195197789090074,13.195197789090074,20.0,159.426065563602,spinel_110_t09_upper,spinel_110_t09_lower,False,4,4,8,"{""In"": 8, ""S"": 16, ""Zn"": 4}","[{""coordination"": [[""In"", 4], [""In"", 4], [""In"", 4], [""In"", 4], [""S"", 3], [""S"", 3], [""S"", 3], [""S"", 3], [""S"", 3], [""S"", 3], [""S"", 3], [""S"", 3], [""Zn"", 3], [""Zn"", 3], [""Zn"", 3], [""Zn"", 3]], ""depth_A"": 0.0, ""species"": {""In"": 4, ""S"": 8, ""Zn"": 4}}, {""coordination"": [[""S"", 4], [""S"", 4], [""S"", 4], [""S"", 4]], ""depth_A"": 1.82021, ""species"": {""S"": 4}}, {""coordination"": [[""In"", 6], [""In"", 6], [""In"", 6], [""In"", 6]], ""depth_A"": 1.87693, ""species"": {""In"": 4}}, {""coordination"": [[""S"", 4], [""S"", 4], [""S"", 4], [""S"", 4]], ""depth_A"": 1.93364, ""species"": {""S"": 4}}]",0,4,8,"{""In"": 8, ""S"": 16, ""Zn"": 4}","[{""coordination"": [[""S"", 2], [""S"", 2], [""S"", 2], [""S"", 2]], ""depth_A"": 0.0, ""species"": {""S"": 4}}, {""coordination"": [[""In"", 4], [""In"", 4], [""In"", 4], [""In"", 4]], ""depth_A"": 0.05671, ""species"": {""In"": 4}}, {""coordination"": [[""S"", 3], [""S"", 3], [""S"", 3], [""S"", 3]], ""depth_A"": 0.11343, ""species"": {""S"": 4}}, {""coordination"": [[""In"", 6], [""In"", 6], [""In"", 6], [""In"", 6], [""S"", 4], [""S"", 4], [""S"", 4], [""S"", 4], [""S"", 4], [""S"", 4], [""S"", 4], [""S"", 4], [""Zn"", 4], [""Zn"", 4], [""Zn"", 4], [""Zn"", 4]], ""depth_A"": 1.93364, ""species"": {""In"": 4, ""S"": 8, ""Zn"": 4}}]",4,16,2.36821621977991,CONNECTED,"[{""atom_count"": 112, ""composition"": {""In"": 32, ""S"": 64, ""Zn"": 16}, ""periodic_cycle_vectors"": [[-1, 0, 0], [-1, 1, 0], [0, -1, 0], [0, 1, 0], [1, -1, 0], [1, 0, 0]], ""periodic_rank"": 2, ""site_indices"": [0, 1, 2, 3, 4, 5, 6, 7, 8, 9, 10, 11, 12, 13, 14, 15, 16, 17, 18, 19, 20, 21, 22, 23, 24, 25, 26, 27, 28, 29, 30, 31, 32, 33, 34, 35, 36, 37, 38, 39, 40, 41, 42, 43, 44, 45, 46, 47, 48, 49, 50, 51, 52, 53, 54, 55, 56, 57, 58, 59, 60, 61, 62, 63, 64, 65, 66, 67, 68, 69, 70, 71, 72, 73, 74, 75, 76, 77, 78, 79, 80, 81, 82, 83, 84, 85, 86, 87, 88, 89, 90, 91, 92, 93, 94, 95, 96, 97, 98, 99, 100, 101, 102, 103, 104, 105, 106, 107, 108, 109, 110, 111]}]",HIGH_CONCERN,30.030817778797093,0.18836830522432035,"[{""formal_charge_e"": -8, ""site_indices"": [63, 23, 3, 10], ""species"": {""S"": 4}, ""z_A"": 2.252310977723937e-07}, {""formal_charge_e"": 12, ""site_indices"": [95, 96, 101, 105], ""species"": {""In"": 4}, ""z_A"": 0.056714785635263}, {""formal_charge_e"": -8, ""site_indices"": [60, 17, 9, 1], ""species"": {""S"": 4}, ""z_A"": 0.11342934603942822}, {""formal_charge_e"": 4, ""site_indices"": [59, 86, 90, 99, 6, 15, 24, 33, 38, 56, 67, 71, 74, 79, 109, 19], ""species"": {""In"": 4, ""S"": 8, ""Zn"": 4}, ""z_A"": 1.9336408968100791}, {""formal_charge_e"": -8, ""site_indices"": [45, 36, 52, 30], ""species"": {""S"": 4}, ""z_A"": 3.75385244758073}, {""formal_charge_e"": 12, ""site_indices"": [88, 81, 82, 110], ""species"": {""In"": 4}, ""z_A"": 3.8105670079848935}, {""formal_charge_e"": -8, ""site_indices"": [40, 28, 48, 35], ""species"": {""S"": 4}, ""z_A"": 3.8672815683890587}, {""formal_charge_e"": 4, ""site_indices"": [4, 12, 20, 26, 84, 106, 64, 69, 72, 76, 92, 102, 42, 46, 50, 54], ""species"": {""In"": 4, ""S"": 8, ""Zn"": 4}, ""z_A"": 5.68749311915971}, {""formal_charge_e"": -8, ""site_indices"": [62, 22, 2, 11], ""species"": {""S"": 4}, ""z_A"": 7.507704669930362}, {""formal_charge_e"": 12, ""site_indices"": [94, 97, 100, 104], ""species"": {""In"": 4}, ""z_A"": 7.564419230334522}, {""formal_charge_e"": -8, ""site_indices"": [61, 8, 16, 0], ""species"": {""S"": 4}, ""z_A"": 7.621133790738689}, {""formal_charge_e"": 4, ""site_indices"": [32, 7, 14, 18, 39, 57, 58, 66, 70, 75, 78, 98, 108, 25, 87, 91], ""species"": {""In"": 4, ""S"": 8, ""Zn"": 4}, ""z_A"": 9.44134534150934}, {""formal_charge_e"": -8, ""site_indices"": [44, 37, 53, 31], ""species"": {""S"": 4}, ""z_A"": 11.261556892279991}, {""formal_charge_e"": 12, ""site_indices"": [80, 83, 89, 111], ""species"": {""In"": 4}, ""z_A"": 11.318271452684154}, {""formal_charge_e"": -8, ""site_indices"": [41, 49, 29, 34], ""species"": {""S"": 4}, ""z_A"": 11.374986013088318}, {""formal_charge_e"": 4, ""site_indices"": [5, 27, 13, 21, 68, 73, 77, 103, 107, 65, 85, 93, 43, 47, 51, 55], ""species"": {""In"": 4, ""S"": 8, ""Zn"": 4}, ""z_A"": 13.195197563858972}]","{""crossing_InS"": 16, ""crossing_ZnS"": 4, ""fractional_shift"": 0.5606114546789263, ""nearest_gap_width_A"": 1.820211100308453, ""no_first_shell_bond_crosses"": false, ""oriented_bulk_planes"": [{""formal_charge_e"": 12, ""site_indices"": [64, 69, 72, 76, 84, 92, 102, 106, 42, 54, 46, 50], ""species"": {""In"": 4, ""S"": 4, ""Zn"": 4}, ""z_A"": 7.507703252109533e-08}, {""formal_charge_e"": -8, ""site_indices"": [62, 22, 2, 11], ""species"": {""S"": 4}, ""z_A"": 1.8202115507706496}, {""formal_charge_e"": 12, ""site_indices"": [100, 104, 94, 97], ""species"": {""In"": 4}, ""z_A"": 1.8769261111748148}, {""formal_charge_e"": -8, ""site_indices"": [61, 8, 16, 0], ""species"": {""S"": 4}, ""z_A"": 1.9336406715789796}, {""formal_charge_e"": 4, ""site_indices"": [32, 58, 98, 70, 18, 66, 78, 108, 14, 39, 57, 75, 7, 25, 87, 91], ""species"": {""In"": 4, ""S"": 8, ""Zn"": 4}, ""z_A"": 3.7538522223496305}, {""formal_charge_e"": -8, ""site_indices"": [44, 37, 53, 31], ""species"": {""S"": 4}, ""z_A"": 5.574063773120283}, {""formal_charge_e"": 12, ""site_indices"": [80, 83, 89, 111], ""species"": {""In"": 4}, ""z_A"": 5.6307783335244475}, {""formal_charge_e"": -8, ""site_indices"": [41, 29, 49, 34], ""species"": {""S"": 4}, ""z_A"": 5.687492893928611}, {""formal_charge_e"": 4, ""site_indices"": [5, 27, 13, 21, 68, 73, 77, 103, 107, 65, 85, 93, 43, 51, 55, 47], ""species"": {""In"": 4, ""S"": 8, ""Zn"": 4}, ""z_A"": 7.507704444699263}, {""formal_charge_e"": -8, ""site_indices"": [63, 23, 3, 10], ""species"": {""S"": 4}, ""z_A"": 9.327915995469914}, {""formal_charge_e"": 12, ""site_indices"": [95, 96, 101, 105], ""species"": {""In"": 4}, ""z_A"": 9.384630555874079}, {""formal_charge_e"": -8, ""site_indices"": [60, 9, 17, 1], ""species"": {""S"": 4}, ""z_A"": 9.441345116278242}, {""formal_charge_e"": 4, ""site_indices"": [6, 24, 33, 38, 56, 59, 67, 71, 74, 79, 86, 90, 99, 109, 15, 19], ""species"": {""In"": 4, ""S"": 8, ""Zn"": 4}, ""z_A"": 11.261556667048893}, {""formal_charge_e"": -8, ""site_indices"": [45, 36, 52, 30], ""species"": {""S"": 4}, ""z_A"": 13.081768217819542}, {""formal_charge_e"": 12, ""site_indices"": [88, 81, 82, 110], ""species"": {""In"": 4}, ""z_A"": 13.138482778223707}, {""formal_charge_e"": -8, ""site_indices"": [40, 28, 48, 35], ""species"": {""S"": 4}, ""z_A"": 13.195197338627871}, {""formal_charge_e"": -8, ""site_indices"": [4, 12, 20, 26], ""species"": {""S"": 4}, ""z_A"": 15.015408664167424}]}",,spinel_110_t01,,DEFERRED,Equivalent slab-pair duplicate of spinel_110_t01; Uncompensated formal dipole exceeds bounded spinel gate; reconstruction/electronic compensation unresolved,Unrelaxed seed; vacuum/thickness not converged; no energy ranking.
spinel_110_t10,spinel,1,1,0,(110),t10,0.6231114546789263,vasp/wp2_surface_and_facet_screening/structure/bulk_parents/spinel/POSCAR,89fed03927ad1d221915383fbfd61927e9d16798c1f1597737508cc9fa19ab05,"{""final_lattice_A"": [[10.617497447982462, 0.0, 0.0], [0.0, 15.015408889398524, 0.0], [0.0, 0.0, 34.95869455422546]], ""inplane_wrap_integers"": [[0, 0], [0, 0], [0, 0], [0, 0], [0, 0], [0, 0], [0, 0], [0, 0], [0, 0], [0, 0], [0, 0], [0, 0], [0, 0], [0, 0], [0, 0], [0, 0], [0, 0], [0, 0], [0, 0], [0, 0], [0, 0], [0, 0], [0, 0], [0, 0], [0, 0], [0, 0], [0, 0], [0, 0], [0, 0], [0, 0], [0, 0], [0, 1], [0, 0], [0, 0], [0, 0], [0, 0], [0, 0], [0, 0], [0, 0], [0, 0], [0, 0], [0, 0], [0, 0], [0, 0], [0, 0], [0, 0], [0, 0], [0, 0], [0, 0], [0, 0], [0, 0], [0, 0], [0, 0], [0, 0], [0, 0], [0, 0], [0, 0], [0, 0], [0, 0], [0, 0], [0, 0], [0, 0], [0, 0], [0, 0], [0, 0], [0, 1], [0, 0], [0, 0], [0, 0], [0, 0], [0, 0], [0, 0], [0, 0], [0, 0], [0, 0], [0, 0], [0, 0], [0, 0], [0, 0], [0, -1], [0, 0], [0, -1], [0, 0], [0, 0], [0, 0], [0, 0], [0, 0], [0, 0], [0, 0], [0, 0], [0, 0], [0, 0], [0, 0], [0, 0], [0, 0], [0, 0], [0, 0], [0, 0], [0, 0], [0, 0], [0, 0], [0, 0], [0, 0], [0, 0], [0, 0], [0, 0], [0, 0], [0, 0], [0, 0], [0, 0], [0, 0], [0, 0]], ""literal_parent_basis_preserved"": false, ""normal_in_parent_cartesian"": [-0.7071067811865476, -0.7071067811865476, 0.0], ""normal_sign_relative_to_hkl"": -1, ""oriented_repeat_count"": 1, ""oriented_unit_cell_lattice_A"": [[0.0, 0.0, 10.617497447982462], [-10.617497447982462, 10.617497447982462, 0.0], [-10.617497447982462, -10.617497447982462, 0.0]], ""oriented_unit_cell_matrix"": [[0, 0, 1], [-1, 1, 0], [-1, -1, 0]], ""parent_site_indices"": [0, 0, 1, 1, 2, 2, 3, 3, 4, 4, 5, 5, 6, 6, 7, 7, 8, 8, 9, 9, 10, 10, 11, 11, 12, 12, 13, 13, 14, 14, 15, 15, 16, 16, 17, 17, 18, 18, 19, 19, 20, 20, 21, 21, 22, 22, 23, 23, 24, 24, 25, 25, 26, 26, 27, 27, 28, 28, 29, 29, 30, 30, 31, 31, 32, 32, 33, 33, 34, 34, 35, 35, 36, 36, 37, 37, 38, 38, 39, 39, 40, 40, 41, 41, 42, 42, 43, 43, 44, 44, 45, 45, 46, 46, 47, 47, 48, 48, 49, 49, 50, 50, 51, 51, 52, 52, 53, 53, 54, 54, 55, 55], ""raw_lattice_A"": [[0.0, 0.0, 10.617497447982462], [-10.617497447982462, 10.617497447982462, 0.0], [-31.852492343947386, -31.852492343947386, 0.0]], ""row_cartesian_rotation"": [[0.0, -0.7071067811865476, -0.7071067811865476], [0.0, 0.7071067811865476, -0.7071067811865476], [1.0, 0.0, 0.0]], ""translation_z_A"": 9.971642719797918}",Zn16 In32 S64,112,16,True,0.0,34.95869455422546,14.95869455422546,20.0,159.426065563602,spinel_110_t10_upper,spinel_110_t10_lower,False,4,0,12,"{""In"": 4, ""S"": 12, ""Zn"": 4}","[{""coordination"": [[""S"", 2], [""S"", 2], [""S"", 2], [""S"", 2]], ""depth_A"": 0.0, ""species"": {""S"": 4}}, {""coordination"": [[""In"", 6], [""In"", 6], [""In"", 6], [""In"", 6], [""S"", 3], [""S"", 3], [""S"", 3], [""S"", 3], [""S"", 3], [""S"", 3], [""S"", 3], [""S"", 3], [""Zn"", 3], [""Zn"", 3], [""Zn"", 3], [""Zn"", 3]], ""depth_A"": 1.82021, ""species"": {""In"": 4, ""S"": 8, ""Zn"": 4}}]",4,4,4,"{""In"": 8, ""S"": 12, ""Zn"": 4}","[{""coordination"": [[""In"", 3], [""In"", 3], [""In"", 3], [""In"", 3]], ""depth_A"": 0.0, ""species"": {""In"": 4}}, {""coordination"": [[""S"", 3], [""S"", 3], [""S"", 3], [""S"", 3]], ""depth_A"": 0.05671, ""species"": {""S"": 4}}, {""coordination"": [[""In"", 6], [""In"", 6], [""In"", 6], [""In"", 6], [""S"", 4], [""S"", 4], [""S"", 4], [""S"", 4], [""S"", 4], [""S"", 4], [""S"", 4], [""S"", 4], [""Zn"", 3], [""Zn"", 3], [""Zn"", 3], [""Zn"", 3]], ""depth_A"": 1.87693, ""species"": {""In"": 4, ""S"": 8, ""Zn"": 4}}]",8,12,2.3682162197799075,CONNECTED,"[{""atom_count"": 112, ""composition"": {""In"": 32, ""S"": 64, ""Zn"": 16}, ""periodic_cycle_vectors"": [[-1, 0, 0], [-1, 1, 0], [0, -1, 0], [0, 1, 0], [1, -1, 0], [1, 0, 0]], ""periodic_rank"": 2, ""site_indices"": [0, 1, 2, 3, 4, 5, 6, 7, 8, 9, 10, 11, 12, 13, 14, 15, 16, 17, 18, 19, 20, 21, 22, 23, 24, 25, 26, 27, 28, 29, 30, 31, 32, 33, 34, 35, 36, 37, 38, 39, 40, 41, 42, 43, 44, 45, 46, 47, 48, 49, 50, 51, 52, 53, 54, 55, 56, 57, 58, 59, 60, 61, 62, 63, 64, 65, 66, 67, 68, 69, 70, 71, 72, 73, 74, 75, 76, 77, 78, 79, 80, 81, 82, 83, 84, 85, 86, 87, 88, 89, 90, 91, 92, 93, 94, 95, 96, 97, 98, 99, 100, 101, 102, 103, 104, 105, 106, 107, 108, 109, 110, 111]}]",HIGH_CONCERN,-90.09245333639109,-0.5651049156729598,"[{""formal_charge_e"": 12, ""site_indices"": [95, 96, 101, 105], ""species"": {""In"": 4}, ""z_A"": 0.0}, {""formal_charge_e"": -8, ""site_indices"": [60, 9, 17, 1], ""species"": {""S"": 4}, ""z_A"": 0.056714560404167}, {""formal_charge_e"": 4, ""site_indices"": [6, 24, 33, 38, 56, 59, 71, 74, 79, 86, 90, 99, 109, 15, 19, 67], ""species"": {""In"": 4, ""S"": 8, ""Zn"": 4}, ""z_A"": 1.876926111174818}, {""formal_charge_e"": -8, ""site_indices"": [45, 36, 52, 30], ""species"": {""S"": 4}, ""z_A"": 3.697137661945467}, {""formal_charge_e"": 12, ""site_indices"": [88, 81, 82, 110], ""species"": {""In"": 4}, ""z_A"": 3.7538522223496322}, {""formal_charge_e"": -8, ""site_indices"": [40, 28, 48, 35], ""species"": {""S"": 4}, ""z_A"": 3.8105667827537957}, {""formal_charge_e"": 4, ""site_indices"": [4, 12, 20, 26, 69, 76, 92, 102, 106, 64, 72, 84, 42, 46, 50, 54], ""species"": {""In"": 4, ""S"": 8, ""Zn"": 4}, ""z_A"": 5.630778333524447}, {""formal_charge_e"": -8, ""site_indices"": [62, 22, 2, 11], ""species"": {""S"": 4}, ""z_A"": 7.4509898842950975}, {""formal_charge_e"": 12, ""site_indices"": [100, 104, 94, 97], ""species"": {""In"": 4}, ""z_A"": 7.5077044446992645}, {""formal_charge_e"": -8, ""site_indices"": [61, 8, 16, 0], ""species"": {""S"": 4}, ""z_A"": 7.564419005103428}, {""formal_charge_e"": 4, ""site_indices"": [32, 58, 70, 75, 98, 7, 14, 18, 25, 39, 57, 66, 78, 87, 108, 91], ""species"": {""In"": 4, ""S"": 8, ""Zn"": 4}, ""z_A"": 9.384630555874075}, {""formal_charge_e"": -8, ""site_indices"": [44, 53, 37, 31], ""species"": {""S"": 4}, ""z_A"": 11.204842106644726}, {""formal_charge_e"": 12, ""site_indices"": [80, 83, 89, 111], ""species"": {""In"": 4}, ""z_A"": 11.261556667048893}, {""formal_charge_e"": -8, ""site_indices"": [41, 29, 49, 34], ""species"": {""S"": 4}, ""z_A"": 11.31827122745306}, {""formal_charge_e"": 4, ""site_indices"": [5, 27, 13, 21, 68, 65, 73, 77, 85, 93, 103, 107, 43, 47, 51, 55], ""species"": {""In"": 4, ""S"": 8, ""Zn"": 4}, ""z_A"": 13.138482778223707}, {""formal_charge_e"": -8, ""site_indices"": [63, 3, 23, 10], ""species"": {""S"": 4}, ""z_A"": 14.958694328994362}]","{""crossing_InS"": 12, ""crossing_ZnS"": 8, ""fractional_shift"": 0.6231114546789263, ""nearest_gap_width_A"": 0.05671433517306669, ""no_first_shell_bond_crosses"": false, ""oriented_bulk_planes"": [{""formal_charge_e"": 12, ""site_indices"": [64, 69, 72, 76, 84, 92, 102, 106, 42, 54, 46, 50], ""species"": {""In"": 4, ""S"": 4, ""Zn"": 4}, ""z_A"": 7.507703252109533e-08}, {""formal_charge_e"": -8, ""site_indices"": [62, 22, 2, 11], ""species"": {""S"": 4}, ""z_A"": 1.8202115507706496}, {""formal_charge_e"": 12, ""site_indices"": [100, 104, 94, 97], ""species"": {""In"": 4}, ""z_A"": 1.8769261111748148}, {""formal_charge_e"": -8, ""site_indices"": [61, 8, 16, 0], ""species"": {""S"": 4}, ""z_A"": 1.9336406715789796}, {""formal_charge_e"": 4, ""site_indices"": [32, 58, 98, 70, 18, 66, 78, 108, 14, 39, 57, 75, 7, 25, 87, 91], ""species"": {""In"": 4, ""S"": 8, ""Zn"": 4}, ""z_A"": 3.7538522223496305}, {""formal_charge_e"": -8, ""site_indices"": [44, 37, 53, 31], ""species"": {""S"": 4}, ""z_A"": 5.574063773120283}, {""formal_charge_e"": 12, ""site_indices"": [80, 83, 89, 111], ""species"": {""In"": 4}, ""z_A"": 5.6307783335244475}, {""formal_charge_e"": -8, ""site_indices"": [41, 29, 49, 34], ""species"": {""S"": 4}, ""z_A"": 5.687492893928611}, {""formal_charge_e"": 4, ""site_indices"": [5, 27, 13, 21, 68, 73, 77, 103, 107, 65, 85, 93, 43, 51, 55, 47], ""species"": {""In"": 4, ""S"": 8, ""Zn"": 4}, ""z_A"": 7.507704444699263}, {""formal_charge_e"": -8, ""site_indices"": [63, 23, 3, 10], ""species"": {""S"": 4}, ""z_A"": 9.327915995469914}, {""formal_charge_e"": 12, ""site_indices"": [95, 96, 101, 105], ""species"": {""In"": 4}, ""z_A"": 9.384630555874079}, {""formal_charge_e"": -8, ""site_indices"": [60, 9, 17, 1], ""species"": {""S"": 4}, ""z_A"": 9.441345116278242}, {""formal_charge_e"": 4, ""site_indices"": [6, 24, 33, 38, 56, 59, 67, 71, 74, 79, 86, 90, 99, 109, 15, 19], ""species"": {""In"": 4, ""S"": 8, ""Zn"": 4}, ""z_A"": 11.261556667048893}, {""formal_charge_e"": -8, ""site_indices"": [45, 36, 52, 30], ""species"": {""S"": 4}, ""z_A"": 13.081768217819542}, {""formal_charge_e"": 12, ""site_indices"": [88, 81, 82, 110], ""species"": {""In"": 4}, ""z_A"": 13.138482778223707}, {""formal_charge_e"": -8, ""site_indices"": [40, 28, 48, 35], ""species"": {""S"": 4}, ""z_A"": 13.195197338627871}, {""formal_charge_e"": -8, ""site_indices"": [4, 12, 20, 26], ""species"": {""S"": 4}, ""z_A"": 15.015408664167424}]}",,spinel_110_t02,,DEFERRED,Equivalent slab-pair duplicate of spinel_110_t02; Uncompensated formal dipole exceeds bounded spinel gate; reconstruction/electronic compensation unresolved,Unrelaxed seed; vacuum/thickness not converged; no energy ranking.
spinel_110_t11,spinel,1,1,0,(110),t11,0.6268885453210737,vasp/wp2_surface_and_facet_screening/structure/bulk_parents/spinel/POSCAR,89fed03927ad1d221915383fbfd61927e9d16798c1f1597737508cc9fa19ab05,"{""final_lattice_A"": [[10.617497447982462, 0.0, 0.0], [0.0, 15.015408889398524, 0.0], [0.0, 0.0, 34.95869455422546]], ""inplane_wrap_integers"": [[0, 0], [0, 0], [0, 0], [0, 0], [0, 0], [0, 0], [0, 0], [0, 0], [0, 0], [0, 0], [0, 0], [0, 0], [0, 0], [0, 0], [0, 0], [0, 0], [0, 0], [0, 0], [0, 0], [0, 0], [0, 0], [0, 0], [0, 0], [0, 0], [0, 0], [0, 0], [0, 0], [0, 0], [0, 0], [0, 0], [0, 0], [0, 0], [0, 0], [0, 0], [0, 0], [0, 0], [0, 0], [0, 0], [0, 0], [0, 0], [0, 0], [0, 0], [0, 0], [0, 0], [0, 0], [0, -1], [0, 0], [0, 0], [0, 0], [0, 0], [0, 0], [0, 0], [0, 0], [0, 0], [0, 0], [0, 0], [0, 0], [0, 0], [0, 0], [0, 0], [0, 0], [0, 0], [0, 0], [0, 0], [0, 0], [0, 0], [0, 0], [0, 0], [0, 0], [0, 0], [0, 0], [0, 0], [0, 0], [0, 0], [0, 0], [0, 0], [0, 0], [0, 0], [0, 0], [0, 0], [0, 0], [0, -1], [0, 0], [0, 0], [0, 0], [0, 0], [0, 0], [0, 0], [0, 0], [0, 0], [0, 0], [0, 0], [0, 0], [0, 0], [0, 0], [0, 0], [0, 0], [0, 0], [0, 0], [0, 0], [0, 0], [0, 0], [0, 0], [0, 0], [0, 0], [0, 0], [0, 0], [0, 0], [0, 0], [0, 0], [0, 0], [0, 0]], ""literal_parent_basis_preserved"": false, ""normal_in_parent_cartesian"": [-0.7071067811865476, -0.7071067811865476, 0.0], ""normal_sign_relative_to_hkl"": -1, ""oriented_repeat_count"": 1, ""oriented_unit_cell_lattice_A"": [[0.0, 0.0, 10.617497447982462], [-10.617497447982462, 10.617497447982462, 0.0], [-10.617497447982462, -10.617497447982462, 0.0]], ""oriented_unit_cell_matrix"": [[0, 0, 1], [-1, 1, 0], [-1, -1, 0]], ""parent_site_indices"": [0, 0, 1, 1, 2, 2, 3, 3, 4, 4, 5, 5, 6, 6, 7, 7, 8, 8, 9, 9, 10, 10, 11, 11, 12, 12, 13, 13, 14, 14, 15, 15, 16, 16, 17, 17, 18, 18, 19, 19, 20, 20, 21, 21, 22, 22, 23, 23, 24, 24, 25, 25, 26, 26, 27, 27, 28, 28, 29, 29, 30, 30, 31, 31, 32, 32, 33, 33, 34, 34, 35, 35, 36, 36, 37, 37, 38, 38, 39, 39, 40, 40, 41, 41, 42, 42, 43, 43, 44, 44, 45, 45, 46, 46, 47, 47, 48, 48, 49, 49, 50, 50, 51, 51, 52, 52, 53, 53, 54, 54, 55, 55], ""raw_lattice_A"": [[0.0, 0.0, 10.617497447982462], [-10.617497447982462, 10.617497447982462, 0.0], [-31.852492343947386, -31.852492343947386, 0.0]], ""row_cartesian_rotation"": [[0.0, -0.7071067811865476, -0.7071067811865476], [0.0, 0.7071067811865476, -0.7071067811865476], [1.0, 0.0, 0.0]], ""translation_z_A"": 9.971642945029016}",Zn16 In32 S64,112,16,True,0.0,34.95869455422546,14.95869455422546,20.0,159.426065563602,spinel_110_t11_upper,spinel_110_t11_lower,False,4,4,4,"{""In"": 8, ""S"": 12, ""Zn"": 4}","[{""coordination"": [[""In"", 3], [""In"", 3], [""In"", 3], [""In"", 3]], ""depth_A"": 0.0, ""species"": {""In"": 4}}, {""coordination"": [[""S"", 3], [""S"", 3], [""S"", 3], [""S"", 3]], ""depth_A"": 0.05671, ""species"": {""S"": 4}}, {""coordination"": [[""In"", 6], [""In"", 6], [""In"", 6], [""In"", 6], [""S"", 4], [""S"", 4], [""S"", 4], [""S"", 4], [""S"", 4], [""S"", 4], [""S"", 4], [""S"", 4], [""Zn"", 3], [""Zn"", 3], [""Zn"", 3], [""Zn"", 3]], ""depth_A"": 1.87693, ""species"": {""In"": 4, ""S"": 8, ""Zn"": 4}}]",4,0,12,"{""In"": 4, ""S"": 12, ""Zn"": 4}","[{""coordination"": [[""S"", 2], [""S"", 2], [""S"", 2], [""S"", 2]], ""depth_A"": 0.0, ""species"": {""S"": 4}}, {""coordination"": [[""In"", 6], [""In"", 6], [""In"", 6], [""In"", 6], [""S"", 3], [""S"", 3], [""S"", 3], [""S"", 3], [""S"", 3], [""S"", 3], [""S"", 3], [""S"", 3], [""Zn"", 3], [""Zn"", 3], [""Zn"", 3], [""Zn"", 3]], ""depth_A"": 1.82021, ""species"": {""In"": 4, ""S"": 8, ""Zn"": 4}}]",8,12,2.3682162197799097,CONNECTED,"[{""atom_count"": 112, ""composition"": {""In"": 32, ""S"": 64, ""Zn"": 16}, ""periodic_cycle_vectors"": [[-1, 0, 0], [-1, 1, 0], [0, -1, 0], [0, 1, 0], [1, -1, 0], [1, 0, 0]], ""periodic_rank"": 2, ""site_indices"": [0, 1, 2, 3, 4, 5, 6, 7, 8, 9, 10, 11, 12, 13, 14, 15, 16, 17, 18, 19, 20, 21, 22, 23, 24, 25, 26, 27, 28, 29, 30, 31, 32, 33, 34, 35, 36, 37, 38, 39, 40, 41, 42, 43, 44, 45, 46, 47, 48, 49, 50, 51, 52, 53, 54, 55, 56, 57, 58, 59, 60, 61, 62, 63, 64, 65, 66, 67, 68, 69, 70, 71, 72, 73, 74, 75, 76, 77, 78, 79, 80, 81, 82, 83, 84, 85, 86, 87, 88, 89, 90, 91, 92, 93, 94, 95, 96, 97, 98, 99, 100, 101, 102, 103, 104, 105, 106, 107, 108, 109, 110, 111]}]",HIGH_CONCERN,90.09245333639117,0.5651049156729604,"[{""formal_charge_e"": -8, ""site_indices"": [60, 9, 17, 1], ""species"": {""S"": 4}, ""z_A"": 2.252310977723937e-07}, {""formal_charge_e"": 4, ""site_indices"": [59, 6, 15, 19, 24, 33, 38, 56, 67, 71, 74, 79, 86, 90, 99, 109], ""species"": {""In"": 4, ""S"": 8, ""Zn"": 4}, ""z_A"": 1.8202117760017487}, {""formal_charge_e"": -8, ""site_indices"": [45, 36, 52, 30], ""species"": {""S"": 4}, ""z_A"": 3.6404233267723995}, {""formal_charge_e"": 12, ""site_indices"": [88, 110, 81, 82], ""species"": {""In"": 4}, ""z_A"": 3.6971378871765648}, {""formal_charge_e"": -8, ""site_indices"": [40, 28, 48, 35], ""species"": {""S"": 4}, ""z_A"": 3.75385244758073}, {""formal_charge_e"": 4, ""site_indices"": [4, 12, 20, 26, 64, 69, 72, 76, 84, 92, 102, 106, 54, 42, 46, 50], ""species"": {""In"": 4, ""S"": 8, ""Zn"": 4}, ""z_A"": 5.574063998351381}, {""formal_charge_e"": -8, ""site_indices"": [62, 2, 22, 11], ""species"": {""S"": 4}, ""z_A"": 7.394275549122028}, {""formal_charge_e"": 12, ""site_indices"": [94, 97, 100, 104], ""species"": {""In"": 4}, ""z_A"": 7.450990109526195}, {""formal_charge_e"": -8, ""site_indices"": [61, 8, 16, 0], ""species"": {""S"": 4}, ""z_A"": 7.507704669930359}, {""formal_charge_e"": 4, ""site_indices"": [32, 58, 70, 18, 75, 98, 7, 14, 25, 39, 57, 66, 78, 87, 91, 108], ""species"": {""In"": 4, ""S"": 8, ""Zn"": 4}, ""z_A"": 9.327916220701013}, {""formal_charge_e"": -8, ""site_indices"": [44, 37, 53, 31], ""species"": {""S"": 4}, ""z_A"": 11.148127771471664}, {""formal_charge_e"": 12, ""site_indices"": [80, 83, 89, 111], ""species"": {""In"": 4}, ""z_A"": 11.204842331875824}, {""formal_charge_e"": -8, ""site_indices"": [41, 29, 49, 34], ""species"": {""S"": 4}, ""z_A"": 11.261556892279994}, {""formal_charge_e"": 4, ""site_indices"": [5, 13, 21, 27, 68, 65, 73, 77, 85, 93, 103, 107, 43, 47, 51, 55], ""species"": {""In"": 4, ""S"": 8, ""Zn"": 4}, ""z_A"": 13.081768443050642}, {""formal_charge_e"": -8, ""site_indices"": [63, 3, 23, 10], ""species"": {""S"": 4}, ""z_A"": 14.901979993821293}, {""formal_charge_e"": 12, ""site_indices"": [95, 96, 101, 105], ""species"": {""In"": 4}, ""z_A"": 14.958694554225456}]","{""crossing_InS"": 12, ""crossing_ZnS"": 8, ""fractional_shift"": 0.6268885453210737, ""nearest_gap_width_A"": 0.056714335173065025, ""no_first_shell_bond_crosses"": false, ""oriented_bulk_planes"": [{""formal_charge_e"": 12, ""site_indices"": [64, 69, 72, 76, 84, 92, 102, 106, 42, 54, 46, 50], ""species"": {""In"": 4, ""S"": 4, ""Zn"": 4}, ""z_A"": 7.507703252109533e-08}, {""formal_charge_e"": -8, ""site_indices"": [62, 22, 2, 11], ""species"": {""S"": 4}, ""z_A"": 1.8202115507706496}, {""formal_charge_e"": 12, ""site_indices"": [100, 104, 94, 97], ""species"": {""In"": 4}, ""z_A"": 1.8769261111748148}, {""formal_charge_e"": -8, ""site_indices"": [61, 8, 16, 0], ""species"": {""S"": 4}, ""z_A"": 1.9336406715789796}, {""formal_charge_e"": 4, ""site_indices"": [32, 58, 98, 70, 18, 66, 78, 108, 14, 39, 57, 75, 7, 25, 87, 91], ""species"": {""In"": 4, ""S"": 8, ""Zn"": 4}, ""z_A"": 3.7538522223496305}, {""formal_charge_e"": -8, ""site_indices"": [44, 37, 53, 31], ""species"": {""S"": 4}, ""z_A"": 5.574063773120283}, {""formal_charge_e"": 12, ""site_indices"": [80, 83, 89, 111], ""species"": {""In"": 4}, ""z_A"": 5.6307783335244475}, {""formal_charge_e"": -8, ""site_indices"": [41, 29, 49, 34], ""species"": {""S"": 4}, ""z_A"": 5.687492893928611}, {""formal_charge_e"": 4, ""site_indices"": [5, 27, 13, 21, 68, 73, 77, 103, 107, 65, 85, 93, 43, 51, 55, 47], ""species"": {""In"": 4, ""S"": 8, ""Zn"": 4}, ""z_A"": 7.507704444699263}, {""formal_charge_e"": -8, ""site_indices"": [63, 23, 3, 10], ""species"": {""S"": 4}, ""z_A"": 9.327915995469914}, {""formal_charge_e"": 12, ""site_indices"": [95, 96, 101, 105], ""species"": {""In"": 4}, ""z_A"": 9.384630555874079}, {""formal_charge_e"": -8, ""site_indices"": [60, 9, 17, 1], ""species"": {""S"": 4}, ""z_A"": 9.441345116278242}, {""formal_charge_e"": 4, ""site_indices"": [6, 24, 33, 38, 56, 59, 67, 71, 74, 79, 86, 90, 99, 109, 15, 19], ""species"": {""In"": 4, ""S"": 8, ""Zn"": 4}, ""z_A"": 11.261556667048893}, {""formal_charge_e"": -8, ""site_indices"": [45, 36, 52, 30], ""species"": {""S"": 4}, ""z_A"": 13.081768217819542}, {""formal_charge_e"": 12, ""site_indices"": [88, 81, 82, 110], ""species"": {""In"": 4}, ""z_A"": 13.138482778223707}, {""formal_charge_e"": -8, ""site_indices"": [40, 28, 48, 35], ""species"": {""S"": 4}, ""z_A"": 13.195197338627871}, {""formal_charge_e"": -8, ""site_indices"": [4, 12, 20, 26], ""species"": {""S"": 4}, ""z_A"": 15.015408664167424}]}",,spinel_110_t02,,DEFERRED,Equivalent slab-pair duplicate of spinel_110_t02; Uncompensated formal dipole exceeds bounded spinel gate; reconstruction/electronic compensation unresolved,Unrelaxed seed; vacuum/thickness not converged; no energy ranking.
spinel_110_t12,spinel,1,1,0,(110),t12,0.6893885453210737,vasp/wp2_surface_and_facet_screening/structure/bulk_parents/spinel/POSCAR,89fed03927ad1d221915383fbfd61927e9d16798c1f1597737508cc9fa19ab05,"{""final_lattice_A"": [[10.617497447982462, 0.0, 0.0], [0.0, 15.015408889398524, 0.0], [0.0, 0.0, 33.195197563858976]], ""inplane_wrap_integers"": [[0, 0], [0, 0], [0, 0], [0, 0], [0, 0], [0, 0], [0, 0], [0, 0], [0, 0], [0, 0], [0, 0], [0, 0], [0, 0], [0, 0], [0, 0], [0, 0], [0, 0], [0, 0], [0, 0], [0, 0], [0, 0], [0, 0], [0, 0], [0, 0], [0, 0], [0, 0], [0, 0], [0, 0], [0, 0], [0, 0], [0, 0], [0, 0], [0, 0], [0, 0], [0, 0], [0, 0], [0, 0], [0, 0], [0, 0], [0, 0], [0, 0], [0, 0], [0, 0], [0, 0], [0, 0], [0, -1], [0, 0], [0, 0], [0, 0], [0, 0], [0, 0], [0, 0], [0, 0], [0, 0], [0, 0], [0, 0], [0, 0], [0, 0], [0, 0], [0, 0], [0, 0], [0, 0], [0, 0], [0, 0], [0, 0], [0, 0], [0, 0], [0, 0], [0, 0], [0, 0], [0, 0], [0, 0], [0, 0], [0, 0], [0, 0], [0, 1], [0, 0], [0, 0], [0, 0], [0, -1], [0, 0], [0, -1], [0, 0], [0, 0], [0, 0], [0, 0], [0, 0], [0, 0], [0, 0], [0, 0], [0, 0], [0, 0], [0, 0], [0, 0], [0, 0], [0, 0], [0, 0], [0, 0], [0, 0], [0, 0], [0, 0], [0, 0], [0, 0], [0, 0], [0, 0], [0, 0], [0, 0], [0, 0], [0, 0], [0, 0], [0, 0], [0, 0]], ""literal_parent_basis_preserved"": false, ""normal_in_parent_cartesian"": [-0.7071067811865476, -0.7071067811865476, 0.0], ""normal_sign_relative_to_hkl"": -1, ""oriented_repeat_count"": 1, ""oriented_unit_cell_lattice_A"": [[0.0, 0.0, 10.617497447982462], [-10.617497447982462, 10.617497447982462, 0.0], [-10.617497447982462, -10.617497447982462, 0.0]], ""oriented_unit_cell_matrix"": [[0, 0, 1], [-1, 1, 0], [-1, -1, 0]], ""parent_site_indices"": [0, 0, 1, 1, 2, 2, 3, 3, 4, 4, 5, 5, 6, 6, 7, 7, 8, 8, 9, 9, 10, 10, 11, 11, 12, 12, 13, 13, 14, 14, 15, 15, 16, 16, 17, 17, 18, 18, 19, 19, 20, 20, 21, 21, 22, 22, 23, 23, 24, 24, 25, 25, 26, 26, 27, 27, 28, 28, 29, 29, 30, 30, 31, 31, 32, 32, 33, 33, 34, 34, 35, 35, 36, 36, 37, 37, 38, 38, 39, 39, 40, 40, 41, 41, 42, 42, 43, 43, 44, 44, 45, 45, 46, 46, 47, 47, 48, 48, 49, 49, 50, 50, 51, 51, 52, 52, 53, 53, 54, 54, 55, 55], ""raw_lattice_A"": [[0.0, 0.0, 10.617497447982462], [-10.617497447982462, 10.617497447982462, 0.0], [-31.852492343947386, -31.852492343947386, 0.0]], ""row_cartesian_rotation"": [[0.0, -0.7071067811865476, -0.7071067811865476], [0.0, 0.7071067811865476, -0.7071067811865476], [1.0, 0.0, 0.0]], ""translation_z_A"": 9.089894224614676}",Zn16 In32 S64,112,16,True,0.0,33.195197563858976,13.195197563858976,20.0,159.426065563602,spinel_110_t12_upper,spinel_110_t12_lower,False,0,4,8,"{""In"": 8, ""S"": 16, ""Zn"": 4}","[{""coordination"": [[""S"", 2], [""S"", 2], [""S"", 2], [""S"", 2]], ""depth_A"": 0.0, ""species"": {""S"": 4}}, {""coordination"": [[""In"", 4], [""In"", 4], [""In"", 4], [""In"", 4]], ""depth_A"": 0.05671, ""species"": {""In"": 4}}, {""coordination"": [[""S"", 3], [""S"", 3], [""S"", 3], [""S"", 3]], ""depth_A"": 0.11343, ""species"": {""S"": 4}}, {""coordination"": [[""In"", 6], [""In"", 6], [""In"", 6], [""In"", 6], [""S"", 4], [""S"", 4], [""S"", 4], [""S"", 4], [""S"", 4], [""S"", 4], [""S"", 4], [""S"", 4], [""Zn"", 4], [""Zn"", 4], [""Zn"", 4], [""Zn"", 4]], ""depth_A"": 1.93364, ""species"": {""In"": 4, ""S"": 8, ""Zn"": 4}}]",4,4,8,"{""In"": 8, ""S"": 16, ""Zn"": 4}","[{""coordination"": [[""In"", 4], [""In"", 4], [""In"", 4], [""In"", 4], [""S"", 3], [""S"", 3], [""S"", 3], [""S"", 3], [""S"", 3], [""S"", 3], [""S"", 3], [""S"", 3], [""Zn"", 3], [""Zn"", 3], [""Zn"", 3], [""Zn"", 3]], ""depth_A"": 0.0, ""species"": {""In"": 4, ""S"": 8, ""Zn"": 4}}, {""coordination"": [[""S"", 4], [""S"", 4], [""S"", 4], [""S"", 4]], ""depth_A"": 1.82021, ""species"": {""S"": 4}}, {""coordination"": [[""In"", 6], [""In"", 6], [""In"", 6], [""In"", 6]], ""depth_A"": 1.87693, ""species"": {""In"": 4}}, {""coordination"": [[""S"", 4], [""S"", 4], [""S"", 4], [""S"", 4]], ""depth_A"": 1.93364, ""species"": {""S"": 4}}]",4,16,2.36821621977991,CONNECTED,"[{""atom_count"": 112, ""composition"": {""In"": 32, ""S"": 64, ""Zn"": 16}, ""periodic_cycle_vectors"": [[-1, 0, 0], [-1, 1, 0], [0, -1, 0], [0, 1, 0], [1, -1, 0], [1, 0, 0]], ""periodic_rank"": 2, ""site_indices"": [0, 1, 2, 3, 4, 5, 6, 7, 8, 9, 10, 11, 12, 13, 14, 15, 16, 17, 18, 19, 20, 21, 22, 23, 24, 25, 26, 27, 28, 29, 30, 31, 32, 33, 34, 35, 36, 37, 38, 39, 40, 41, 42, 43, 44, 45, 46, 47, 48, 49, 50, 51, 52, 53, 54, 55, 56, 57, 58, 59, 60, 61, 62, 63, 64, 65, 66, 67, 68, 69, 70, 71, 72, 73, 74, 75, 76, 77, 78, 79, 80, 81, 82, 83, 84, 85, 86, 87, 88, 89, 90, 91, 92, 93, 94, 95, 96, 97, 98, 99, 100, 101, 102, 103, 104, 105, 106, 107, 108, 109, 110, 111]}]",HIGH_CONCERN,-30.03081777879693,-0.18836830522431933,"[{""formal_charge_e"": 4, ""site_indices"": [59, 99, 6, 24, 33, 38, 56, 67, 71, 74, 79, 86, 90, 109, 15, 19], ""species"": {""In"": 4, ""S"": 8, ""Zn"": 4}, ""z_A"": 1.7763568394002505e-15}, {""formal_charge_e"": -8, ""site_indices"": [45, 36, 52, 30], ""species"": {""S"": 4}, ""z_A"": 1.8202115507706509}, {""formal_charge_e"": 12, ""site_indices"": [88, 110, 81, 82], ""species"": {""In"": 4}, ""z_A"": 1.8769261111748161}, {""formal_charge_e"": -8, ""site_indices"": [40, 28, 48, 35], ""species"": {""S"": 4}, ""z_A"": 1.9336406715789813}, {""formal_charge_e"": 4, ""site_indices"": [4, 12, 20, 26, 64, 69, 72, 76, 84, 92, 102, 106, 42, 46, 50, 54], ""species"": {""In"": 4, ""S"": 8, ""Zn"": 4}, ""z_A"": 3.7538522223496322}, {""formal_charge_e"": -8, ""site_indices"": [62, 22, 2, 11], ""species"": {""S"": 4}, ""z_A"": 5.574063773120283}, {""formal_charge_e"": 12, ""site_indices"": [100, 94, 97, 104], ""species"": {""In"": 4}, ""z_A"": 5.630778333524447}, {""formal_charge_e"": -8, ""site_indices"": [61, 8, 16, 0], ""species"": {""S"": 4}, ""z_A"": 5.687492893928612}, {""formal_charge_e"": 4, ""site_indices"": [32, 7, 14, 18, 25, 39, 57, 58, 66, 70, 75, 78, 87, 91, 98, 108], ""species"": {""In"": 4, ""S"": 8, ""Zn"": 4}, ""z_A"": 7.507704444699257}, {""formal_charge_e"": -8, ""site_indices"": [44, 37, 53, 31], ""species"": {""S"": 4}, ""z_A"": 9.327915995469915}, {""formal_charge_e"": 12, ""site_indices"": [80, 83, 89, 111], ""species"": {""In"": 4}, ""z_A"": 9.384630555874079}, {""formal_charge_e"": -8, ""site_indices"": [41, 29, 49, 34], ""species"": {""S"": 4}, ""z_A"": 9.441345116278242}, {""formal_charge_e"": 4, ""site_indices"": [5, 13, 21, 27, 68, 73, 77, 103, 107, 65, 85, 93, 43, 47, 51, 55], ""species"": {""In"": 4, ""S"": 8, ""Zn"": 4}, ""z_A"": 11.261556667048893}, {""formal_charge_e"": -8, ""site_indices"": [63, 23, 3, 10], ""species"": {""S"": 4}, ""z_A"": 13.081768217819544}, {""formal_charge_e"": 12, ""site_indices"": [95, 96, 101, 105], ""species"": {""In"": 4}, ""z_A"": 13.138482778223711}, {""formal_charge_e"": -8, ""site_indices"": [60, 9, 17, 1], ""species"": {""S"": 4}, ""z_A"": 13.195197338627878}]","{""crossing_InS"": 16, ""crossing_ZnS"": 4, ""fractional_shift"": 0.6893885453210737, ""nearest_gap_width_A"": 1.8202113255395516, ""no_first_shell_bond_crosses"": false, ""oriented_bulk_planes"": [{""formal_charge_e"": 12, ""site_indices"": [64, 69, 72, 76, 84, 92, 102, 106, 42, 54, 46, 50], ""species"": {""In"": 4, ""S"": 4, ""Zn"": 4}, ""z_A"": 7.507703252109533e-08}, {""formal_charge_e"": -8, ""site_indices"": [62, 22, 2, 11], ""species"": {""S"": 4}, ""z_A"": 1.8202115507706496}, {""formal_charge_e"": 12, ""site_indices"": [100, 104, 94, 97], ""species"": {""In"": 4}, ""z_A"": 1.8769261111748148}, {""formal_charge_e"": -8, ""site_indices"": [61, 8, 16, 0], ""species"": {""S"": 4}, ""z_A"": 1.9336406715789796}, {""formal_charge_e"": 4, ""site_indices"": [32, 58, 98, 70, 18, 66, 78, 108, 14, 39, 57, 75, 7, 25, 87, 91], ""species"": {""In"": 4, ""S"": 8, ""Zn"": 4}, ""z_A"": 3.7538522223496305}, {""formal_charge_e"": -8, ""site_indices"": [44, 37, 53, 31], ""species"": {""S"": 4}, ""z_A"": 5.574063773120283}, {""formal_charge_e"": 12, ""site_indices"": [80, 83, 89, 111], ""species"": {""In"": 4}, ""z_A"": 5.6307783335244475}, {""formal_charge_e"": -8, ""site_indices"": [41, 29, 49, 34], ""species"": {""S"": 4}, ""z_A"": 5.687492893928611}, {""formal_charge_e"": 4, ""site_indices"": [5, 27, 13, 21, 68, 73, 77, 103, 107, 65, 85, 93, 43, 51, 55, 47], ""species"": {""In"": 4, ""S"": 8, ""Zn"": 4}, ""z_A"": 7.507704444699263}, {""formal_charge_e"": -8, ""site_indices"": [63, 23, 3, 10], ""species"": {""S"": 4}, ""z_A"": 9.327915995469914}, {""formal_charge_e"": 12, ""site_indices"": [95, 96, 101, 105], ""species"": {""In"": 4}, ""z_A"": 9.384630555874079}, {""formal_charge_e"": -8, ""site_indices"": [60, 9, 17, 1], ""species"": {""S"": 4}, ""z_A"": 9.441345116278242}, {""formal_charge_e"": 4, ""site_indices"": [6, 24, 33, 38, 56, 59, 67, 71, 74, 79, 86, 90, 99, 109, 15, 19], ""species"": {""In"": 4, ""S"": 8, ""Zn"": 4}, ""z_A"": 11.261556667048893}, {""formal_charge_e"": -8, ""site_indices"": [45, 36, 52, 30], ""species"": {""S"": 4}, ""z_A"": 13.081768217819542}, {""formal_charge_e"": 12, ""site_indices"": [88, 81, 82, 110], ""species"": {""In"": 4}, ""z_A"": 13.138482778223707}, {""formal_charge_e"": -8, ""site_indices"": [40, 28, 48, 35], ""species"": {""S"": 4}, ""z_A"": 13.195197338627871}, {""formal_charge_e"": -8, ""site_indices"": [4, 12, 20, 26], ""species"": {""S"": 4}, ""z_A"": 15.015408664167424}]}",,spinel_110_t01,,DEFERRED,Equivalent slab-pair duplicate of spinel_110_t01; Uncompensated formal dipole exceeds bounded spinel gate; reconstruction/electronic compensation unresolved,Unrelaxed seed; vacuum/thickness not converged; no energy ranking.
spinel_110_t13,spinel,1,1,0,(110),t13,0.8106114546789263,vasp/wp2_surface_and_facet_screening/structure/bulk_parents/spinel/POSCAR,89fed03927ad1d221915383fbfd61927e9d16798c1f1597737508cc9fa19ab05,"{""final_lattice_A"": [[10.617497447982462, 0.0, 0.0], [0.0, 15.015408889398524, 0.0], [0.0, 0.0, 33.195197563858976]], ""inplane_wrap_integers"": [[0, 0], [0, 0], [0, 0], [0, 0], [0, 0], [0, 0], [0, 0], [0, 0], [0, 0], [0, 0], [0, 0], [0, 0], [0, 0], [0, 0], [0, 0], [0, 0], [0, 0], [0, 0], [0, 0], [0, 0], [0, 0], [0, 0], [0, 0], [0, 0], [0, 0], [0, 0], [0, 0], [0, 0], [0, 0], [0, 0], [0, 0], [0, 0], [0, 0], [0, 0], [0, 0], [0, -1], [0, 0], [0, 0], [0, 0], [0, 0], [0, 0], [0, 0], [0, 0], [0, 0], [0, 0], [0, -1], [0, 0], [0, 0], [0, 0], [0, 0], [0, 0], [0, 0], [0, 0], [0, 0], [0, 0], [0, 0], [0, 0], [0, 0], [0, 0], [0, 0], [0, 0], [0, 0], [0, 0], [0, 1], [0, 0], [0, 0], [0, 0], [0, 0], [0, 0], [0, 0], [0, 0], [0, 0], [0, 0], [0, 0], [0, 0], [0, 0], [0, 0], [0, 0], [0, 0], [0, 0], [0, 0], [0, 0], [0, 0], [0, 0], [0, 0], [0, 0], [0, 0], [0, 0], [0, 0], [0, 0], [0, 0], [0, 0], [0, 0], [0, 0], [0, 0], [0, 0], [0, 0], [0, 0], [0, 0], [0, 0], [0, 0], [0, 1], [0, 0], [0, 0], [0, 0], [0, 0], [0, 0], [0, 0], [0, 0], [0, 0], [0, 0], [0, 0]], ""literal_parent_basis_preserved"": false, ""normal_in_parent_cartesian"": [-0.7071067811865476, -0.7071067811865476, 0.0], ""normal_sign_relative_to_hkl"": -1, ""oriented_repeat_count"": 1, ""oriented_unit_cell_lattice_A"": [[0.0, 0.0, 10.617497447982462], [-10.617497447982462, 10.617497447982462, 0.0], [-10.617497447982462, -10.617497447982462, 0.0]], ""oriented_unit_cell_matrix"": [[0, 0, 1], [-1, 1, 0], [-1, -1, 0]], ""parent_site_indices"": [0, 0, 1, 1, 2, 2, 3, 3, 4, 4, 5, 5, 6, 6, 7, 7, 8, 8, 9, 9, 10, 10, 11, 11, 12, 12, 13, 13, 14, 14, 15, 15, 16, 16, 17, 17, 18, 18, 19, 19, 20, 20, 21, 21, 22, 22, 23, 23, 24, 24, 25, 25, 26, 26, 27, 27, 28, 28, 29, 29, 30, 30, 31, 31, 32, 32, 33, 33, 34, 34, 35, 35, 36, 36, 37, 37, 38, 38, 39, 39, 40, 40, 41, 41, 42, 42, 43, 43, 44, 44, 45, 45, 46, 46, 47, 47, 48, 48, 49, 49, 50, 50, 51, 51, 52, 52, 53, 53, 54, 54, 55, 55], ""raw_lattice_A"": [[0.0, 0.0, 10.617497447982462], [-10.617497447982462, 10.617497447982462, 0.0], [-31.852492343947386, -31.852492343947386, 0.0]], ""row_cartesian_rotation"": [[0.0, -0.7071067811865476, -0.7071067811865476], [0.0, 0.7071067811865476, -0.7071067811865476], [1.0, 0.0, 0.0]], ""translation_z_A"": 9.089894449845774}",Zn16 In32 S64,112,16,True,0.0,33.195197563858976,13.195197563858976,20.0,159.426065563602,spinel_110_t13_upper,spinel_110_t13_lower,False,4,4,8,"{""In"": 8, ""S"": 16, ""Zn"": 4}","[{""coordination"": [[""In"", 4], [""In"", 4], [""In"", 4], [""In"", 4], [""S"", 3], [""S"", 3], [""S"", 3], [""S"", 3], [""S"", 3], [""S"", 3], [""S"", 3], [""S"", 3], [""Zn"", 3], [""Zn"", 3], [""Zn"", 3], [""Zn"", 3]], ""depth_A"": 0.0, ""species"": {""In"": 4, ""S"": 8, ""Zn"": 4}}, {""coordination"": [[""S"", 4], [""S"", 4], [""S"", 4], [""S"", 4]], ""depth_A"": 1.82021, ""species"": {""S"": 4}}, {""coordination"": [[""In"", 6], [""In"", 6], [""In"", 6], [""In"", 6]], ""depth_A"": 1.87693, ""species"": {""In"": 4}}, {""coordination"": [[""S"", 4], [""S"", 4], [""S"", 4], [""S"", 4]], ""depth_A"": 1.93364, ""species"": {""S"": 4}}]",0,4,8,"{""In"": 8, ""S"": 16, ""Zn"": 4}","[{""coordination"": [[""S"", 2], [""S"", 2], [""S"", 2], [""S"", 2]], ""depth_A"": 0.0, ""species"": {""S"": 4}}, {""coordination"": [[""In"", 4], [""In"", 4], [""In"", 4], [""In"", 4]], ""depth_A"": 0.05671, ""species"": {""In"": 4}}, {""coordination"": [[""S"", 3], [""S"", 3], [""S"", 3], [""S"", 3]], ""depth_A"": 0.11343, ""species"": {""S"": 4}}, {""coordination"": [[""In"", 6], [""In"", 6], [""In"", 6], [""In"", 6], [""S"", 4], [""S"", 4], [""S"", 4], [""S"", 4], [""S"", 4], [""S"", 4], [""S"", 4], [""S"", 4], [""Zn"", 4], [""Zn"", 4], [""Zn"", 4], [""Zn"", 4]], ""depth_A"": 1.93364, ""species"": {""In"": 4, ""S"": 8, ""Zn"": 4}}]",4,16,2.3682162197799097,CONNECTED,"[{""atom_count"": 112, ""composition"": {""In"": 32, ""S"": 64, ""Zn"": 16}, ""periodic_cycle_vectors"": [[-1, -1, 0], [-1, 0, 0], [-1, 1, 0], [0, -1, 0], [0, 1, 0], [1, -1, 0], [1, 0, 0], [1, 1, 0]], ""periodic_rank"": 2, ""site_indices"": [0, 1, 2, 3, 4, 5, 6, 7, 8, 9, 10, 11, 12, 13, 14, 15, 16, 17, 18, 19, 20, 21, 22, 23, 24, 25, 26, 27, 28, 29, 30, 31, 32, 33, 34, 35, 36, 37, 38, 39, 40, 41, 42, 43, 44, 45, 46, 47, 48, 49, 50, 51, 52, 53, 54, 55, 56, 57, 58, 59, 60, 61, 62, 63, 64, 65, 66, 67, 68, 69, 70, 71, 72, 73, 74, 75, 76, 77, 78, 79, 80, 81, 82, 83, 84, 85, 86, 87, 88, 89, 90, 91, 92, 93, 94, 95, 96, 97, 98, 99, 100, 101, 102, 103, 104, 105, 106, 107, 108, 109, 110, 111]}]",HIGH_CONCERN,30.030817778797086,0.18836830522432033,"[{""formal_charge_e"": -8, ""site_indices"": [45, 36, 52, 30], ""species"": {""S"": 4}, ""z_A"": 2.252310977723937e-07}, {""formal_charge_e"": 12, ""site_indices"": [88, 81, 82, 110], ""species"": {""In"": 4}, ""z_A"": 0.056714785635264775}, {""formal_charge_e"": -8, ""site_indices"": [40, 28, 48, 35], ""species"": {""S"": 4}, ""z_A"": 0.11342934603943}, {""formal_charge_e"": 4, ""site_indices"": [4, 12, 20, 26, 64, 69, 72, 76, 84, 92, 102, 106, 42, 54, 46, 50], ""species"": {""In"": 4, ""S"": 8, ""Zn"": 4}, ""z_A"": 1.9336408968100791}, {""formal_charge_e"": -8, ""site_indices"": [62, 22, 2, 11], ""species"": {""S"": 4}, ""z_A"": 3.75385244758073}, {""formal_charge_e"": 12, ""site_indices"": [100, 94, 97, 104], ""species"": {""In"": 4}, ""z_A"": 3.8105670079848935}, {""formal_charge_e"": -8, ""site_indices"": [61, 8, 16, 0], ""species"": {""S"": 4}, ""z_A"": 3.8672815683890605}, {""formal_charge_e"": 4, ""site_indices"": [32, 58, 70, 98, 7, 14, 18, 39, 57, 66, 75, 78, 108, 25, 87, 91], ""species"": {""In"": 4, ""S"": 8, ""Zn"": 4}, ""z_A"": 5.68749311915971}, {""formal_charge_e"": -8, ""site_indices"": [44, 37, 53, 31], ""species"": {""S"": 4}, ""z_A"": 7.507704669930362}, {""formal_charge_e"": 12, ""site_indices"": [83, 80, 89, 111], ""species"": {""In"": 4}, ""z_A"": 7.564419230334529}, {""formal_charge_e"": -8, ""site_indices"": [41, 49, 29, 34], ""species"": {""S"": 4}, ""z_A"": 7.621133790738689}, {""formal_charge_e"": 4, ""site_indices"": [5, 13, 21, 27, 68, 73, 77, 103, 107, 85, 93, 65, 43, 47, 55, 51], ""species"": {""In"": 4, ""S"": 8, ""Zn"": 4}, ""z_A"": 9.441345341509344}, {""formal_charge_e"": -8, ""site_indices"": [63, 23, 3, 10], ""species"": {""S"": 4}, ""z_A"": 11.261556892279991}, {""formal_charge_e"": 12, ""site_indices"": [95, 96, 101, 105], ""species"": {""In"": 4}, ""z_A"": 11.318271452684154}, {""formal_charge_e"": -8, ""site_indices"": [60, 17, 9, 1], ""species"": {""S"": 4}, ""z_A"": 11.374986013088321}, {""formal_charge_e"": 4, ""site_indices"": [24, 99, 6, 15, 19, 33, 38, 56, 59, 67, 71, 74, 79, 86, 90, 109], ""species"": {""In"": 4, ""S"": 8, ""Zn"": 4}, ""z_A"": 13.195197563858976}]","{""crossing_InS"": 16, ""crossing_ZnS"": 4, ""fractional_shift"": 0.8106114546789263, ""nearest_gap_width_A"": 1.8202113255395498, ""no_first_shell_bond_crosses"": false, ""oriented_bulk_planes"": [{""formal_charge_e"": 12, ""site_indices"": [64, 69, 72, 76, 84, 92, 102, 106, 42, 54, 46, 50], ""species"": {""In"": 4, ""S"": 4, ""Zn"": 4}, ""z_A"": 7.507703252109533e-08}, {""formal_charge_e"": -8, ""site_indices"": [62, 22, 2, 11], ""species"": {""S"": 4}, ""z_A"": 1.8202115507706496}, {""formal_charge_e"": 12, ""site_indices"": [100, 104, 94, 97], ""species"": {""In"": 4}, ""z_A"": 1.8769261111748148}, {""formal_charge_e"": -8, ""site_indices"": [61, 8, 16, 0], ""species"": {""S"": 4}, ""z_A"": 1.9336406715789796}, {""formal_charge_e"": 4, ""site_indices"": [32, 58, 98, 70, 18, 66, 78, 108, 14, 39, 57, 75, 7, 25, 87, 91], ""species"": {""In"": 4, ""S"": 8, ""Zn"": 4}, ""z_A"": 3.7538522223496305}, {""formal_charge_e"": -8, ""site_indices"": [44, 37, 53, 31], ""species"": {""S"": 4}, ""z_A"": 5.574063773120283}, {""formal_charge_e"": 12, ""site_indices"": [80, 83, 89, 111], ""species"": {""In"": 4}, ""z_A"": 5.6307783335244475}, {""formal_charge_e"": -8, ""site_indices"": [41, 29, 49, 34], ""species"": {""S"": 4}, ""z_A"": 5.687492893928611}, {""formal_charge_e"": 4, ""site_indices"": [5, 27, 13, 21, 68, 73, 77, 103, 107, 65, 85, 93, 43, 51, 55, 47], ""species"": {""In"": 4, ""S"": 8, ""Zn"": 4}, ""z_A"": 7.507704444699263}, {""formal_charge_e"": -8, ""site_indices"": [63, 23, 3, 10], ""species"": {""S"": 4}, ""z_A"": 9.327915995469914}, {""formal_charge_e"": 12, ""site_indices"": [95, 96, 101, 105], ""species"": {""In"": 4}, ""z_A"": 9.384630555874079}, {""formal_charge_e"": -8, ""site_indices"": [60, 9, 17, 1], ""species"": {""S"": 4}, ""z_A"": 9.441345116278242}, {""formal_charge_e"": 4, ""site_indices"": [6, 24, 33, 38, 56, 59, 67, 71, 74, 79, 86, 90, 99, 109, 15, 19], ""species"": {""In"": 4, ""S"": 8, ""Zn"": 4}, ""z_A"": 11.261556667048893}, {""formal_charge_e"": -8, ""site_indices"": [45, 36, 52, 30], ""species"": {""S"": 4}, ""z_A"": 13.081768217819542}, {""formal_charge_e"": 12, ""site_indices"": [88, 81, 82, 110], ""species"": {""In"": 4}, ""z_A"": 13.138482778223707}, {""formal_charge_e"": -8, ""site_indices"": [40, 28, 48, 35], ""species"": {""S"": 4}, ""z_A"": 13.195197338627871}, {""formal_charge_e"": -8, ""site_indices"": [4, 12, 20, 26], ""species"": {""S"": 4}, ""z_A"": 15.015408664167424}]}",,spinel_110_t01,,DEFERRED,Equivalent slab-pair duplicate of spinel_110_t01; Uncompensated formal dipole exceeds bounded spinel gate; reconstruction/electronic compensation unresolved,Unrelaxed seed; vacuum/thickness not converged; no energy ranking.
spinel_110_t14,spinel,1,1,0,(110),t14,0.8731114546789263,vasp/wp2_surface_and_facet_screening/structure/bulk_parents/spinel/POSCAR,89fed03927ad1d221915383fbfd61927e9d16798c1f1597737508cc9fa19ab05,"{""final_lattice_A"": [[10.617497447982462, 0.0, 0.0], [0.0, 15.015408889398524, 0.0], [0.0, 0.0, 34.95869455422546]], ""inplane_wrap_integers"": [[0, 0], [0, 0], [0, 0], [0, 0], [0, 0], [0, 0], [0, 0], [0, 0], [0, 0], [0, 0], [0, 0], [0, 0], [0, 0], [0, 0], [0, 0], [0, 0], [0, 0], [0, 0], [0, 0], [0, 0], [0, 0], [0, 0], [0, 0], [0, 0], [0, 0], [0, 0], [0, 0], [0, 0], [0, 0], [0, 0], [0, 0], [0, 0], [0, 0], [0, 0], [0, 0], [0, -1], [0, 0], [0, 0], [0, 0], [0, 0], [0, 0], [0, 0], [0, 0], [0, 0], [0, 0], [0, 0], [0, 0], [0, 0], [0, 0], [0, 0], [0, 0], [0, 0], [0, 0], [0, 0], [0, 0], [0, 0], [0, 0], [0, 0], [0, 0], [0, 0], [0, 0], [0, 0], [0, 0], [0, 0], [0, 0], [0, 0], [0, 0], [0, 0], [0, 0], [0, -1], [0, 0], [0, 0], [0, 0], [0, 0], [0, 0], [0, 0], [0, 0], [0, 0], [0, 0], [0, 0], [0, 0], [0, 0], [0, 0], [0, 0], [0, 0], [0, 0], [0, 0], [0, 0], [0, 0], [0, 0], [0, 0], [0, 0], [0, 0], [0, 0], [0, 0], [0, 0], [0, 0], [0, 0], [0, 0], [0, 0], [0, 0], [0, 0], [0, 0], [0, 0], [0, 0], [0, 0], [0, 0], [0, 0], [0, 0], [0, 0], [0, 0], [0, 0]], ""literal_parent_basis_preserved"": false, ""normal_in_parent_cartesian"": [-0.7071067811865476, -0.7071067811865476, 0.0], ""normal_sign_relative_to_hkl"": -1, ""oriented_repeat_count"": 1, ""oriented_unit_cell_lattice_A"": [[0.0, 0.0, 10.617497447982462], [-10.617497447982462, 10.617497447982462, 0.0], [-10.617497447982462, -10.617497447982462, 0.0]], ""oriented_unit_cell_matrix"": [[0, 0, 1], [-1, 1, 0], [-1, -1, 0]], ""parent_site_indices"": [0, 0, 1, 1, 2, 2, 3, 3, 4, 4, 5, 5, 6, 6, 7, 7, 8, 8, 9, 9, 10, 10, 11, 11, 12, 12, 13, 13, 14, 14, 15, 15, 16, 16, 17, 17, 18, 18, 19, 19, 20, 20, 21, 21, 22, 22, 23, 23, 24, 24, 25, 25, 26, 26, 27, 27, 28, 28, 29, 29, 30, 30, 31, 31, 32, 32, 33, 33, 34, 34, 35, 35, 36, 36, 37, 37, 38, 38, 39, 39, 40, 40, 41, 41, 42, 42, 43, 43, 44, 44, 45, 45, 46, 46, 47, 47, 48, 48, 49, 49, 50, 50, 51, 51, 52, 52, 53, 53, 54, 54, 55, 55], ""raw_lattice_A"": [[0.0, 0.0, 10.617497447982462], [-10.617497447982462, 10.617497447982462, 0.0], [-31.852492343947386, -31.852492343947386, 0.0]], ""row_cartesian_rotation"": [[0.0, -0.7071067811865476, -0.7071067811865476], [0.0, 0.7071067811865476, -0.7071067811865476], [1.0, 0.0, 0.0]], ""translation_z_A"": 9.97164271979792}",Zn16 In32 S64,112,16,True,0.0,34.95869455422546,14.95869455422546,20.0,159.426065563602,spinel_110_t14_upper,spinel_110_t14_lower,False,4,0,12,"{""In"": 4, ""S"": 12, ""Zn"": 4}","[{""coordination"": [[""S"", 2], [""S"", 2], [""S"", 2], [""S"", 2]], ""depth_A"": 0.0, ""species"": {""S"": 4}}, {""coordination"": [[""In"", 6], [""In"", 6], [""In"", 6], [""In"", 6], [""S"", 3], [""S"", 3], [""S"", 3], [""S"", 3], [""S"", 3], [""S"", 3], [""S"", 3], [""S"", 3], [""Zn"", 3], [""Zn"", 3], [""Zn"", 3], [""Zn"", 3]], ""depth_A"": 1.82021, ""species"": {""In"": 4, ""S"": 8, ""Zn"": 4}}]",4,4,4,"{""In"": 8, ""S"": 12, ""Zn"": 4}","[{""coordination"": [[""In"", 3], [""In"", 3], [""In"", 3], [""In"", 3]], ""depth_A"": 0.0, ""species"": {""In"": 4}}, {""coordination"": [[""S"", 3], [""S"", 3], [""S"", 3], [""S"", 3]], ""depth_A"": 0.05671, ""species"": {""S"": 4}}, {""coordination"": [[""In"", 6], [""In"", 6], [""In"", 6], [""In"", 6], [""S"", 4], [""S"", 4], [""S"", 4], [""S"", 4], [""S"", 4], [""S"", 4], [""S"", 4], [""S"", 4], [""Zn"", 3], [""Zn"", 3], [""Zn"", 3], [""Zn"", 3]], ""depth_A"": 1.87693, ""species"": {""In"": 4, ""S"": 8, ""Zn"": 4}}]",8,12,2.3682162197799075,CONNECTED,"[{""atom_count"": 112, ""composition"": {""In"": 32, ""S"": 64, ""Zn"": 16}, ""periodic_cycle_vectors"": [[-1, -1, 0], [-1, 0, 0], [-1, 1, 0], [0, -1, 0], [0, 1, 0], [1, -1, 0], [1, 0, 0], [1, 1, 0]], ""periodic_rank"": 2, ""site_indices"": [0, 1, 2, 3, 4, 5, 6, 7, 8, 9, 10, 11, 12, 13, 14, 15, 16, 17, 18, 19, 20, 21, 22, 23, 24, 25, 26, 27, 28, 29, 30, 31, 32, 33, 34, 35, 36, 37, 38, 39, 40, 41, 42, 43, 44, 45, 46, 47, 48, 49, 50, 51, 52, 53, 54, 55, 56, 57, 58, 59, 60, 61, 62, 63, 64, 65, 66, 67, 68, 69, 70, 71, 72, 73, 74, 75, 76, 77, 78, 79, 80, 81, 82, 83, 84, 85, 86, 87, 88, 89, 90, 91, 92, 93, 94, 95, 96, 97, 98, 99, 100, 101, 102, 103, 104, 105, 106, 107, 108, 109, 110, 111]}]",HIGH_CONCERN,-90.09245333639112,-0.5651049156729601,"[{""formal_charge_e"": 12, ""site_indices"": [88, 81, 82, 110], ""species"": {""In"": 4}, ""z_A"": 3.552713678800501e-15}, {""formal_charge_e"": -8, ""site_indices"": [40, 28, 48, 35], ""species"": {""S"": 4}, ""z_A"": 0.056714560404167}, {""formal_charge_e"": 4, ""site_indices"": [4, 12, 20, 26, 64, 69, 76, 84, 92, 102, 106, 72, 42, 54, 46, 50], ""species"": {""In"": 4, ""S"": 8, ""Zn"": 4}, ""z_A"": 1.876926111174818}, {""formal_charge_e"": -8, ""site_indices"": [62, 22, 2, 11], ""species"": {""S"": 4}, ""z_A"": 3.697137661945469}, {""formal_charge_e"": 12, ""site_indices"": [97, 100, 94, 104], ""species"": {""In"": 4}, ""z_A"": 3.753852222349634}, {""formal_charge_e"": -8, ""site_indices"": [61, 8, 16, 0], ""species"": {""S"": 4}, ""z_A"": 3.8105667827537957}, {""formal_charge_e"": 4, ""site_indices"": [32, 58, 98, 18, 57, 108, 7, 14, 25, 39, 66, 70, 75, 78, 87, 91], ""species"": {""In"": 4, ""S"": 8, ""Zn"": 4}, ""z_A"": 5.63077833352445}, {""formal_charge_e"": -8, ""site_indices"": [44, 37, 53, 31], ""species"": {""S"": 4}, ""z_A"": 7.450989884295101}, {""formal_charge_e"": 12, ""site_indices"": [80, 83, 89, 111], ""species"": {""In"": 4}, ""z_A"": 7.5077044446992645}, {""formal_charge_e"": -8, ""site_indices"": [41, 49, 29, 34], ""species"": {""S"": 4}, ""z_A"": 7.564419005103428}, {""formal_charge_e"": 4, ""site_indices"": [5, 13, 21, 27, 68, 65, 73, 77, 85, 93, 103, 107, 43, 47, 51, 55], ""species"": {""In"": 4, ""S"": 8, ""Zn"": 4}, ""z_A"": 9.384630555874082}, {""formal_charge_e"": -8, ""site_indices"": [63, 23, 3, 10], ""species"": {""S"": 4}, ""z_A"": 11.204842106644733}, {""formal_charge_e"": 12, ""site_indices"": [101, 95, 96, 105], ""species"": {""In"": 4}, ""z_A"": 11.261556667048893}, {""formal_charge_e"": -8, ""site_indices"": [60, 9, 17, 1], ""species"": {""S"": 4}, ""z_A"": 11.31827122745306}, {""formal_charge_e"": 4, ""site_indices"": [6, 15, 19, 24, 33, 38, 56, 59, 67, 71, 74, 79, 86, 90, 99, 109], ""species"": {""In"": 4, ""S"": 8, ""Zn"": 4}, ""z_A"": 13.138482778223711}, {""formal_charge_e"": -8, ""site_indices"": [45, 36, 52, 30], ""species"": {""S"": 4}, ""z_A"": 14.958694328994362}]","{""crossing_InS"": 12, ""crossing_ZnS"": 8, ""fractional_shift"": 0.8731114546789263, ""nearest_gap_width_A"": 0.056714335173065025, ""no_first_shell_bond_crosses"": false, ""oriented_bulk_planes"": [{""formal_charge_e"": 12, ""site_indices"": [64, 69, 72, 76, 84, 92, 102, 106, 42, 54, 46, 50], ""species"": {""In"": 4, ""S"": 4, ""Zn"": 4}, ""z_A"": 7.507703252109533e-08}, {""formal_charge_e"": -8, ""site_indices"": [62, 22, 2, 11], ""species"": {""S"": 4}, ""z_A"": 1.8202115507706496}, {""formal_charge_e"": 12, ""site_indices"": [100, 104, 94, 97], ""species"": {""In"": 4}, ""z_A"": 1.8769261111748148}, {""formal_charge_e"": -8, ""site_indices"": [61, 8, 16, 0], ""species"": {""S"": 4}, ""z_A"": 1.9336406715789796}, {""formal_charge_e"": 4, ""site_indices"": [32, 58, 98, 70, 18, 66, 78, 108, 14, 39, 57, 75, 7, 25, 87, 91], ""species"": {""In"": 4, ""S"": 8, ""Zn"": 4}, ""z_A"": 3.7538522223496305}, {""formal_charge_e"": -8, ""site_indices"": [44, 37, 53, 31], ""species"": {""S"": 4}, ""z_A"": 5.574063773120283}, {""formal_charge_e"": 12, ""site_indices"": [80, 83, 89, 111], ""species"": {""In"": 4}, ""z_A"": 5.6307783335244475}, {""formal_charge_e"": -8, ""site_indices"": [41, 29, 49, 34], ""species"": {""S"": 4}, ""z_A"": 5.687492893928611}, {""formal_charge_e"": 4, ""site_indices"": [5, 27, 13, 21, 68, 73, 77, 103, 107, 65, 85, 93, 43, 51, 55, 47], ""species"": {""In"": 4, ""S"": 8, ""Zn"": 4}, ""z_A"": 7.507704444699263}, {""formal_charge_e"": -8, ""site_indices"": [63, 23, 3, 10], ""species"": {""S"": 4}, ""z_A"": 9.327915995469914}, {""formal_charge_e"": 12, ""site_indices"": [95, 96, 101, 105], ""species"": {""In"": 4}, ""z_A"": 9.384630555874079}, {""formal_charge_e"": -8, ""site_indices"": [60, 9, 17, 1], ""species"": {""S"": 4}, ""z_A"": 9.441345116278242}, {""formal_charge_e"": 4, ""site_indices"": [6, 24, 33, 38, 56, 59, 67, 71, 74, 79, 86, 90, 99, 109, 15, 19], ""species"": {""In"": 4, ""S"": 8, ""Zn"": 4}, ""z_A"": 11.261556667048893}, {""formal_charge_e"": -8, ""site_indices"": [45, 36, 52, 30], ""species"": {""S"": 4}, ""z_A"": 13.081768217819542}, {""formal_charge_e"": 12, ""site_indices"": [88, 81, 82, 110], ""species"": {""In"": 4}, ""z_A"": 13.138482778223707}, {""formal_charge_e"": -8, ""site_indices"": [40, 28, 48, 35], ""species"": {""S"": 4}, ""z_A"": 13.195197338627871}, {""formal_charge_e"": -8, ""site_indices"": [4, 12, 20, 26], ""species"": {""S"": 4}, ""z_A"": 15.015408664167424}]}",,spinel_110_t02,,DEFERRED,Equivalent slab-pair duplicate of spinel_110_t02; Uncompensated formal dipole exceeds bounded spinel gate; reconstruction/electronic compensation unresolved,Unrelaxed seed; vacuum/thickness not converged; no energy ranking.
spinel_110_t15,spinel,1,1,0,(110),t15,0.8768885453210736,vasp/wp2_surface_and_facet_screening/structure/bulk_parents/spinel/POSCAR,89fed03927ad1d221915383fbfd61927e9d16798c1f1597737508cc9fa19ab05,"{""final_lattice_A"": [[10.617497447982462, 0.0, 0.0], [0.0, 15.015408889398524, 0.0], [0.0, 0.0, 34.95869455422546]], ""inplane_wrap_integers"": [[0, 0], [0, 0], [0, 0], [0, 0], [0, 0], [0, 0], [0, 0], [0, 0], [0, 0], [0, 0], [0, 0], [0, 0], [0, 0], [0, 0], [0, 0], [0, 0], [0, 0], [0, 0], [0, 0], [0, 0], [0, 0], [0, 0], [0, 0], [0, 0], [0, 0], [0, 0], [0, 0], [0, 0], [0, 0], [0, 0], [0, 0], [0, 0], [0, 0], [0, 0], [0, 0], [0, -1], [0, 0], [0, 0], [0, 0], [0, 0], [0, 0], [0, 0], [0, 0], [0, 0], [0, 0], [0, -1], [0, 0], [0, 0], [0, 0], [0, 0], [0, 0], [0, 0], [0, 0], [0, 0], [0, 0], [0, 0], [0, 0], [0, 0], [0, 0], [0, 0], [0, 0], [0, 0], [0, 0], [0, 0], [0, 0], [0, 0], [0, 0], [0, 0], [0, 0], [0, -1], [0, 0], [0, 0], [0, 0], [0, 0], [0, 0], [0, 0], [0, 0], [0, 0], [0, 0], [0, -1], [0, 0], [0, 0], [0, 0], [0, 0], [0, 0], [0, 0], [0, 0], [0, 0], [0, 0], [0, 0], [0, 0], [0, 0], [0, 0], [0, 0], [0, 0], [0, 0], [0, 0], [0, 0], [0, 0], [0, 0], [0, 0], [0, 0], [0, 0], [0, 0], [0, 0], [0, 0], [0, 0], [0, 0], [0, 0], [0, 0], [0, 0], [0, 0]], ""literal_parent_basis_preserved"": false, ""normal_in_parent_cartesian"": [-0.7071067811865476, -0.7071067811865476, 0.0], ""normal_sign_relative_to_hkl"": -1, ""oriented_repeat_count"": 1, ""oriented_unit_cell_lattice_A"": [[0.0, 0.0, 10.617497447982462], [-10.617497447982462, 10.617497447982462, 0.0], [-10.617497447982462, -10.617497447982462, 0.0]], ""oriented_unit_cell_matrix"": [[0, 0, 1], [-1, 1, 0], [-1, -1, 0]], ""parent_site_indices"": [0, 0, 1, 1, 2, 2, 3, 3, 4, 4, 5, 5, 6, 6, 7, 7, 8, 8, 9, 9, 10, 10, 11, 11, 12, 12, 13, 13, 14, 14, 15, 15, 16, 16, 17, 17, 18, 18, 19, 19, 20, 20, 21, 21, 22, 22, 23, 23, 24, 24, 25, 25, 26, 26, 27, 27, 28, 28, 29, 29, 30, 30, 31, 31, 32, 32, 33, 33, 34, 34, 35, 35, 36, 36, 37, 37, 38, 38, 39, 39, 40, 40, 41, 41, 42, 42, 43, 43, 44, 44, 45, 45, 46, 46, 47, 47, 48, 48, 49, 49, 50, 50, 51, 51, 52, 52, 53, 53, 54, 54, 55, 55], ""raw_lattice_A"": [[0.0, 0.0, 10.617497447982462], [-10.617497447982462, 10.617497447982462, 0.0], [-31.852492343947386, -31.852492343947386, 0.0]], ""row_cartesian_rotation"": [[0.0, -0.7071067811865476, -0.7071067811865476], [0.0, 0.7071067811865476, -0.7071067811865476], [1.0, 0.0, 0.0]], ""translation_z_A"": 9.971642945029014}",Zn16 In32 S64,112,16,True,0.0,34.95869455422546,14.95869455422546,20.0,159.426065563602,spinel_110_t15_upper,spinel_110_t15_lower,False,4,4,4,"{""In"": 8, ""S"": 12, ""Zn"": 4}","[{""coordination"": [[""In"", 3], [""In"", 3], [""In"", 3], [""In"", 3]], ""depth_A"": 0.0, ""species"": {""In"": 4}}, {""coordination"": [[""S"", 3], [""S"", 3], [""S"", 3], [""S"", 3]], ""depth_A"": 0.05671, ""species"": {""S"": 4}}, {""coordination"": [[""In"", 6], [""In"", 6], [""In"", 6], [""In"", 6], [""S"", 4], [""S"", 4], [""S"", 4], [""S"", 4], [""S"", 4], [""S"", 4], [""S"", 4], [""S"", 4], [""Zn"", 3], [""Zn"", 3], [""Zn"", 3], [""Zn"", 3]], ""depth_A"": 1.87693, ""species"": {""In"": 4, ""S"": 8, ""Zn"": 4}}]",4,0,12,"{""In"": 4, ""S"": 12, ""Zn"": 4}","[{""coordination"": [[""S"", 2], [""S"", 2], [""S"", 2], [""S"", 2]], ""depth_A"": 0.0, ""species"": {""S"": 4}}, {""coordination"": [[""In"", 6], [""In"", 6], [""In"", 6], [""In"", 6], [""S"", 3], [""S"", 3], [""S"", 3], [""S"", 3], [""S"", 3], [""S"", 3], [""S"", 3], [""S"", 3], [""Zn"", 3], [""Zn"", 3], [""Zn"", 3], [""Zn"", 3]], ""depth_A"": 1.82021, ""species"": {""In"": 4, ""S"": 8, ""Zn"": 4}}]",8,12,2.3682162197799084,CONNECTED,"[{""atom_count"": 112, ""composition"": {""In"": 32, ""S"": 64, ""Zn"": 16}, ""periodic_cycle_vectors"": [[-1, -1, 0], [-1, 0, 0], [-1, 1, 0], [0, -1, 0], [0, 1, 0], [1, -1, 0], [1, 0, 0], [1, 1, 0]], ""periodic_rank"": 2, ""site_indices"": [0, 1, 2, 3, 4, 5, 6, 7, 8, 9, 10, 11, 12, 13, 14, 15, 16, 17, 18, 19, 20, 21, 22, 23, 24, 25, 26, 27, 28, 29, 30, 31, 32, 33, 34, 35, 36, 37, 38, 39, 40, 41, 42, 43, 44, 45, 46, 47, 48, 49, 50, 51, 52, 53, 54, 55, 56, 57, 58, 59, 60, 61, 62, 63, 64, 65, 66, 67, 68, 69, 70, 71, 72, 73, 74, 75, 76, 77, 78, 79, 80, 81, 82, 83, 84, 85, 86, 87, 88, 89, 90, 91, 92, 93, 94, 95, 96, 97, 98, 99, 100, 101, 102, 103, 104, 105, 106, 107, 108, 109, 110, 111]}]",HIGH_CONCERN,90.0924533363912,0.5651049156729606,"[{""formal_charge_e"": -8, ""site_indices"": [40, 28, 48, 35], ""species"": {""S"": 4}, ""z_A"": 2.252310977723937e-07}, {""formal_charge_e"": 4, ""site_indices"": [4, 12, 20, 26, 64, 69, 72, 76, 84, 92, 102, 106, 42, 46, 50, 54], ""species"": {""In"": 4, ""S"": 8, ""Zn"": 4}, ""z_A"": 1.8202117760017487}, {""formal_charge_e"": -8, ""site_indices"": [62, 22, 2, 11], ""species"": {""S"": 4}, ""z_A"": 3.6404233267723978}, {""formal_charge_e"": 12, ""site_indices"": [97, 100, 104, 94], ""species"": {""In"": 4}, ""z_A"": 3.697137887176563}, {""formal_charge_e"": -8, ""site_indices"": [61, 8, 16, 0], ""species"": {""S"": 4}, ""z_A"": 3.75385244758073}, {""formal_charge_e"": 4, ""site_indices"": [32, 58, 70, 78, 98, 108, 18, 66, 7, 14, 25, 39, 57, 75, 87, 91], ""species"": {""In"": 4, ""S"": 8, ""Zn"": 4}, ""z_A"": 5.574063998351381}, {""formal_charge_e"": -8, ""site_indices"": [44, 37, 53, 31], ""species"": {""S"": 4}, ""z_A"": 7.394275549122032}, {""formal_charge_e"": 12, ""site_indices"": [80, 83, 89, 111], ""species"": {""In"": 4}, ""z_A"": 7.450990109526195}, {""formal_charge_e"": -8, ""site_indices"": [41, 49, 29, 34], ""species"": {""S"": 4}, ""z_A"": 7.507704669930359}, {""formal_charge_e"": 4, ""site_indices"": [27, 5, 13, 21, 68, 73, 103, 107, 65, 77, 85, 93, 43, 47, 51, 55], ""species"": {""In"": 4, ""S"": 8, ""Zn"": 4}, ""z_A"": 9.327916220701013}, {""formal_charge_e"": -8, ""site_indices"": [63, 3, 23, 10], ""species"": {""S"": 4}, ""z_A"": 11.14812777147166}, {""formal_charge_e"": 12, ""site_indices"": [95, 96, 101, 105], ""species"": {""In"": 4}, ""z_A"": 11.204842331875824}, {""formal_charge_e"": -8, ""site_indices"": [60, 9, 17, 1], ""species"": {""S"": 4}, ""z_A"": 11.261556892279994}, {""formal_charge_e"": 4, ""site_indices"": [6, 15, 19, 24, 33, 38, 56, 59, 67, 71, 74, 79, 86, 90, 99, 109], ""species"": {""In"": 4, ""S"": 8, ""Zn"": 4}, ""z_A"": 13.081768443050642}, {""formal_charge_e"": -8, ""site_indices"": [45, 36, 52, 30], ""species"": {""S"": 4}, ""z_A"": 14.90197999382129}, {""formal_charge_e"": 12, ""site_indices"": [88, 81, 82, 110], ""species"": {""In"": 4}, ""z_A"": 14.95869455422546}]","{""crossing_InS"": 12, ""crossing_ZnS"": 8, ""fractional_shift"": 0.8768885453210736, ""nearest_gap_width_A"": 0.05671433517306669, ""no_first_shell_bond_crosses"": false, ""oriented_bulk_planes"": [{""formal_charge_e"": 12, ""site_indices"": [64, 69, 72, 76, 84, 92, 102, 106, 42, 54, 46, 50], ""species"": {""In"": 4, ""S"": 4, ""Zn"": 4}, ""z_A"": 7.507703252109533e-08}, {""formal_charge_e"": -8, ""site_indices"": [62, 22, 2, 11], ""species"": {""S"": 4}, ""z_A"": 1.8202115507706496}, {""formal_charge_e"": 12, ""site_indices"": [100, 104, 94, 97], ""species"": {""In"": 4}, ""z_A"": 1.8769261111748148}, {""formal_charge_e"": -8, ""site_indices"": [61, 8, 16, 0], ""species"": {""S"": 4}, ""z_A"": 1.9336406715789796}, {""formal_charge_e"": 4, ""site_indices"": [32, 58, 98, 70, 18, 66, 78, 108, 14, 39, 57, 75, 7, 25, 87, 91], ""species"": {""In"": 4, ""S"": 8, ""Zn"": 4}, ""z_A"": 3.7538522223496305}, {""formal_charge_e"": -8, ""site_indices"": [44, 37, 53, 31], ""species"": {""S"": 4}, ""z_A"": 5.574063773120283}, {""formal_charge_e"": 12, ""site_indices"": [80, 83, 89, 111], ""species"": {""In"": 4}, ""z_A"": 5.6307783335244475}, {""formal_charge_e"": -8, ""site_indices"": [41, 29, 49, 34], ""species"": {""S"": 4}, ""z_A"": 5.687492893928611}, {""formal_charge_e"": 4, ""site_indices"": [5, 27, 13, 21, 68, 73, 77, 103, 107, 65, 85, 93, 43, 51, 55, 47], ""species"": {""In"": 4, ""S"": 8, ""Zn"": 4}, ""z_A"": 7.507704444699263}, {""formal_charge_e"": -8, ""site_indices"": [63, 23, 3, 10], ""species"": {""S"": 4}, ""z_A"": 9.327915995469914}, {""formal_charge_e"": 12, ""site_indices"": [95, 96, 101, 105], ""species"": {""In"": 4}, ""z_A"": 9.384630555874079}, {""formal_charge_e"": -8, ""site_indices"": [60, 9, 17, 1], ""species"": {""S"": 4}, ""z_A"": 9.441345116278242}, {""formal_charge_e"": 4, ""site_indices"": [6, 24, 33, 38, 56, 59, 67, 71, 74, 79, 86, 90, 99, 109, 15, 19], ""species"": {""In"": 4, ""S"": 8, ""Zn"": 4}, ""z_A"": 11.261556667048893}, {""formal_charge_e"": -8, ""site_indices"": [45, 36, 52, 30], ""species"": {""S"": 4}, ""z_A"": 13.081768217819542}, {""formal_charge_e"": 12, ""site_indices"": [88, 81, 82, 110], ""species"": {""In"": 4}, ""z_A"": 13.138482778223707}, {""formal_charge_e"": -8, ""site_indices"": [40, 28, 48, 35], ""species"": {""S"": 4}, ""z_A"": 13.195197338627871}, {""formal_charge_e"": -8, ""site_indices"": [4, 12, 20, 26], ""species"": {""S"": 4}, ""z_A"": 15.015408664167424}]}",,spinel_110_t02,,DEFERRED,Equivalent slab-pair duplicate of spinel_110_t02; Uncompensated formal dipole exceeds bounded spinel gate; reconstruction/electronic compensation unresolved,Unrelaxed seed; vacuum/thickness not converged; no energy ranking.
spinel_110_t16,spinel,1,1,0,(110),t16,0.9393885453210737,vasp/wp2_surface_and_facet_screening/structure/bulk_parents/spinel/POSCAR,89fed03927ad1d221915383fbfd61927e9d16798c1f1597737508cc9fa19ab05,"{""final_lattice_A"": [[10.617497447982462, 0.0, 0.0], [0.0, 15.015408889398524, 0.0], [0.0, 0.0, 33.195197789090074]], ""inplane_wrap_integers"": [[0, 0], [0, 0], [0, 0], [0, 0], [0, 0], [0, 0], [0, 0], [0, 0], [0, 0], [0, 0], [0, 0], [0, 0], [0, 0], [0, 0], [0, 0], [0, 0], [0, 0], [0, 0], [0, 0], [0, 0], [0, 0], [0, 0], [0, 0], [0, 0], [0, 0], [0, 0], [0, 0], [0, 0], [0, 0], [0, 0], [0, 0], [0, 0], [0, 0], [0, 0], [0, 0], [0, 0], [0, 0], [0, 0], [0, 0], [0, 0], [0, 0], [0, 0], [0, 0], [0, 0], [0, 0], [0, 0], [0, 0], [0, 0], [0, 0], [0, 0], [0, 0], [0, 0], [0, 0], [0, 0], [0, 0], [0, 0], [0, 0], [0, 0], [0, 0], [0, 0], [0, 0], [0, 0], [0, 0], [0, 0], [0, 0], [0, 0], [0, 0], [0, 0], [0, 0], [0, -1], [0, 0], [0, 0], [0, 0], [0, 0], [0, 0], [0, 0], [0, 0], [0, 0], [0, 0], [0, 0], [0, 0], [0, -1], [0, 0], [0, 0], [0, 0], [0, 0], [0, 0], [0, 0], [0, 0], [0, 0], [0, 0], [0, 0], [0, 0], [0, 0], [0, 0], [0, 0], [0, 0], [0, 0], [0, 0], [0, 0], [0, 0], [0, 0], [0, 0], [0, 0], [0, 0], [0, 0], [0, 0], [0, 0], [0, 0], [0, 0], [0, 0], [0, 0]], ""literal_parent_basis_preserved"": false, ""normal_in_parent_cartesian"": [-0.7071067811865476, -0.7071067811865476, 0.0], ""normal_sign_relative_to_hkl"": -1, ""oriented_repeat_count"": 1, ""oriented_unit_cell_lattice_A"": [[0.0, 0.0, 10.617497447982462], [-10.617497447982462, 10.617497447982462, 0.0], [-10.617497447982462, -10.617497447982462, 0.0]], ""oriented_unit_cell_matrix"": [[0, 0, 1], [-1, 1, 0], [-1, -1, 0]], ""parent_site_indices"": [0, 0, 1, 1, 2, 2, 3, 3, 4, 4, 5, 5, 6, 6, 7, 7, 8, 8, 9, 9, 10, 10, 11, 11, 12, 12, 13, 13, 14, 14, 15, 15, 16, 16, 17, 17, 18, 18, 19, 19, 20, 20, 21, 21, 22, 22, 23, 23, 24, 24, 25, 25, 26, 26, 27, 27, 28, 28, 29, 29, 30, 30, 31, 31, 32, 32, 33, 33, 34, 34, 35, 35, 36, 36, 37, 37, 38, 38, 39, 39, 40, 40, 41, 41, 42, 42, 43, 43, 44, 44, 45, 45, 46, 46, 47, 47, 48, 48, 49, 49, 50, 50, 51, 51, 52, 52, 53, 53, 54, 54, 55, 55], ""raw_lattice_A"": [[0.0, 0.0, 10.617497447982462], [-10.617497447982462, 10.617497447982462, 0.0], [-31.852492343947386, -31.852492343947386, 0.0]], ""row_cartesian_rotation"": [[0.0, -0.7071067811865476, -0.7071067811865476], [0.0, 0.7071067811865476, -0.7071067811865476], [1.0, 0.0, 0.0]], ""translation_z_A"": 9.089894449845778}",Zn16 In32 S64,112,16,True,0.0,33.195197789090074,13.195197789090077,19.999999999999996,159.426065563602,spinel_110_t16_upper,spinel_110_t16_lower,False,0,4,8,"{""In"": 8, ""S"": 16, ""Zn"": 4}","[{""coordination"": [[""S"", 2], [""S"", 2], [""S"", 2], [""S"", 2]], ""depth_A"": 0.0, ""species"": {""S"": 4}}, {""coordination"": [[""In"", 4], [""In"", 4], [""In"", 4], [""In"", 4]], ""depth_A"": 0.05671, ""species"": {""In"": 4}}, {""coordination"": [[""S"", 3], [""S"", 3], [""S"", 3], [""S"", 3]], ""depth_A"": 0.11343, ""species"": {""S"": 4}}, {""coordination"": [[""In"", 6], [""In"", 6], [""In"", 6], [""In"", 6], [""S"", 4], [""S"", 4], [""S"", 4], [""S"", 4], [""S"", 4], [""S"", 4], [""S"", 4], [""S"", 4], [""Zn"", 4], [""Zn"", 4], [""Zn"", 4], [""Zn"", 4]], ""depth_A"": 1.93364, ""species"": {""In"": 4, ""S"": 8, ""Zn"": 4}}]",4,4,8,"{""In"": 8, ""S"": 16, ""Zn"": 4}","[{""coordination"": [[""In"", 4], [""In"", 4], [""In"", 4], [""In"", 4], [""S"", 3], [""S"", 3], [""S"", 3], [""S"", 3], [""S"", 3], [""S"", 3], [""S"", 3], [""S"", 3], [""Zn"", 3], [""Zn"", 3], [""Zn"", 3], [""Zn"", 3]], ""depth_A"": 0.0, ""species"": {""In"": 4, ""S"": 8, ""Zn"": 4}}, {""coordination"": [[""S"", 4], [""S"", 4], [""S"", 4], [""S"", 4]], ""depth_A"": 1.82021, ""species"": {""S"": 4}}, {""coordination"": [[""In"", 6], [""In"", 6], [""In"", 6], [""In"", 6]], ""depth_A"": 1.87693, ""species"": {""In"": 4}}, {""coordination"": [[""S"", 4], [""S"", 4], [""S"", 4], [""S"", 4]], ""depth_A"": 1.93364, ""species"": {""S"": 4}}]",4,16,2.3682162197799097,CONNECTED,"[{""atom_count"": 112, ""composition"": {""In"": 32, ""S"": 64, ""Zn"": 16}, ""periodic_cycle_vectors"": [[-1, -1, 0], [-1, 0, 0], [-1, 1, 0], [0, -1, 0], [0, 1, 0], [1, -1, 0], [1, 0, 0], [1, 1, 0]], ""periodic_rank"": 2, ""site_indices"": [0, 1, 2, 3, 4, 5, 6, 7, 8, 9, 10, 11, 12, 13, 14, 15, 16, 17, 18, 19, 20, 21, 22, 23, 24, 25, 26, 27, 28, 29, 30, 31, 32, 33, 34, 35, 36, 37, 38, 39, 40, 41, 42, 43, 44, 45, 46, 47, 48, 49, 50, 51, 52, 53, 54, 55, 56, 57, 58, 59, 60, 61, 62, 63, 64, 65, 66, 67, 68, 69, 70, 71, 72, 73, 74, 75, 76, 77, 78, 79, 80, 81, 82, 83, 84, 85, 86, 87, 88, 89, 90, 91, 92, 93, 94, 95, 96, 97, 98, 99, 100, 101, 102, 103, 104, 105, 106, 107, 108, 109, 110, 111]}]",HIGH_CONCERN,-30.030817778797047,-0.18836830522432008,"[{""formal_charge_e"": 4, ""site_indices"": [4, 12, 20, 26, 106, 64, 69, 72, 76, 84, 92, 102, 42, 54, 46, 50], ""species"": {""In"": 4, ""S"": 8, ""Zn"": 4}, ""z_A"": 2.2523110132510737e-07}, {""formal_charge_e"": -8, ""site_indices"": [62, 2, 22, 11], ""species"": {""S"": 4}, ""z_A"": 1.820211776001754}, {""formal_charge_e"": 12, ""site_indices"": [100, 94, 97, 104], ""species"": {""In"": 4}, ""z_A"": 1.8769263364059157}, {""formal_charge_e"": -8, ""site_indices"": [61, 8, 16, 0], ""species"": {""S"": 4}, ""z_A"": 1.9336408968100827}, {""formal_charge_e"": 4, ""site_indices"": [32, 98, 7, 14, 18, 39, 57, 58, 66, 70, 78, 108, 25, 75, 87, 91], ""species"": {""In"": 4, ""S"": 8, ""Zn"": 4}, ""z_A"": 3.7538524475807336}, {""formal_charge_e"": -8, ""site_indices"": [44, 37, 53, 31], ""species"": {""S"": 4}, ""z_A"": 5.574063998351384}, {""formal_charge_e"": 12, ""site_indices"": [89, 80, 83, 111], ""species"": {""In"": 4}, ""z_A"": 5.630778558755551}, {""formal_charge_e"": -8, ""site_indices"": [41, 29, 49, 34], ""species"": {""S"": 4}, ""z_A"": 5.687493119159713}, {""formal_charge_e"": 4, ""site_indices"": [5, 21, 27, 13, 68, 103, 73, 77, 85, 93, 107, 65, 43, 51, 55, 47], ""species"": {""In"": 4, ""S"": 8, ""Zn"": 4}, ""z_A"": 7.507704669930366}, {""formal_charge_e"": -8, ""site_indices"": [63, 23, 3, 10], ""species"": {""S"": 4}, ""z_A"": 9.327916220701017}, {""formal_charge_e"": 12, ""site_indices"": [95, 96, 101, 105], ""species"": {""In"": 4}, ""z_A"": 9.38463078110518}, {""formal_charge_e"": -8, ""site_indices"": [60, 9, 17, 1], ""species"": {""S"": 4}, ""z_A"": 9.441345341509347}, {""formal_charge_e"": 4, ""site_indices"": [24, 6, 15, 19, 33, 38, 56, 59, 67, 71, 74, 79, 86, 90, 99, 109], ""species"": {""In"": 4, ""S"": 8, ""Zn"": 4}, ""z_A"": 11.261556892279998}, {""formal_charge_e"": -8, ""site_indices"": [45, 36, 52, 30], ""species"": {""S"": 4}, ""z_A"": 13.081768443050649}, {""formal_charge_e"": 12, ""site_indices"": [81, 82, 88, 110], ""species"": {""In"": 4}, ""z_A"": 13.138483003454809}, {""formal_charge_e"": -8, ""site_indices"": [40, 28, 48, 35], ""species"": {""S"": 4}, ""z_A"": 13.195197563858976}]","{""crossing_InS"": 16, ""crossing_ZnS"": 4, ""fractional_shift"": 0.9393885453210737, ""nearest_gap_width_A"": 1.8202111003084496, ""no_first_shell_bond_crosses"": false, ""oriented_bulk_planes"": [{""formal_charge_e"": 12, ""site_indices"": [64, 69, 72, 76, 84, 92, 102, 106, 42, 54, 46, 50], ""species"": {""In"": 4, ""S"": 4, ""Zn"": 4}, ""z_A"": 7.507703252109533e-08}, {""formal_charge_e"": -8, ""site_indices"": [62, 22, 2, 11], ""species"": {""S"": 4}, ""z_A"": 1.8202115507706496}, {""formal_charge_e"": 12, ""site_indices"": [100, 104, 94, 97], ""species"": {""In"": 4}, ""z_A"": 1.8769261111748148}, {""formal_charge_e"": -8, ""site_indices"": [61, 8, 16, 0], ""species"": {""S"": 4}, ""z_A"": 1.9336406715789796}, {""formal_charge_e"": 4, ""site_indices"": [32, 58, 98, 70, 18, 66, 78, 108, 14, 39, 57, 75, 7, 25, 87, 91], ""species"": {""In"": 4, ""S"": 8, ""Zn"": 4}, ""z_A"": 3.7538522223496305}, {""formal_charge_e"": -8, ""site_indices"": [44, 37, 53, 31], ""species"": {""S"": 4}, ""z_A"": 5.574063773120283}, {""formal_charge_e"": 12, ""site_indices"": [80, 83, 89, 111], ""species"": {""In"": 4}, ""z_A"": 5.6307783335244475}, {""formal_charge_e"": -8, ""site_indices"": [41, 29, 49, 34], ""species"": {""S"": 4}, ""z_A"": 5.687492893928611}, {""formal_charge_e"": 4, ""site_indices"": [5, 27, 13, 21, 68, 73, 77, 103, 107, 65, 85, 93, 43, 51, 55, 47], ""species"": {""In"": 4, ""S"": 8, ""Zn"": 4}, ""z_A"": 7.507704444699263}, {""formal_charge_e"": -8, ""site_indices"": [63, 23, 3, 10], ""species"": {""S"": 4}, ""z_A"": 9.327915995469914}, {""formal_charge_e"": 12, ""site_indices"": [95, 96, 101, 105], ""species"": {""In"": 4}, ""z_A"": 9.384630555874079}, {""formal_charge_e"": -8, ""site_indices"": [60, 9, 17, 1], ""species"": {""S"": 4}, ""z_A"": 9.441345116278242}, {""formal_charge_e"": 4, ""site_indices"": [6, 24, 33, 38, 56, 59, 67, 71, 74, 79, 86, 90, 99, 109, 15, 19], ""species"": {""In"": 4, ""S"": 8, ""Zn"": 4}, ""z_A"": 11.261556667048893}, {""formal_charge_e"": -8, ""site_indices"": [45, 36, 52, 30], ""species"": {""S"": 4}, ""z_A"": 13.081768217819542}, {""formal_charge_e"": 12, ""site_indices"": [88, 81, 82, 110], ""species"": {""In"": 4}, ""z_A"": 13.138482778223707}, {""formal_charge_e"": -8, ""site_indices"": [40, 28, 48, 35], ""species"": {""S"": 4}, ""z_A"": 13.195197338627871}, {""formal_charge_e"": -8, ""site_indices"": [4, 12, 20, 26], ""species"": {""S"": 4}, ""z_A"": 15.015408664167424}]}",,spinel_110_t01,,DEFERRED,Equivalent slab-pair duplicate of spinel_110_t01; Uncompensated formal dipole exceeds bounded spinel gate; reconstruction/electronic compensation unresolved,Unrelaxed seed; vacuum/thickness not converged; no energy ranking.
