pilot,z_A,lvhar_potential_eV,mean_electron_density_e_per_A3
A0,0.0,4.2767672702525825,2.2586978216386834e-07
A0,0.06810152314814816,4.265615970203188,2.3579282740220481e-07
A0,0.13620304629629632,4.2545104000753815,2.455869600844899e-07
A0,0.20430456944444444,4.243358648127614,2.5521270800105154e-07
A0,0.27240609259259263,4.232252689279815,2.647850069131767e-07
A0,0.34050761574074073,4.221100472823756,2.743635006614338e-07
A0,0.4086091388888889,4.2099940616045926,2.83988260466983e-07
A0,0.47671066203703705,4.198841348596205,2.9379498156818023e-07
A0,0.5448121851851853,4.1877344488003825,3.0387026779285354e-07
A0,0.6129137083333334,4.176581236694196,3.140811956867382e-07
A0,0.6810152314814815,4.165473786578158,3.242520836282769e-07
A0,0.7491167546296297,4.1543200721534435,3.344197367315496e-07
A0,0.8172182777777778,4.143212061328477,3.447144238443752e-07
A0,0.885319800925926,4.132057821246938,3.5510519514913793e-07
A0,0.9534213240740741,4.120949166229401,3.6551153348546756e-07
A0,1.0215228472222224,4.109794378570728,3.760686630979934e-07
A0,1.0896243703703705,4.098685041634247,3.869862311606937e-07
A0,1.1577258935185186,4.0875296621048465,3.9818278478857356e-07
A0,1.2258274166666667,4.076419542319707,4.0935453367447834e-07
A0,1.2939289398148148,4.065263579338201,4.2040341922383284e-07
A0,1.362030462962963,4.054152681592473,4.3150912275140337e-07
A0,1.4301319861111113,4.04299611809053,4.4276472798516435e-07
A0,1.4982335092592594,4.03188438496486,4.5405326928351825e-07
A0,1.5663350324074075,4.020727207032492,4.653474680180875e-07
A0,1.6344365555555556,4.009614554649363,4.768127837288064e-07
A0,1.7025380787037037,3.998456706345472,4.884787317326836e-07
A0,1.770639601851852,3.987343070960332,5.000813762451275e-07
A0,1.838741125,3.9761845473252238,5.113984894195375e-07
A0,1.9068426481481482,3.9650698986572372,5.225158138517155e-07
A0,1.9749441712962963,3.9539106816457896,5.335984558445855e-07
A0,2.043045694444445,3.9427949470569845,5.446162062692511e-07
A0,2.1111472175925927,3.9316350346367974,5.554810640127289e-07
A0,2.179248740740741,3.920518165411766,5.662520920908429e-07
A0,2.247350263888889,3.9093575013258923,5.769724418652632e-07
A0,2.3154517870370372,3.898239411411034,5.874468001155884e-07
A0,2.3835533101851856,3.887078000043814,5.974121224450308e-07
A0,2.4516548333333334,3.8759586601800367,6.068405172813087e-07
A0,2.5197563564814818,3.8647965035919944,6.158815415069023e-07
A0,2.5878578796296297,3.853675869597034,6.245964492904575e-07
A0,2.655959402777778,3.8425129856486935,6.329407856825009e-07
A0,2.724060925925926,3.831390991564349,6.40917735150731e-07
A0,2.7921624490740737,3.8202273246141893,6.485247280434932e-07
A0,2.8602639722222225,3.809103916255581,6.555858406961969e-07
A0,2.928365495370371,3.797939486181439,6.618454777800642e-07
A0,2.9964670185185187,3.7868146190781578,6.672389632960061e-07
A0,3.064568541666667,3.775649445851914,6.719263147489329e-07
A0,3.132670064814815,3.764523088184184,6.760740893500546e-07
A0,3.2007715879629632,3.753357180873088,6.797360946962143e-07
A0,3.268873111111111,3.742229258571875,6.829045961690105e-07
A0,3.3369746342592594,3.7310626015129786,6.855054337380329e-07
A0,3.4050761574074073,3.7199330664683345,6.873434733463382e-07
A0,3.473177680555556,3.7087657013866093,6.882159235576561e-07
A0,3.541279203703704,3.6976345610256054,6.881287824297619e-07
A0,3.6093807268518523,3.686466550366996,6.87327284946877e-07
A0,3.67748225,3.675333746593686,6.861306859301209e-07
A0,3.7455837731481485,3.6641650883174113,6.84807721458025e-07
A0,3.8136852962962964,3.653030573165179,6.835206846611652e-07
A0,3.8817868194444447,3.6418613189669635,6.822196582901178e-07
A0,3.9498883425925926,3.6307250698970335,6.806293273424233e-07
A0,4.0179898657407405,3.6195552819754466,6.785468354994396e-07
A0,4.08609138888889,3.608417259559981,6.762293322322928e-07
A0,4.154192912037037,3.5972469825264044,6.744216401670108e-07
A0,4.222294435185185,3.586107141681984,6.740300426337555e-07
A0,4.290395958333334,3.5749364011755103,6.758476564299112e-07
A0,4.358497481481482,3.5637947165034767,6.804598979635463e-07
A0,4.4265990046296295,3.552623609371014,6.881448774311015e-07
A0,4.494700527777778,3.541480023496333,6.98871183080472e-07
A0,4.562802050925926,3.530308835993304,7.127459608155965e-07
A0,4.6309035740740745,3.5191634780046557,7.307700907870329e-07
A0,4.699005097222223,3.5079919549876273,7.551906346930064e-07
A0,4.767106620370371,3.4968444364287317,7.890717535975618e-07
A0,4.835208143518519,3.485672576402105,8.354956115581075e-07
A0,4.903309666666667,3.4745227384620856,8.969854143411989e-07
A0,4.971411189814814,3.463350476873565,9.753788437900738e-07
A0,5.0395127129629635,3.4521981778897,1.0722581866976335e-06
A0,5.107614236111112,3.4410254919144765,1.1900841511618124e-06
A0,5.175715759259259,3.4298702030423143,1.3337304788958685e-06
A0,5.243817282407408,3.4186966124794322,1.5114562436843874e-06
A0,5.311918805555556,3.407537724566773,1.7344778337206993e-06
A0,5.380020328703704,3.396362744208993,2.0153174968114626e-06
A0,5.448121851851852,3.385199430825254,2.3660464245920906e-06
A0,5.516223375,3.374022239539987,2.7977362632596023e-06
A0,5.5843248981481475,3.362853153367826,3.321996125492469e-06
A0,5.652426421296297,3.3516723794219696,3.954574235181844e-06
A0,5.720527944444445,3.34049560126148,4.719757765529975e-06
A0,5.7886294675925924,3.3293092357366376,5.653388438740134e-06
A0,5.856730990740742,3.3181220209976403,6.802701705954518e-06
A0,5.924832513888889,3.3069270891950895,8.223041942409345e-06
A0,5.992934037037037,3.2957253820028045,9.973805987196486e-06
A0,6.061035560185185,3.2845172265177305,1.2117352901989194e-05
A0,6.129137083333334,3.2732948445776793,1.4724061925708053e-05
A0,6.1972386064814815,3.2620663698055483,1.7883963856674966e-05
A0,6.26534012962963,3.2508142116441965,2.1721488620263375e-05
A0,6.333441652777778,3.2395549185013066,2.640724745632978e-05
A0,6.4015431759259265,3.2282596923163895,3.216165663646597e-05
A0,6.469644699074075,3.2169539357725143,3.924996734742446e-05
A0,6.537746222222222,3.2055957281668994,4.797487043402289e-05
A0,6.605847745370371,3.1942196862285717,5.867768690047676e-05
A0,6.673949268518519,3.1827684528077174,7.175852812668798e-05
A0,6.742050791666667,3.1712861121352356,8.771823068683657e-05
A0,6.810152314814815,3.159696944147514,0.00010721332160731895
A0,6.878253837962963,3.1480544813133617,0.0001311067025789216
A0,6.946355361111112,3.136260491111862,0.00016049801776813578
A0,7.01445688425926,3.124377047627647,0.00019673088969562552
A0,7.082558407407408,3.112277447228987,0.00024139457597220802
A0,7.150659930555555,3.1000302844077177,0.00029635442391676793
A0,7.218761453703705,3.087472293066167,0.0003638465181906925
A0,7.286862976851852,3.0746752380989806,0.0004466511152257315
A0,7.3549645,3.061428239264955,0.0005483243516908709
A0,7.423066023148148,3.0478004096188775,0.0006734386668794235
A0,7.491167546296297,3.0335168211291133,0.0008277818405254805
A0,7.559269069444445,3.0186330928940683,0.0010185029238636788
A0,7.627370592592593,3.0027852821915517,0.001254259650285829
A0,7.695472115740741,2.9859975390012115,0.0015454835236717904
A0,7.763573638888889,2.9677804619517203,0.0019048937457682498
A0,7.831675162037038,2.9480992162653714,0.0023483335275104873
A0,7.899776685185185,2.9262859292730865,0.0028958878576137016
A0,7.9678782083333335,2.9022033517340566,0.0035731315411559263
A0,8.035979731481481,2.874923351026211,0.004412328946073504
A0,8.10408125462963,2.84413455741049,0.005453513469417954
A0,8.17218277777778,2.8085204113102358,0.006745598122676801
A0,8.240284300925927,2.767482461625414,0.008347906129738736
A0,8.308385824074074,2.7191217665957916,0.010332600333624917
A0,8.376487347222222,2.6623860769394456,0.012788294148773372
A0,8.44458887037037,2.5945028245351707,0.015824635082855136
A0,8.512690393518518,2.513722367251403,0.019577036401736036
A0,8.580791916666668,2.4159466166249044,0.024210294179690995
A0,8.648893439814815,2.2983780078871168,0.02991985274569567
A0,8.716994962962964,2.1548823237066834,0.03693006395707027
A0,8.785096486111112,1.9811941203648522,0.04548966566081002
A0,8.853198009259259,1.768026486892801,0.055865247434010536
A0,8.921299532407408,1.5094079472085935,0.06833292169095581
A0,8.989401055555556,1.191921048844318,0.08316643544658554
A0,9.057502578703705,0.8409092592122157,0.10061675733161815
A0,9.125604101851852,0.4210682683552263,0.12082106834324749
A0,9.193705625,-0.1726916299197802,0.14355154442422496
A0,9.261807148148149,-0.9905840907253712,0.16814239736972583
A0,9.329908671296296,-2.0345026873363974,0.19357056364232042
A0,9.398010194444446,-3.259661014338216,0.21859356109352224
A0,9.466111717592593,-4.604534292076158,0.24193262855730285
A0,9.534213240740742,-5.996890444434002,0.2624887281388247
A0,9.60231476388889,-7.372770302910648,0.27956629819690776
A0,9.670416287037037,-8.673093641104547,0.29305814711005196
A0,9.738517810185185,-9.856157955622592,0.30353436950040386
A0,9.806619333333334,-10.87020232508955,0.3121783080318437
A0,9.874720856481483,-11.666977492216459,0.32055484917956056
A0,9.942822379629629,-12.266826020384228,0.3302413836544983
A0,10.010923902777778,-12.704415835907351,0.3424073007812263
A0,10.079025425925927,-13.04961933497466,0.3575267576942566
A0,10.147126949074075,-13.336569537085762,0.37590864215604614
A0,10.215228472222224,-13.567889419523652,0.39825267824755783
A0,10.28332999537037,-13.763031503661031,0.42552717507500815
A0,10.351431518518519,-13.930185237094026,0.45877335927170043
A0,10.419533041666668,-14.080567382848571,0.49889829392176527
A0,10.487634564814815,-14.220691563372997,0.5464412892802357
A0,10.555736087962963,-14.364959800752612,0.6013052609036628
A0,10.623837611111112,-14.529877135587315,0.6624678756011791
A0,10.69193913425926,-14.739986259707099,0.7277363043924205
A0,10.760040657407409,-15.010815159560224,0.7936289222463653
A0,10.828142180555558,-15.341476050203033,0.8554827682802891
A0,10.896243703703703,-15.687247881053382,0.9078282653957044
A0,10.964345226851853,-15.958340714133715,0.9450261260078081
A0,11.03244675,-16.04049602089714,0.9620731293233359
A0,11.10054827314815,-15.927258112802894,0.9555212850826607
A0,11.168649796296295,-15.629154023300556,0.9242220141212274
A0,11.236751319444444,-15.135563542940966,0.8695787334887385
A0,11.304852842592593,-14.44899547441864,0.7953541282476285
A0,11.37295436574074,-13.575844082307288,0.70709582327269
A0,11.44105588888889,-12.532514795382252,0.6113167171366737
A0,11.509157412037037,-11.342455361334421,0.5146074126593775
A0,11.577258935185185,-10.038893275845455,0.42285009851175404
A0,11.645360458333334,-8.662992332263231,0.34064784996796044
A0,11.713461981481483,-7.263133015458355,0.2710066755393123
A0,11.781563504629629,-5.891071684188018,0.21526093912789643
A0,11.849665027777778,-4.596676266236779,0.17320058976111116
A0,11.917766550925926,-3.422900762062123,0.1433632376423743
A0,11.985868074074075,-2.4021323119451523,0.12346440511731677
A0,12.053969597222224,-1.5558769229330143,0.1109294499636993
A0,12.12207112037037,-0.8952324312670601,0.10346722046235812
A0,12.190172643518519,-0.43439267226800654,0.0995929759580332
A0,12.258274166666668,-0.1247794453052264,0.09878565799155353
A0,12.326375689814816,0.0881223456925473,0.10081403214156115
A0,12.394477212962963,0.23913252620984368,0.10547262580042814
A0,12.46257873611111,0.340617721629586,0.11263873013533125
A0,12.53068025925926,0.3494909648089734,0.12229064552971865
A0,12.598781782407409,0.2944864750795766,0.13448520600576833
A0,12.666883305555556,0.13709961983249683,0.14925814103601448
A0,12.734984828703704,-0.22064670275341028,0.16640025814176485
A0,12.803086351851853,-0.8225935237495766,0.18536251856591143
A0,12.871187875,-1.6618955606669419,0.20527545094623975
A0,12.93928939814815,-2.6888780620043664,0.2250384019095338
A0,13.007390921296295,-3.835657486320803,0.24348064433301447
A0,13.075492444444444,-5.027394089629217,0.2595773537311271
A0,13.143593967592594,-6.19534130849662,0.2726756527526996
A0,13.211695490740741,-7.279785837093973,0.2826630726942978
A0,13.27979701388889,-8.233783229867093,0.29000787863667044
A0,13.347898537037038,-9.021500556163849,0.2956344182722047
A0,13.416000060185185,-9.617703746279716,0.30064913700653967
A0,13.484101583333334,-10.006429733491474,0.30599527911221486
A0,13.552203106481484,-10.181171807533948,0.31214645114046136
A0,13.62030462962963,-10.14494795559619,0.31894422053533306
A0,13.688406152777779,-9.909210542043967,0.32563907993323343
A0,13.756507675925926,-9.490622279191701,0.3311250207981894
A0,13.824609199074075,-8.8840202232039,0.3342917576742381
A0,13.892710722222224,-8.140759324351796,0.33437758233279946
A0,13.96081224537037,-7.347900544917124,0.33120673665585937
A0,14.02891376851852,-6.616448563965527,0.32524525403360005
A0,14.097015291666667,-6.064140931548566,0.3178567028185199
A0,14.165116814814816,-5.747959796031501,0.3118402550763162
A0,14.233218337962963,-5.733197576687049,0.31100204023933437
A0,14.30131986111111,-6.057100336458647,0.3193588826625536
A0,14.36942138425926,-6.721824722540178,0.3403551812988997
A0,14.43752290740741,-7.6654465551246584,0.37621209597760147
A0,14.505624430555557,-8.766871552135713,0.4274676806377822
A0,14.573725953703704,-9.875632173510112,0.4927369574766543
A0,14.641827476851851,-10.94976493481868,0.5688023713185282
A0,14.709929,-11.955464257208092,0.6509042217094501
A0,14.77803052314815,-12.845210877443181,0.7330960586051928
A0,14.846132046296296,-13.58456729318121,0.8087913392239255
A0,14.914233569444445,-14.147867897892795,0.8714973049068382
A0,14.982335092592594,-14.517534434024782,0.915645871017035
A0,15.050436615740741,-14.685908503626619,0.9373759796818342
A0,15.11853813888889,-14.650706491785026,0.935106338979242
A0,15.186639662037036,-14.420854125569127,0.9097678934530525
A0,15.254741185185186,-14.008850810381395,0.8646416679164571
A0,15.322842708333335,-13.439777816470013,0.8048401074047544
A0,15.390944231481482,-12.706487839308005,0.736548070500502
A0,15.45904575462963,-11.881122194992798,0.6661259271520168
A0,15.527147277777779,-11.10139346206739,0.5991659743986473
A0,15.595248800925926,-10.45569979903166,0.5398716136400475
A0,15.663350324074075,-9.989227942147009,0.49074589725836715
A0,15.731451847222225,-9.706923962544366,0.45253331409763603
A0,15.79955337037037,-9.59483962823594,0.4243804175927697
A0,15.86765489351852,-9.624816622698935,0.404200918503999
A0,15.935756416666667,-9.763055812488146,0.38921974851553914
A0,16.003857939814818,-9.972947875630618,0.3766400026173659
A0,16.071959462962962,-10.213781499419941,0.36432805584992367
A0,16.140060986111113,-10.458481204320373,0.3513645107025873
A0,16.20816250925926,-10.651124327014411,0.338255327200527
A0,16.276264032407408,-10.696247744566138,0.3261456556026028
A0,16.34436555555556,-10.537680418798542,0.3158401509478635
A0,16.412467078703703,-10.128941169980504,0.30752034786117016
A0,16.480568601851854,-9.497372854888875,0.30067727220457585
A0,16.548670125,-8.666948297690194,0.29423554116075634
A0,16.61677164814815,-7.656144832101456,0.28684002765469335
A0,16.684873171296296,-6.493270210860463,0.27721555055661434
A0,16.752974694444443,-5.218972914723686,0.26448710337311765
A0,16.821076217592594,-3.883632993055979,0.24837215253444447
A0,16.88917774074074,-2.551458120645127,0.22921229586257472
A0,16.95727926388889,-1.2917036456801883,0.20786210692685958
A0,17.025380787037037,-0.1775092191393457,0.1854924570104651
A0,17.093482310185184,0.7331013118276167,0.1633682393291256
A0,17.161583833333335,1.407268710870271,0.14264528982442873
A0,17.229685356481482,1.8641558301422443,0.12421126477789216
A0,17.29778687962963,2.175209595374015,0.10858084390878713
A0,17.365888402777777,2.435307416731944,0.09586571959265362
A0,17.43398992592593,2.6322585173636894,0.08594857029855564
A0,17.502091449074076,2.7554267889229167,0.07868667694290679
A0,17.570192972222223,2.8124363498766134,0.07396433292414552
A0,17.63829449537037,2.8077977827966873,0.0717210741563819
A0,17.706396018518518,2.7412907886306206,0.07197256681546227
A0,17.77449754166667,2.618493735643058,0.07482004799087151
A0,17.842599064814817,2.437075576252755,0.08043689945662652
A0,17.910700587962964,2.1983920662179526,0.08901866943963904
A0,17.97880211111111,1.8463110694733356,0.1008096432469641
A0,18.04690363425926,1.433259044300008,0.11739235424875451
A0,18.11500515740741,1.0214462642198954,0.1427550813541414
A0,18.183106680555557,0.6155540443470454,0.18235778984270504
A0,18.251208203703705,0.2330256278878871,0.24164695701981626
A0,18.319309726851852,-0.14232579299556355,0.32450229171635253
A0,18.38741125,-0.5271159932040509,0.4319095845072815
A0,18.45551277314815,-0.9180761523911674,0.5611111694259319
A0,18.523614296296298,-1.3134870603345639,0.7053769850796926
A0,18.591715819444445,-1.8197974203307254,0.8543869944502308
A0,18.659817342592593,-2.505538915203597,0.9953452438398601
A0,18.727918865740744,-3.392403121153958,1.1147955109614538
A0,18.79602038888889,-4.444526882681328,1.200691851061527
A0,18.86412191203704,-5.606776115118317,1.244353059416562
A0,18.932223435185186,-6.803306244668707,1.2419088643299878
A0,19.000324958333334,-7.967129157018617,1.194953949726554
A0,19.068426481481485,-9.02967999107034,1.110281632280701
A0,19.13652800462963,-9.940973784946184,0.998746748359184
A0,19.20462952777778,-10.652818863550825,0.8734737873917405
A0,19.272731050925927,-11.135226738320004,0.747755644251465
A0,19.340832574074074,-11.357141831084808,0.6330069174131697
A0,19.408934097222225,-11.305047752801725,0.5371678637014462
A0,19.47703562037037,-10.961748796513476,0.4638102263764119
A0,19.54513714351852,-10.327328434421489,0.41211543269268225
A0,19.613238666666668,-9.400259486151636,0.37770057377184635
A0,19.681340189814815,-8.224991084110602,0.35413460566295435
A0,19.749441712962966,-6.837324539151124,0.3348249393302874
A0,19.81754323611111,-5.337649896077594,0.3148661105759157
A0,19.885644759259257,-3.8317942614956864,0.2922786151194153
A0,19.95374628240741,-2.325008318276383,0.26710428956224774
A0,20.021847805555556,-0.8822005640711722,0.23995887529862606
A0,20.089949328703707,0.42742780702684363,0.21180193732593913
A0,20.158050851851854,1.5387735939088514,0.18377144151062227
A0,20.226152374999998,2.412046434183346,0.15699197250166189
A0,20.29425389814815,3.0489174055406427,0.13239603554024693
A0,20.362355421296296,3.5029308617858494,0.1105834982462759
A0,20.430456944444447,3.879048845339181,0.09173713213552741
A0,20.498558467592595,4.215024818262848,0.07568981936473348
A0,20.56665999074074,4.485430783934217,0.06216671294527312
A0,20.63476151388889,4.705541662669452,0.050873805032244306
A0,20.702863037037037,4.8812424136941654,0.041518111004029475
A0,20.770964560185188,5.023253476336128,0.03381898919496634
A0,20.839066083333336,5.135734046892954,0.02751561264294126
A0,20.90716760648148,5.225935467112978,0.02237271715610803
A0,20.97526912962963,5.2965234494085776,0.018184674792513053
A0,21.043370652777778,5.352472221505198,0.014777155266829933
A0,21.111472175925925,5.395377861663616,0.012006002100775093
A0,21.179573699074076,5.428705484263712,0.00975377960052839
A0,21.247675222222224,5.453339160729911,0.007925090418346641
A0,21.31577674537037,5.471731048088519,0.006441903712796659
A0,21.38387826851852,5.484304619972863,0.0052397863306330155
A0,21.451979791666666,5.492823338541453,0.004265332288712062
A0,21.520081314814817,5.4974225106464605,0.0034745528712850954
A0,21.588182837962965,5.499395804252456,0.0028317413358401513
A0,21.656284361111116,5.498708473724298,0.002308387251057661
A0,21.72438588425926,5.496331706427326,0.0018819526295790006
A0,21.792487407407407,5.492135476753029,0.0015345649012922975
A0,21.860588930555558,5.486863908065018,0.0012518147748823761
A0,21.928690453703705,5.480337294752647,0.0010218366299486095
A0,21.996791976851856,5.47313630273747,0.0008347357046174989
A0,22.0648935,5.4650597170855235,0.0006822943357174565
A0,22.132995023148148,5.456568930184887,0.0005578155793740011
A0,22.2010965462963,5.4474595272244235,0.0004559720202382675
A0,22.269198069444446,5.438104604272576,0.0003725932573102445
A0,22.33729959259259,5.428307295815816,0.0003044004580678386
A0,22.40540111574074,5.4183732980020745,0.00024874362500668627
A0,22.47350263888889,5.40811865546537,0.00020340133877027382
A0,22.54160416203704,5.397796139589637,0.00016647106490940626
A0,22.609705685185187,5.38723744915405,0.00013633550621027356
A0,22.677807208333334,5.376653227735205,0.00011166361531779074
A0,22.74590873148148,5.365892253983353,9.140496504225707e-05
A0,22.81401025462963,5.355131149241773,7.475587119078706e-05
A0,22.88211177777778,5.344236031719929,6.109987817256035e-05
A0,22.950213300925927,5.333355308027615,4.994164310486301e-05
A0,23.018314824074075,5.32237180468144,4.0855928231633356e-05
A0,23.086416347222226,5.311409976478475,3.346346075231035e-05
A0,23.15451787037037,5.300368481420058,2.7430574605507608e-05
A0,23.22261939351852,5.289351253399139,2.2479400320853607e-05
A0,23.290720916666668,5.278271842323628,1.8394581644089e-05
A0,23.358822439814816,5.267216496840305,1.5018860467711126e-05
A0,23.426923962962967,5.256112664722417,1.2238154412846254e-05
A0,23.49502548611111,5.245031055432683,9.962688255860074e-06
A0,23.563127009259258,5.233911888533514,8.112109189276362e-06
A0,23.63122853240741,5.222812059965276,6.609323155555845e-06
A0,23.699330055555556,5.211683603110811,5.382483808774295e-06
A0,23.767431578703707,5.200571476654241,4.370647269391007e-06
A0,23.83553310185185,5.1894381338019775,3.528031841582026e-06
A0,23.903634625,5.178316906401181,2.823995043344704e-06
A0,23.97173614814815,5.167180665013903,2.238876603833694e-06
A0,24.039837671296297,5.156052853988235,1.7580847036911982e-06
A0,24.107939194444448,5.144915497409884,1.3673266993942468e-06
A0,24.176040717592596,5.133782932083323,1.050764446361912e-06
A0,24.24414224074074,5.122645601398216,7.920530747862167e-07
A0,24.31224376388889,5.11150954844968,5.768253176749575e-07
A0,24.380345287037038,5.100372981561956,3.947736351177875e-07
A0,24.44844681018519,5.08923435479375,2.40049165659282e-07
A0,24.516548333333336,5.078099166184599,1.0989753090724287e-07
A0,24.58464985648148,5.066958716679688,2.564473114769028e-09
A0,24.65275137962963,5.055825009140719,-8.427085653105388e-08
A0,24.72085290277778,5.0446830646684315,-1.5396965864484957e-07
A0,24.788954425925926,5.033551036103028,-2.105149655202879e-07
A0,24.857055949074077,5.022407980668876,-2.5764045823295576e-07
A0,24.92515747222222,5.011277717175735,-2.9794378047570443e-07
A0,24.993258995370372,5.000133822284503,-3.3249957378468527e-07
A0,25.06136051851852,4.98900534704745,-3.613021022654085e-07
A0,25.129462041666667,4.977860792735269,-3.8420815246604694e-07
A0,25.197563564814818,4.9667341238684,-4.01595881448975e-07
A0,25.26566508796296,4.955589099149266,-4.143478284223162e-07
A0,25.333766611111113,4.944464191699745,-4.2348999536845353e-07
A0,25.40186813425926,4.93331880492417,-4.2993306316093915e-07
A0,25.469969657407407,4.922195610833865,-4.343412974754137e-07
A0,25.53807118055556,4.911049948883545,-4.3700667729584345e-07
A0,25.606172703703706,4.899928430290688,-4.3785109390388317e-07
A0,25.674274226851853,4.888782608010203,-4.366902046174879e-07
A0,25.74237575,4.877662730751722,-4.335446105725837e-07
A0,25.810477273148148,4.866516807400479,-4.2868680042699243e-07
A0,25.8785787962963,4.855398469592923,-4.224659951624472e-07
A0,25.946680319444447,4.844252445703476,-4.151789500077657e-07
A0,26.01478184259259,4.833135550221173,-4.070422738171781e-07
A0,26.08288336574074,4.821989456118527,-3.9813896921727116e-07
A0,26.15098488888889,4.810873955003634,-3.883837099514142e-07
A0,26.21908641203704,4.799727844909917,-3.7766458968773e-07
A0,26.287187935185187,4.788613661437148,-3.6605632729228974e-07
A0,26.35528945833333,4.777467525258291,-3.538104221104169e-07
A0,26.423390981481482,4.766354562864733,-3.411233997453513e-07
A0,26.49149250462963,4.755208395843273,-3.280168537029649e-07
A0,26.55959402777778,4.7440965512624675,-3.1446372012644076e-07
A0,26.627695550925928,4.732950328946875,-3.005039507020146e-07
A0,26.695797074074076,4.721839523678633,-2.8618016196336523e-07
A0,26.763898597222223,4.710693271151401,-2.7149194651768533e-07
A0,26.83200012037037,4.699583431971428,-2.565136466246441e-07
A0,26.90010164351852,4.688437126999649,-2.414462451643458e-07
A0,26.96820316666667,4.677328174294005,-2.2642571770534638e-07
A0,27.036304689814816,4.666181806142729,-2.113650876860747e-07
A0,27.104406212962967,4.655073658217985,-1.9612355718676875e-07
A0,27.17250773611111,4.643927206761353,-1.807551430725476e-07
A0,27.24060925925926,4.6328197828931135,-1.6542936240593425e-07
A0,27.30871078240741,4.621673213148247,-1.5017678630104734e-07
A0,27.376812305555557,4.610566434923245,-1.349247405627803e-07
A0,27.444913828703708,4.599419738453634,-1.1976013470725228e-07
A0,27.513015351851852,4.588313514950193,-1.0490979675308846e-07
A0,27.581116875,4.577166655244004,-9.040922894625263e-08
A0,27.64921839814815,4.566060932669547,-7.602389773828371e-08
A0,27.717319921296298,4.55491389677701,-6.160006927271206e-08
A0,27.78542144444445,4.543808571272832,-4.728449955047945e-08
A0,27.853522967592593,4.532661331784376,-3.3270100084763723e-08
A0,27.92162449074074,4.521556362225893,-1.953375279528817e-08
A0,27.98972601388889,4.510408899034279,-6.001929294827629e-09
A0,28.05782753703704,4.499304203497417,7.2184844402048385e-09
A0,28.12592906018519,4.488156499542283,2.0011985760930747e-08
A0,28.194030583333333,4.477052009926053,3.251904135639448e-08
A0,28.26213210648148,4.465904040736001,4.4968920871206816e-08
A0,28.33023362962963,4.454799717809693,5.733070915356025e-08
A0,28.39833515277778,4.4436514515710135,6.938483559405163e-08
A0,28.466436675925927,4.432547209585236,8.108078675843116e-08
A0,28.534538199074078,4.4213986389844395,9.255283826935001e-08
A0,28.60263972222222,4.41029440542634,1.038127988250236e-07
A0,28.670741245370372,4.399145493954656,1.1472836855763287e-07
A0,28.73884276851852,4.3880412374646065,1.2533956482173058e-07
A0,28.806944291666667,4.37689197151907,1.3590372747896445e-07
A0,28.87504581481482,4.365787632440019,1.465353242117257e-07
A0,28.943147337962962,4.354638003504305,1.5705339023462467e-07
A0,29.011248861111113,4.343533524378348,1.6729014887230623e-07
A0,29.07935038425926,4.332383492991997,1.7731055344914585e-07
A0,29.147451907407408,4.321278797319834,1.8720679283886922e-07
A0,29.21555343055556,4.310128335877933,1.9692459271729783e-07
A0,29.283654953703703,4.299023391522992,2.0646706244271707e-07
A0,29.351756476851854,4.287872511582462,2.160547200895147e-07
A1,0.0,4.282185712016326,-9.199497295450556e-07
A1,0.06810152314814816,3.7142500852670266,-1.085378509994094e-06
A1,0.13620304629629632,3.23660482807398,-1.2439776597704845e-06
A1,0.20430456944444444,2.9197093387904016,-1.3989177910057464e-06
A1,0.27240609259259263,2.809165484283131,-1.5511276386091208e-06
A1,0.34050761574074073,2.809147073435938,-1.698716668698479e-06
A1,0.4086091388888889,2.8091761230994585,-1.8378312719518461e-06
A1,0.47671066203703705,2.8091606508023603,-1.9645959637679837e-06
A1,0.5448121851851853,2.809192886045025,-2.0772828758578807e-06
A1,0.6129137083333334,2.809180806419834,-2.1772940821895124e-06
A1,0.6810152314814815,2.8092165789685586,-2.268108435643445e-06
A1,0.7491167546296297,2.809208262378699,-2.3529696018273986e-06
A1,0.8172182777777778,2.8092479044011474,-2.432962706494925e-06
A1,0.885319800925926,2.809243647824809,-2.5064290374237024e-06
A1,0.9534213240740741,2.80928737707838,-2.569709802141828e-06
A1,1.0215228472222224,2.80928743602755,-2.618940460712516e-06
A1,1.0896243703703705,2.8093354580950582,-2.652260184632588e-06
A1,1.1577258935185186,2.8093399871824616,-2.6710471822131535e-06
A1,1.2258274166666667,2.809392351034789,-2.679009557810229e-06
A1,1.2939289398148148,2.80940146302178,-2.679691639300824e-06
A1,1.362030462962963,2.809458241519994,-2.674311201150976e-06
A1,1.4301319861111113,2.80947196022787,-2.66122506328434e-06
A1,1.4982335092592594,2.8095331134801023,-2.636873608100207e-06
A1,1.5663350324074075,2.8095514148629137,-2.597551935257958e-06
A1,1.6344365555555556,2.809616811086415,-2.5414273887615506e-06
A1,1.7025380787037037,2.809639543300446,-2.469802018933419e-06
A1,1.770639601851852,2.809708970279942,-2.386465893306104e-06
A1,1.838741125,2.8097359309174115,-2.2952805038425686e-06
A1,1.9068426481481482,2.809809121515848,-2.1977621448164943e-06
A1,1.9749441712962963,2.8098400261562184,-2.092344795678775e-06
A1,2.043045694444445,2.809916616174713,-1.975442664619932e-06
A1,2.1111472175925927,2.8099511421875327,-1.843404851478493e-06
A1,2.179248740740741,2.8100307234064728,-1.6944954123610098e-06
A1,2.247350263888889,2.8100684059459193,-1.530060416129498e-06
A1,2.3154517870370372,2.8101504301074303,-1.3539803138359566e-06
A1,2.3835533101851856,2.810190761558769,-1.170392902379896e-06
A1,2.4516548333333334,2.810274647683896,-9.81168925998649e-07
A1,2.5197563564814818,2.810317049275063,-7.849290349810136e-07
A1,2.5878578796296297,2.810402148295536,-5.78065277374882e-07
A1,2.655959402777778,2.810446005629976,-3.568829169476615e-07
A1,2.724060925925926,2.810531582359375,-1.1971069619311098e-07
A1,2.7921624490740737,2.8105761235158484,1.3196329287119486e-07
A1,2.8602639722222225,2.8106613560062503,3.9406391044626494e-07
A1,2.928365495370371,2.8107057857894127,6.62167043975451e-07
A1,2.9964670185185187,2.8107897779580036,9.340776632579611e-07
A1,3.064568541666667,2.8108332396748095,1.210987263414547e-06
A1,3.132670064814815,2.810915063914955,1.4965282299260029e-06
A1,3.2007715879629632,2.810956649053826,1.7944836325931819e-06
A1,3.268873111111111,2.8110352826464284,2.1064794567242052e-06
A1,3.3369746342592594,2.8110739858679854,2.4308107429675584e-06
A1,3.4050761574074073,2.811148345781696,2.7631037257921216e-06
A1,3.473177680555556,2.811183133338967,3.0986307291310917e-06
A1,3.541279203703704,2.8112521226207896,3.4349399323138447e-06
A1,3.6093807268518523,2.811281936235044,3.7731012232993586e-06
A1,3.67748225,2.8113443666528375,4.116833983460818e-06
A1,3.7455837731481485,2.811368062742889,4.470144402496426e-06
A1,3.8136852962962964,2.8114227243929206,4.8347928514736704e-06
A1,3.8817868194444447,2.8114391624636808,5.208922731418715e-06
A1,3.9498883425925926,2.8114848063765945,5.587752305547845e-06
A1,4.0179898657407405,2.8114927932500327,5.966160812842676e-06
A1,4.08609138888889,2.8115281083237234,6.3416263082242525e-06
A1,4.154192912037037,2.811526414373438,6.7155737484912806e-06
A1,4.222294435185185,2.8115500866146994,7.092348378913949e-06
A1,4.290395958333334,2.8115374723932076,7.4766021805013075e-06
A1,4.358497481481482,2.811548206123725,7.870571748936936e-06
A1,4.4265990046296295,2.8115234828977362,8.27260566150793e-06
A1,4.494700527777778,2.8115199158261475,8.677877605798148e-06
A1,4.562802050925926,2.8114820512898606,9.08125783199159e-06
A1,4.6309035740740745,2.811462993754017,9.480805819635348e-06
A1,4.699005097222223,2.8114104284357135,9.879569680000721e-06
A1,4.767106620370371,2.8113742103819512,1.028443976977441e-05
A1,4.835208143518519,2.8113056820101714,1.0702853432666583e-05
A1,4.903309666666667,2.811250894543718,1.1139386079716182e-05
A1,4.971411189814814,2.811165087621492,1.1594131399040106e-05
A1,5.0395127129629635,2.811090331995854,1.206390174462806e-05
A1,5.107614236111112,2.8109859655053575,1.2546005861076859e-05
A1,5.175715759259259,2.810889466710363,1.3042792618358966e-05
A1,5.243817282407408,2.81076484033479,1.356423390987185e-05
A1,5.311918805555556,2.8106448018877237,1.4126728450715269e-05
A1,5.380020328703704,2.8104982709553576,1.474871049538528e-05
A1,5.448121851851852,2.8103527204064105,1.5445775138903814e-05
A1,5.516223375,2.8101823147491065,1.622850405126803e-05
A1,5.5843248981481475,2.8100087426609375,1.7104912415447105e-05
A1,5.652426421296297,2.8098119159912307,1.808706590702637e-05
A1,5.720527944444445,2.80960722495574,1.9198903261110718e-05
A1,5.7886294675925924,2.80938079514796,2.0481083437137485e-05
A1,5.856730990740742,2.809141071552997,2.1989947934317178e-05
A1,5.924832513888889,2.808880883845472,2.3791118753205586e-05
A1,5.992934037037037,2.8086008535345663,2.595192626550213e-05
A1,6.061035560185185,2.8083009633323663,2.8538577938140616e-05
A1,6.129137083333334,2.807973063153922,3.162246239769239e-05
A1,6.1972386064814815,2.807624886052934,3.529548734969061e-05
A1,6.26534012962963,2.807238410364159,3.968895745099612e-05
A1,6.333441652777778,2.806829716950447,4.498751598718073e-05
A1,6.4015431759259265,2.806369492056632,5.143163606730984e-05
A1,6.469644699074075,2.8058825579652114,5.930884468857954e-05
A1,6.537746222222222,2.8053263304811864,6.894215438204349e-05
A1,6.605847745370371,2.8047346628267222,8.068941471476325e-05
A1,6.673949268518519,2.804049320315561,9.496544256096141e-05
A1,6.742050791666667,2.803313382911862,0.00011228899373703764
A1,6.810152314814815,2.8024499841257007,0.00013334316137908394
A1,6.878253837962963,2.801511345349713,0.00015902877894535187
A1,6.946355361111112,2.8003977266172186,0.00019049311652949164
A1,7.01445688425926,2.79916945860236,0.00022913197004177058
A1,7.082558407407408,2.797697814920823,0.00027658587566601933
A1,7.150659930555555,2.7960490450616717,0.00033476851992374635
A1,7.218761453703705,2.794057174894101,0.00040596470309020935
A1,7.286862976851852,2.7917908568076206,0.0004930112785392631
A1,7.3549645,2.789035645541836,0.0005995366454714092
A1,7.423066023148148,2.7858565756988534,0.0007302047196403435
A1,7.491167546296297,2.7819740508225443,0.0008909108947790723
A1,7.559269069444445,2.7774383419018815,0.0010889197212739273
A1,7.627370592592593,2.771879382098278,0.0013330036908250297
A1,7.695472115740741,2.765314325227041,0.001633704820278563
A1,7.763573638888889,2.7572458086536984,0.0020038529016950003
A1,7.831675162037038,2.7476299777024873,0.002459411638246799
A1,7.899776685185185,2.7357887794258287,0.0030206049594770834
A1,7.9678782083333335,2.721573507350224,0.003713164516317977
A1,8.035979731481481,2.704043164024841,0.0045695154858290035
A1,8.10408125462963,2.6828719740926976,0.0056298309228935955
A1,8.17218277777778,2.656727316396875,0.006943114263309519
A1,8.240284300925927,2.6249929478925376,0.008568708660189687
A1,8.308385824074074,2.585750388435268,0.010578717134756284
A1,8.376487347222222,2.537926154133834,0.013061612525929514
A1,8.44458887037037,2.4787248642981186,0.016126816378480867
A1,8.512690393518518,2.4063726773718117,0.019909408910262483
A1,8.580791916666668,2.3167462012868296,0.02457370169030492
A1,8.648893439814815,2.207021874184248,0.030314445084852704
A1,8.716994962962964,2.0710393741185196,0.03735503913638143
A1,8.785096486111112,1.9045078447323396,0.04594300150808565
A1,8.853198009259259,1.6981166752688348,0.05634347959938274
A1,8.921299532407408,1.4458736057082822,0.06883102286087198
A1,8.989401055555556,1.1343446180531427,0.08367782616758017
A1,9.057502578703705,0.788862126017908,0.10113344523554359
A1,9.125604101851852,0.3741174488749164,0.12133403104742492
A1,9.193705625,-0.21497598667043563,0.14405165741657466
A1,9.261807148148149,-1.0286211078440544,0.16862131230353442
A1,9.329908671296296,-2.068693784642548,0.19402115285782376
A1,9.398010194444446,-3.2903839319448274,0.2190100084641728
A1,9.466111717592593,-4.632138209014642,0.24231044154513134
A1,9.534213240740742,-6.0216922248954265,0.26282498232590934
A1,9.60231476388889,-7.395052086201625,0.2798602611927787
A1,9.670416287037037,-8.693102287729458,0.2933121228557698
A1,9.738517810185185,-9.87410702568094,0.3037543118006258
A1,9.806619333333334,-10.886277066054618,0.3123736769781179
A1,9.874720856481483,-11.681342693232665,0.32073740626262404
A1,9.942822379629629,-12.27963573293565,0.33042307877811294
A1,10.010923902777778,-12.715823230012058,0.3425978507665686
A1,10.079025425925927,-13.059784715260387,0.35773167794710464
A1,10.147126949074075,-13.345664890871005,0.3761281148825004
A1,10.215228472222224,-13.576098572489983,0.39848159929049926
A1,10.28332999537037,-13.770545929430702,0.4257564501295726
A1,10.351431518518519,-13.93719656470475,0.4589918672396154
A1,10.419533041666668,-14.087258202480788,0.4990948483191512
A1,10.487634564814815,-14.227226144980053,0.5466061596781484
A1,10.555736087962963,-14.371475995749226,0.601431147655475
A1,10.623837611111112,-14.536480287989434,0.6625504504338667
A1,10.69193913425926,-14.74674559161252,0.7277744689058937
A1,10.760040657407409,-15.017762851680027,0.7936248377048655
A1,10.828142180555558,-15.348609038041776,0.855441598816963
A1,10.896243703703703,-15.694532144791753,0.9077575490930954
A1,10.964345226851853,-15.965717533799921,0.9449347618156512
A1,11.03244675,-16.04788935442274,0.9619701245124803
A1,11.10054827314815,-15.934582090310295,0.9554148435095297
A1,11.168649796296295,-15.636319811435797,0.9241192106545574
A1,11.236751319444444,-15.142485272887537,0.8694853824941101
A1,11.304852842592593,-14.455595119753383,0.7952747534139436
A1,11.37295436574074,-13.582055257486273,0.7070336874249399
A1,11.44105588888889,-12.538285497744337,0.6112738733065877
A1,11.509157412037037,-11.347749696918457,0.5145847446530375
A1,11.577258935185185,-10.04369220219171,0.4228473365501623
A1,11.645360458333334,-8.667293432225234,0.3406635770635531
A1,11.713461981481483,-7.266949310991146,0.27103837286387855
A1,11.781563504629629,-5.894429532706099,0.21530513492573153
A1,11.849665027777778,-4.5996124678849855,0.17325315731951688
A1,11.917766550925926,-3.425459127338453,0.1434198322219544
A1,11.985868074074075,-2.404360050520701,0.12352095870807012
A1,12.053969597222224,-1.557821259743607,0.11098259404260877
A1,12.12207112037037,-0.896937795412678,0.10351450995813381
A1,12.190172643518519,-0.43589864207040524,0.09963284799464542
A1,12.258274166666668,-0.12611942029571363,0.0988172224275612
A1,12.326375689814816,0.08692189527241133,0.10083701036125174
A1,12.394477212962963,0.2380522933040348,0.10548734487862194
A1,12.46257873611111,0.3396452926349232,0.11264605490032083
A1,12.53068025925926,0.348620102866981,0.12229185047457995
A1,12.598781782407409,0.293716062049299,0.1344818120201784
A1,12.666883305555556,0.13643239030023782,0.1492517720166454
A1,12.734984828703704,-0.22120552029992102,0.16639257981368466
A1,12.803086351851853,-0.8230376033756112,0.18535521626221804
A1,12.871187875,-1.6622188918705787,0.20527020658753156
A1,12.93928939814815,-2.6890763578792183,0.22503684490736894
A1,13.007390921296295,-3.8357295439312726,0.24348424949053957
A1,13.075492444444444,-5.027343015567817,0.2595872676670166
A1,13.143593967592594,-6.19517546431901,0.27269245559226357
A1,13.211695490740741,-7.279519307911569,0.2826865213193065
A1,13.27979701388889,-8.23343560660523,0.290036715711293
A1,13.347898537037038,-9.02109587816656,0.2956663445915889
A1,13.416000060185185,-9.617268586037898,0.30068101523506996
A1,13.484101583333334,-10.005990594293392,0.3060235678037552
A1,13.552203106481484,-10.180752192502064,0.3121677837062035
A1,13.62030462962963,-10.144565583242741,0.3189559829478837
A1,13.688406152777779,-9.90887518255307,0.32563983378559064
A1,13.756507675925926,-9.490334558894888,0.33111467029148695
A1,13.824609199074075,-8.883771536799317,0.3342714469984685
A1,13.892710722222224,-8.140532773592051,0.33434939364863875
A1,13.96081224537037,-7.347672658569204,0.3311733035189364
A1,14.02891376851852,-6.616191482276361,0.32520939719677056
A1,14.097015291666667,-6.063824753852762,0.31782114904443187
A1,14.165116814814816,-5.7475548555608285,0.31180744155445084
A1,14.233218337962963,-5.732676476010508,0.31097397097585205
A1,14.30131986111111,-6.0564396209864855,0.3193370100619712
A1,14.36942138425926,-6.7210060929835995,0.3403403155682304
A1,14.43752290740741,-7.66445754506699,0.37620437325229356
A1,14.505624430555557,-8.7657056466725,0.42746662670607805
A1,14.573725953703704,-9.874288423391118,0.4927416579517204
A1,14.641827476851851,-10.948247204847975,0.5688116934714874
A1,14.709929,-11.95378029060929,0.6509170285524482
A1,14.77803052314815,-12.843371354481866,0.733111389227892
A1,14.846132046296296,-13.582585032366854,0.8088085167742494
A1,14.914233569444445,-14.145757288867786,0.8715159505685312
A1,14.982335092592594,-14.515311114406883,0.915665830353835
A1,15.050436615740741,-14.683589220136373,0.9373971923358159
A1,15.11853813888889,-14.648309039375707,0.9351286948120963
A1,15.186639662037036,-14.418397246729864,0.9097911150940631
A1,15.254741185185186,-14.006353957645816,0.8646652450528249
A1,15.322842708333335,-13.437260723777507,0.8048632895582082
A1,15.390944231481482,-12.703969895213959,0.7365699100555675
A1,15.45904575462963,-11.878621652830194,0.6661453564075291
A1,15.527147277777779,-11.098926550580245,0.5991818999012005
A1,15.595248800925926,-10.453279811769177,0.539883016908311
A1,15.663350324074075,-9.986864389575217,0.4907519323165821
A1,15.731451847222225,-9.70462186795321,0.45253339049585767
A1,15.79955337037037,-9.592599036181056,0.4243742566465589
A1,15.86765489351852,-9.622632366512901,0.4041885730945531
A1,15.935756416666667,-9.760917557412684,0.3892015859841952
A1,16.003857939814818,-9.970840424109728,0.37661666327711707
A1,16.071959462962962,-10.211685325360605,0.3643004093189986
A1,16.140060986111113,-10.456373181087557,0.351333630718225
A1,16.20816250925926,-10.648978628497405,0.33822248940957317
A1,16.276264032407408,-10.694036915325738,0.32611232910367416
A1,16.34436555555556,-10.535376603744165,0.31580795359369623
A1,16.412467078703703,-10.126517466094459,0.3074909584362592
A1,16.480568601851854,-9.494804710777485,0.3006522983997172
A1,16.548670125,-8.664214851528367,0.29421636014441854
A1,16.61677164814815,-7.653230056534431,0.28682763314389603
A1,16.684873171296296,-6.490163739451789,0.2772104471151663
A1,16.752974694444443,-5.21567046358352,0.2644892807577786
A1,16.821076217592594,-3.8801363568973146,0.24838115204219408
A1,16.88917774074074,-2.547774798056508,0.2292273541799979
A1,16.95727926388889,-1.2878462115543543,0.2078823400901218
A1,17.025380787037037,-0.17349459534942752,0.18551703721224982
A1,17.093482310185184,0.7372525420793387,0.16339652355595888
A1,17.161583833333335,1.4115328385777768,0.14267687876071916
A1,17.229685356481482,1.8685063562876885,0.12424599420608673
A1,17.29778687962963,2.1796173727583823,0.10861872840250077
A1,17.365888402777777,2.4397406433051607,0.09590687579222985
A1,17.43398992592593,2.636682642196608,0.08599316168116591
A1,17.502091449074076,2.7598043771050382,0.07873488146906357
A1,17.570192972222223,2.8167269362910266,0.07401629855100897
A1,17.63829449537037,2.8119577522463635,0.07177685804314483
A1,17.706396018518518,2.745273332171121,0.07203207579537649
A1,17.77449754166667,2.622248930746821,0.07488301119249959
A1,17.842599064814817,2.440550612096584,0.08050289845245849
A1,17.910700587962964,2.2015315885867666,0.08908722300325501
A1,17.97880211111111,1.8490575774206308,0.10088032057854546
A1,18.04690363425926,1.4355532342428794,0.11746501014525772
A1,18.11500515740741,1.0232271430433928,0.1428299529984037
A1,18.183106680555557,0.6167587633647063,0.18243503462058624
A1,18.251208203703705,0.23358941574113296,0.24172574421449147
A1,18.319309726851852,-0.14246886554067284,0.3245798624712958
A1,18.38741125,-0.5280306634749553,0.4319807762773908
A1,18.45551277314815,-0.9198216557520221,0.5611687377985477
A1,18.523614296296298,-1.3161111296794872,0.7054127170284121
A1,18.591715819444445,-1.8233295043787863,0.8543932669763539
A1,18.659817342592593,-2.5099838856720673,0.9953164908147397
A1,18.727918865740744,-3.397736661652335,1.114729068257461
A1,18.79602038888889,-4.450693248545703,1.2005878997544388
A1,18.86412191203704,-5.613688223728781,1.2442137675939875
A1,18.932223435185186,-6.810847407889024,1.2417371735908573
A1,19.000324958333334,-7.97515547936178,1.1947525897146425
A1,19.068426481481485,-9.038022637595429,1.1100527968905716
A1,19.13652800462963,-9.949440851674245,0.998492495547207
A1,19.20462952777778,-10.661197161327701,0.8731968208118247
A1,19.272731050925927,-11.14328410603923,0.7474599212315184
A1,19.340832574074074,-11.364630455307564,0.6326976219149291
A1,19.408934097222225,-11.311708462839464,0.536850628498126
A1,19.47703562037037,-10.967315702628563,0.4634898885711502
A1,19.54513714351852,-10.331532901852203,0.4117948382771822
A1,19.613238666666668,-9.402832475644416,0.37737990191295256
A1,19.681340189814815,-8.225663306241486,0.3538114212717099
A1,19.749441712962966,-6.835824459670275,0.3344948754404598
A1,19.81754323611111,-5.333700143902325,0.3145238985925484
A1,19.885644759259257,-3.8251072837783333,0.29191915257882567
A1,19.95374628240741,-2.3152821458457895,0.26672332201176213
A1,20.021847805555556,-0.8691152616896407,0.23955332095788157
A1,20.089949328703707,0.4442127001396175,0.21137027083503793
A1,20.158050851851854,1.5596203084534677,0.18331419557716344
A1,20.226152374999998,2.4373384921493937,0.15651217336782244
A1,20.29425389814815,3.079057074749784,0.13189927141147173
A1,20.362355421296296,3.538334503740629,0.11007737985469156
A1,20.430456944444447,3.9201406114392925,0.09123012325566453
A1,20.498558467592595,4.262229639606638,0.0751899702346404
A1,20.56665999074074,4.5391676531724165,0.06168107820400472
A1,20.63476151388889,4.766217732598852,0.0504081718205217
A1,20.702863037037037,4.9492481492983424,0.04107687093440808
A1,20.770964560185188,5.098958968457589,0.0334051499633434
A1,20.839066083333336,5.219486478997257,0.027130924548625875
A1,20.90716760648148,5.3180576324062185,0.022017871437169722
A1,20.97526912962963,5.397313155047354,0.017859525163817478
A1,21.043370652777778,5.462202396950255,0.014480923519861424
A1,21.111472175925925,5.51429719989962,0.01173744759655798
A1,21.179573699074076,5.557039473761541,0.009511331787720753
A1,21.247675222222224,5.591291396087213,0.007706955367151602
A1,21.31577674537037,5.6194847290725765,0.006246157172838563
A1,21.38387826851852,5.642024160370503,0.005064459547764831
A1,21.451979791666666,5.660656013038266,0.00410848851600204
A1,21.520081314814817,5.675500075940912,0.003334347599477355
A1,21.588182837962965,5.687836044386479,0.0027064600710859222
A1,21.656284361111116,5.697616637941805,0.002196459906225542
A1,21.72438588425926,5.7058018271212045,0.0017819498636202588
A1,21.792487407407407,5.712251569918528,0.0014451856445948643
A1,21.860588930555558,5.7177010660684005,0.0011718739743717612
A1,21.928690453703705,5.7219626813311235,0.0009502584442810227
A1,21.996791976851856,5.725610055949778,0.0007705522139439362
A1,22.0648935,5.728435761577358,0.0006246459494811236
A1,22.132995023148148,5.730895698750509,0.000505948387598135
A1,22.2010965462963,5.732780594102522,0.000409229297923793
A1,22.269198069444446,5.7344592372691645,0.0003304017252711384
A1,22.33729959259259,5.735730938509726,0.0002662547515087644
A1,22.40540111574074,5.736897994789224,0.00021419326843867377
A1,22.47350263888889,5.73777343014037,0.00017204308907957245
A1,22.54160416203704,5.738607333909565,0.00013794668807748316
A1,22.609705685185187,5.739229023411703,0.00011033245995918256
A1,22.677807208333334,5.739847023047928,8.791505263463214e-05
A1,22.74590873148148,5.740308216467251,6.968637340465036e-05
A1,22.81401025462963,5.740787518939412,5.4877891629775875e-05
A1,22.88211177777778,5.741149502171716,4.289914703007358e-05
A1,22.950213300925927,5.741541163939,3.327266399650869e-05
A1,23.018314824074075,5.741844044362594,2.5586467832301763e-05
A1,23.086416347222226,5.742181422835935,1.9474127717588692e-05
A1,23.15451787037037,5.7424508819835465,1.461712652819866e-05
A1,23.22261939351852,5.742755367629942,1.075507771720078e-05
A1,23.290720916666668,5.743007514432908,7.69002511485368e-06
A1,23.358822439814816,5.743292714233035,5.2787229793786445e-06
A1,23.426923962962967,5.743537604848725,3.415478278122377e-06
A1,23.49502548611111,5.743812125595311,2.0134017004413583e-06
A1,23.563127009259258,5.744055763086766,9.919423635028862e-07
A1,23.63122853240741,5.7443247174482135,2.7412665741421804e-07
A1,23.699330055555556,5.744570363081507,-2.0888699618585967e-07
A1,23.767431578703707,5.744837033983674,-5.117335923432957e-07
A1,23.83553310185185,5.745086587804972,-6.723963515737597e-07
A1,23.903634625,5.745351783620248,-7.151282080735523e-07
A1,23.97173614814815,5.7456049368170925,-6.568787647426385e-07
A1,24.039837671296297,5.745868951909055,-5.135513249253752e-07
A1,24.107939194444448,5.746125329468367,-3.030214543833732e-07
A1,24.176040717592596,5.746387901898598,-4.415881145880614e-08
A1,24.24414224074074,5.746646629691965,2.465060253841181e-07
A1,24.31224376388889,5.746907094670599,5.57767901502122e-07
A1,24.380345287037038,5.747167062947708,8.843136144070655e-07
A1,24.44844681018519,5.747424561456185,1.2245056915095177e-06
A1,24.516548333333336,5.747684672798408,1.5768253144398039e-06
A1,24.58464985648148,5.747938293177775,1.9372614471878775e-06
A1,24.65275137962963,5.748197033203348,2.2991821792108784e-06
A1,24.72085290277778,5.748445537644005,2.6554111790700624e-06
A1,24.788954425925926,5.748701601969931,3.0008405198914745e-06
A1,24.857055949074077,5.748943945901913,3.333892953135441e-06
A1,24.92515747222222,5.749196068895183,3.6560826113350436e-06
A1,24.993258995370372,5.74943124314021,3.969951019771065e-06
A1,25.06136051851852,5.749678227204687,4.276481595652456e-06
A1,25.129462041666667,5.749905241107591,4.573562884144576e-06
A1,25.197563564814818,5.750145981125479,4.856616766693784e-06
A1,25.26566508796296,5.750363954094388,5.121022241207938e-06
A1,25.333766611111113,5.750597400618591,5.3646004711487135e-06
A1,25.40186813425926,5.750805511868206,5.588490193987839e-06
A1,25.469969657407407,5.751030766259695,5.7960478456239515e-06
A1,25.53807118055556,5.751228325096684,5.990627963783538e-06
A1,25.606172703703706,5.751444633980293,6.173493333211031e-06
A1,25.674274226851853,5.751631091829017,6.342932016991902e-06
A1,25.74237575,5.7518378064011815,6.4951431304223775e-06
A1,25.810477273148148,5.752012661722323,6.626491751681993e-06
A1,25.8785787962963,5.752209183342571,6.735742612113233e-06
A1,25.946680319444447,5.7523720130089595,6.824808502980541e-06
A1,26.01478184259259,5.752557896281793,6.897608583579558e-06
A1,26.08288336574074,5.75270845159742,6.957857738969212e-06
A1,26.15098488888889,5.752883427364317,7.007067660720623e-06
A1,26.21908641203704,5.753021588622673,7.043783032727078e-06
A1,26.287187935185187,5.753185449402169,7.064509231116347e-06
A1,26.35528945833333,5.753311122944994,7.065949247311123e-06
A1,26.423390981481482,5.753463744857714,7.047244127115567e-06
A1,26.49149250462963,5.75357696290628,7.010713753969146e-06
A1,26.55959402777778,5.753718345511671,6.960609105141147e-06
A1,26.627695550925928,5.753819245641168,6.90079525389027e-06
A1,26.695797074074076,5.753949519874426,6.832822297823146e-06
A1,26.763898597222223,5.7540383730712685,6.755344842128259e-06
A1,26.83200012037037,5.754157743417921,6.6651016731271434e-06
A1,26.90010164351852,5.754234840281633,6.559035829354777e-06
A1,26.96820316666667,5.754343583426021,6.436461619887923e-06
A1,27.036304689814816,5.754409320439284,6.299851038495612e-06
A1,27.104406212962967,5.754507813973085,6.153585159805196e-06
A1,27.17250773611111,5.754562675532145,6.001552990479754e-06
A1,27.24060925925926,5.754651376600158,5.8452627633434866e-06
A1,27.30871078240741,5.754695887827229,5.683458387504661e-06
A1,27.376812305555557,5.754775295424331,5.513142091558639e-06
A1,27.444913828703708,5.754810045565115,5.3314426354778275e-06
A1,27.513015351851852,5.754880694709983,5.13759247405401e-06
A1,27.581116875,5.7549063086727985,4.9339027416415936e-06
A1,27.64921839814815,5.754968843595344,4.7248009897820725e-06
A1,27.717319921296298,5.754986036305581,4.514365430018214e-06
A1,27.78542144444445,5.755041099092699,4.30415008810982e-06
A1,27.853522967592593,5.755050596107239,4.092781440547307e-06
A1,27.92162449074074,5.755098900628668,3.877240567418728e-06
A1,27.98972601388889,5.755101441712372,3.654797478834025e-06
A1,28.05782753703704,5.755143678732336,3.4247338726378934e-06
A1,28.12592906018519,5.755140039621077,3.1891832976599723e-06
A1,28.194030583333333,5.755176955260268,2.9523918272946556e-06
A1,28.26213210648148,5.7551679406749034,2.7184628528287292e-06
A1,28.33023362962963,5.755200328350797,2.4890533235902636e-06
A1,28.39833515277778,5.755186731698694,2.262760706221031e-06
A1,28.466436675925927,5.755215318535427,2.0364631992357004e-06
A1,28.534538199074078,5.755197935930135,1.8074123590137182e-06
A1,28.60263972222222,5.755223451449872,1.574887078832461e-06
A1,28.670741245370372,5.755203054577615,1.3408737952519496e-06
A1,28.73884276851852,5.755226283471205,1.109415908801658e-06
A1,28.806944291666667,5.755203676568368,8.845876877237918e-07
A1,28.87504581481482,5.75522536762414,6.681668125304823e-07
A1,28.943147337962962,5.755201330549172,4.587634257574368e-07
A1,29.011248861111113,5.7552221898001905,2.530760542021977e-07
A1,29.07935038425926,5.755197424734506,4.8173215972833185e-08
A1,29.147451907407408,5.75521810376084,-1.5673398406524314e-07
A1,29.21555343055556,5.6446231279014345,-3.597237531847058e-07
A1,29.283654953703703,5.327769682193526,-5.568893156475866e-07
A1,29.351756476851854,4.850076240931026,-7.442402473850077e-07
B0,0.0,3.915055453891895,6.045978974656833e-08
B0,0.06732334791666666,4.152200470199367,5.3763442364301835e-08
B0,0.13464669583333333,4.351902088138402,4.7329913514625054e-08
B0,0.20197004375,4.484400382762085,4.127940336015703e-08
B0,0.26929339166666666,4.530724495997983,3.559930931131403e-08
B0,0.3366167395833333,4.530679269901756,3.012606218140142e-08
B0,0.4039400875,4.530724075814305,2.4624403833990667e-08
B0,0.4712634354166667,4.5306788037073025,1.896007267639047e-08
B0,0.5385867833333333,4.5307235464085815,1.32042326043334e-08
B0,0.60591013125,4.530678253721774,7.558620024941128e-09
B0,0.6732334791666666,4.530722960464712,2.2099415417759284e-09
B0,0.7405568270833334,4.530677674511209,-2.737371510015958e-09
B0,0.807880175,4.530722352550285,-7.273179491698511e-09
B0,0.8752035229166667,4.53067708708355,-1.1511850479757555e-08
B0,0.9425268708333334,4.530721736134385,-1.567368574664448e-08
B0,1.00985021875,4.53067650895082,-1.9940630031484967e-08
B0,1.0771735666666666,4.530721152827612,-2.4306671621822264e-08
B0,1.1444969145833332,4.530675995023959,-2.8597759274832623e-08
B0,1.2118202625,4.530720656064127,-3.261779838133395e-08
B0,1.2791436104166667,4.530675587880516,-3.624251084365596e-08
B0,1.3464669583333333,4.530720246459825,-3.9433747288489995e-08
B0,1.4137903062500001,4.530675266848589,-4.227155811175866e-08
B0,1.4811136541666667,4.530719947624088,-4.4973248141028784e-08
B0,1.5484370020833333,4.5306750843427075,-4.777555403854029e-08
B0,1.61576035,4.530719778899701,-5.074053881454504e-08
B0,1.6830836979166668,4.530675036230226,-5.370872804138063e-08
B0,1.7504070458333334,4.530719748375271,-5.645030609666494e-08
B0,1.81773039375,4.53067513431896,-5.881889284724753e-08
B0,1.8850537416666668,4.530719869037996,-6.077933339872687e-08
B0,1.9523770895833334,4.530675403743285,-6.239624379417988e-08
B0,2.0197004375,4.530720176553283,-6.384786556546956e-08
B0,2.0870237854166667,4.53067587920773,-6.536796575179312e-08
B0,2.1543471333333333,4.530720681224266,-6.707852751426858e-08
B0,2.2216704812500003,4.530676547813275,-6.88802735165933e-08
B0,2.2889938291666665,4.53072138419873,-7.053673984066475e-08
B0,2.3563171770833335,4.53067744496363,-7.184568986047225e-08
B0,2.423640525,4.530722319653888,-7.272738728493617e-08
B0,2.4909638729166668,4.530678581106131,-7.322982929879377e-08
B0,2.5582872208333334,4.53072349011113,-7.352314143495424e-08
B0,2.62561056875,4.530679955071869,-7.384438409783409e-08
B0,2.6929339166666666,4.530724875894511,-7.434544151082764e-08
B0,2.760257264583333,4.5306815319627916,-7.496021869640951e-08
B0,2.8275806125000003,4.53072646667461,-7.544409778181357e-08
B0,2.894903960416667,4.530683343542739,-7.554362960018147e-08
B0,2.9622273083333335,4.530728295409215,-7.512473826250979e-08
B0,3.02955065625,4.530685396166211,-7.41956458088601e-08
B0,3.0968740041666667,4.530730356378193,-7.28815600492165e-08
B0,3.1641973520833333,4.530687678377091,-7.136636845771603e-08
B0,3.2315207,4.530732639359813,-6.977478282179681e-08
B0,3.298844047916667,4.530690201765844,-6.805546076140984e-08
B0,3.3661673958333336,4.530735151679238,-6.597406594225448e-08
B0,3.43349074375,4.530692978424315,-6.321464981769298e-08
B0,3.500814091666667,4.530737975031033,-5.949132597990575e-08
B0,3.5681374395833334,4.53069605426604,-5.462351377751016e-08
B0,3.6354607875,4.530741004775397,-4.857971278746791e-08
B0,3.7027841354166666,4.530699311681888,-4.144181953575897e-08
B0,3.7701074833333337,4.530744200820892,-3.32467751605758e-08
B0,3.8374308312500003,4.530702721566208,-2.380840933935312e-08
B0,3.904754179166667,4.530747499400079,-1.2683835760639666e-08
B0,3.9720775270833335,4.53070619553269,7.154581762113671e-10
B0,4.039400875,4.53075081484658,1.7017053249992705e-08
B0,4.106724222916666,4.53070964487738,3.685131654194682e-08
B0,4.174047570833333,4.530754043511548,6.082351376979778e-08
B0,4.2413709187499995,4.530712963065296,8.949619921200939e-08
B0,4.3086942666666666,4.530757057765912,1.234823513442237e-07
B0,4.376017614583334,4.530715976649374,1.6364422256670595e-07
B0,4.443340962500001,4.530759654543178,2.1123817906458416e-07
B0,4.510664310416667,4.530718462978195,2.679213894521081e-07
B0,4.577987658333333,4.530761565174199,3.357212716526558e-07
B0,4.64531100625,4.5307200860835914,4.170520969494516e-07
B0,4.712634354166667,4.530762356132451,5.147120194500245e-07
B0,4.779957702083333,4.5307203117903265,6.318216902715069e-07
B0,4.84728105,4.530761423449107,7.718410806587312e-07
B0,4.9146043979166665,4.530718438053693,9.387956729874544e-07
B0,4.9819277458333335,4.530757915492681,1.137634391693651e-06
B0,5.049251093750001,4.5307134973543866,1.3745594802920632e-06
B0,5.116574441666667,4.530750724083434,1.6573046584763302e-06
B0,5.183897789583333,4.530704061241727,1.995405738082814e-06
B0,5.2512211375,4.530738035479427,2.4003944950880257e-06
B0,5.318544485416667,4.530688008446579,2.8858274721055315e-06
B0,5.385867833333333,4.530717388727057,3.467285399854862e-06
B0,5.45319118125,4.53066240620724,4.162665604827049e-06
B0,5.520514529166666,4.530685258407567,4.992977234575573e-06
B0,5.5878378770833335,4.530623034472996,5.983587824655226e-06
B0,5.6551612250000005,4.530636619064705,7.165716402095885e-06
B0,5.722484572916667,4.5305639623215885,8.57790714828068e-06
B0,5.789807920833334,4.530564387420425,1.026717066544091e-05
B0,5.85713126875,4.530476547920866,1.2289609100395677e-05
B0,5.924454616666667,4.530458149561892,1.4710788220890155e-05
B0,5.991777964583334,4.530348436271708,1.760661783087011e-05
B0,6.0591013125,4.530303165775992,2.1065593166740436e-05
B0,6.126424660416666,4.530162008764567,2.519281027778908e-05
B0,6.193748008333333,4.530078515313015,3.011547290294637e-05
B0,6.26107135625,4.5298922823830345,3.598899073724269e-05
B0,6.328394704166667,4.529754261345198,4.300250212142966e-05
B0,6.395718052083334,4.529503627549663,5.138304301805319e-05
B0,6.4630414,4.529287787494136,6.139875160394126e-05
B0,6.530364747916667,4.528944779815041,7.336297317298983e-05
B0,6.597688095833334,4.528617885083839,8.764195119652988e-05
B0,6.66501144375,4.528142869948521,0.00010466822511498914
B0,6.732334791666667,4.527657626954883,0.0001249599875002622
B0,6.799658139583333,4.526994209828283,0.00014914434558623273
B0,6.8669814875,4.526283470973649,0.00017798096028794693
B0,6.9343048354166665,4.5253514274011994,0.00021238313192510543
B0,7.001628183333334,4.524319553518144,0.00025343650526950257
B0,7.06895153125,4.523004761298007,0.0003024200410827102
B0,7.136274879166667,4.521515757556758,0.0003608372413507949
B0,7.203598227083334,4.5196558115590975,0.000430465476312969
B0,7.270921575,4.517516232342977,0.0005134270715958582
B0,7.338244922916667,4.514880317676167,0.0006122791999411374
B0,7.405568270833333,4.511815355756896,0.0007301138814189214
B0,7.47289161875,4.508075549014129,0.0008706585195759864
B0,7.540214966666667,4.503694800119238,0.0010383740279117323
B0,7.6075383145833335,4.498384865861142,0.0012385601723747604
B0,7.674861662500001,4.492132719741003,0.001477489923410173
B0,7.742185010416667,4.484588615845506,0.0017625991055593314
B0,7.809508358333334,4.4756737306089125,0.0021027513400303866
B0,7.87683170625,4.464949695309195,0.0025085835256339834
B0,7.944155054166667,4.452245509783642,0.002992919901733317
B0,8.011478402083334,4.436994889873443,0.0035712318589184895
B0,8.07880175,4.418897150253503,0.004262125596988391
B0,8.146125097916668,4.397200136875375,0.005087863345405554
B0,8.213448445833333,4.371420695800287,0.006074957116914903
B0,8.28077179375,4.340535046709691,0.0072549047891924835
B0,8.348095141666667,4.30380607761724,0.008665166098687678
B0,8.415418489583335,4.259810709264615,0.010350506639499381
B0,8.482741837499999,4.20746550747106,0.012364859881631284
B0,8.550065185416667,4.14475310256581,0.014773834313104296
B0,8.617388533333333,4.0701045161613365,0.017657872015118592
B0,8.68471188125,3.9811568603413265,0.021115748935381592
B0,8.752035229166667,3.8841693220905027,0.02526741402563181
B0,8.819358577083333,3.7742839620859527,0.030253960360631323
B0,8.886681925000001,3.6368746416827755,0.03623113715367249
B0,8.954005272916667,3.454076876744909,0.04335317485353502
B0,9.021328620833334,3.2087269334279216,0.05181509312295155
B0,9.088651968750002,2.9065921891619086,0.06203281151006279
B0,9.155975316666666,2.525687711368245,0.0745876371601509
B0,9.223298664583334,2.0472230649054235,0.09004041579730145
B0,9.2906220125,1.4701911232727047,0.10878895478633034
B0,9.357945360416666,0.8106577942806408,0.13096077833954586
B0,9.425268708333334,0.09473793522540098,0.1563481928508479
B0,9.49259205625,-0.6453863130145776,0.18438917859506568
B0,9.559915404166667,-1.378812701324704,0.2141927225604806
B0,9.627238752083334,-2.076387284446641,0.24460071921883486
B0,9.6945621,-2.715514961964151,0.2742856446457326
B0,9.761885447916667,-3.277091465731696,0.30187056961287856
B0,9.829208795833333,-3.7496312844236432,0.32606531473475103
B0,9.89653214375,-4.123832166545739,0.3458021227405655
B0,9.963855491666667,-4.3987763285901105,0.36035306718101645
B0,10.031178839583333,-4.573113686597637,0.3694139581610935
B0,10.098502187500001,-4.656457933419168,0.37314012132183966
B0,10.165825535416667,-4.641840658704617,0.37212450425977006
B0,10.233148883333334,-4.561164354761912,0.3673317835331119
B0,10.300472231250001,-4.467945621419588,0.36024609602771457
B0,10.367795579166666,-4.393377538522608,0.35297933473937276
B0,10.435118927083334,-4.3620926539587295,0.34793346087141364
B0,10.502442275,-4.372423966743669,0.34735082574650167
B0,10.569765622916666,-4.425541461349595,0.3528798286240985
B0,10.637088970833334,-4.516672194369322,0.36523079640530237
B0,10.70441231875,-4.645729689075838,0.38398947274120854
B0,10.771735666666666,-4.808015802351897,0.4076134757054214
B0,10.839059014583334,-4.997222035355492,0.4336217228144052
B0,10.9063823625,-5.194246922058378,0.4589473963708853
B0,10.973705710416668,-5.363099014096414,0.4804068658470855
B0,11.041029058333333,-5.466931068925831,0.4952114110848765
B0,11.108352406249999,-5.519760083831626,0.5014634458655354
B0,11.175675754166667,-5.517546456984864,0.4984367092303382
B0,11.242999102083333,-5.465821919858875,0.48649870800051653
B0,11.310322450000001,-5.351117324947111,0.46719651805439144
B0,11.377645797916667,-5.191847255655735,0.44312791609266405
B0,11.444969145833333,-5.032404111662739,0.4174736480403685
B0,11.512292493750001,-4.895572944384714,0.3934748877705491
B0,11.579615841666667,-4.79265623623434,0.3739311859341851
B0,11.646939189583334,-4.72875568730192,0.3607913844709786
B0,11.7142625375,-4.7066337061351025,0.3549034158385681
B0,11.781585885416666,-4.731061414582835,0.35595411214382355
B0,11.848909233333334,-4.804816640190674,0.3626056160362839
B0,11.91623258125,-4.932039089741341,0.372800745755593
B0,11.983555929166668,-5.101435211200407,0.3841782602510956
B0,12.050879277083334,-5.2836041860307486,0.3945236428762008
B0,12.118202625,-5.429839928985489,0.40216608859295483
B0,12.185525972916668,-5.497871198113714,0.4060413364078856
B0,12.252849320833333,-5.506462461981131,0.4054673272193306
B0,12.320172668749999,-5.469071257818132,0.4001840590504029
B0,12.387496016666667,-5.397790260229707,0.39048344073830404
B0,12.454819364583333,-5.288325459515721,0.3773905962595821
B0,12.5221427125,-5.171346053555446,0.36251950858124293
B0,12.589466060416667,-5.072660183301529,0.3477745920589581
B0,12.656789408333333,-5.007440844544129,0.33505658389404847
B0,12.724112756250001,-4.977615446523094,0.32599042122460375
B0,12.791436104166667,-4.982794297631752,0.32171152192952435
B0,12.858759452083335,-5.01948778817576,0.322724928526116
B0,12.9260828,-5.0891897940965585,0.3288517251550466
B0,12.993406147916666,-5.19082132542731,0.339254492051295
B0,13.060729495833334,-5.323260814221455,0.3525462817286223
B0,13.12805284375,-5.472296942314906,0.3669685111577602
B0,13.195376191666668,-5.615814330981711,0.38063128120360934
B0,13.262699539583334,-5.71882329538755,0.3917902499516279
B0,13.3300228875,-5.781534390800696,0.39914866450561715
B0,13.397346235416668,-5.79743838933586,0.4020860558003824
B0,13.464669583333334,-5.754150373196452,0.4005638311797407
B0,13.53199293125,-5.631724961146059,0.39500719436388265
B0,13.599316279166667,-5.4577548546463674,0.3862687066774277
B0,13.666639627083333,-5.288920271162306,0.37582327934756693
B0,13.733962975,-5.156042054744993,0.36580854377016864
B0,13.801286322916667,-5.078237926917602,0.35863121258707575
B0,13.868609670833333,-5.051014789073042,0.3564886830367172
B0,13.935933018750001,-5.073597161662463,0.3609286847192005
B0,14.003256366666667,-5.139733293980655,0.3725213436357684
B0,14.070579714583335,-5.248055952234612,0.39070110070252473
B0,14.1379030625,-5.392687375862722,0.4137927643069804
B0,14.205226410416666,-5.565502186283285,0.43921942094066435
B0,14.272549758333334,-5.745600473539119,0.4638618359927383
B0,14.33987310625,-5.893873512035564,0.48452288003317656
B0,14.407196454166668,-5.978538787349997,0.49843262596933036
B0,14.474519802083334,-6.015032174187207,0.5037405491172721
B0,14.54184315,-5.997747143359217,0.49976451486268425
B0,14.609166497916668,-5.93297823041507,0.486925610579517
B0,14.676489845833334,-5.80562054132533,0.46686024745765375
B0,14.743813193750002,-5.641089484881456,0.44224388679909943
B0,14.811136541666666,-5.481075788349126,0.41630197961445503
B0,14.878459889583333,-5.3471335888589175,0.3922765421574007
B0,14.9457832375,-5.248451103848515,0.3729198522506325
B0,15.013106585416667,-5.190233017164903,0.3600943754236063
B0,15.080429933333335,-5.174007873849944,0.35454044093294396
B0,15.14775328125,-5.2051444974482015,0.3558405766004959
B0,15.215076629166667,-5.284984638475711,0.36257741142322286
B0,15.282399977083335,-5.417981579587509,0.37265533616893504
B0,15.349723325000001,-5.5887303499354495,0.3837221163164026
B0,15.417046672916666,-5.767418250251514,0.39361757645910433
B0,15.484370020833333,-5.901301720580633,0.40075253796007565
B0,15.55169336875,-5.955584738501217,0.4041130163033735
B0,15.619016716666668,-5.950684976719719,0.4030549338704952
B0,15.686340064583334,-5.899956790480285,0.39736074717818726
B0,15.7536634125,-5.813373551838947,0.38738486061481753
B0,15.820986760416668,-5.688595662580036,0.3742160153011829
B0,15.888310108333334,-5.5590585026333335,0.35950284514708913
B0,15.955633456250002,-5.448609010129464,0.3451557508349509
B0,16.022956804166668,-5.3717340590259965,0.33305306375411875
B0,16.090280152083334,-5.3294320555821155,0.3247713964496533
B0,16.1576035,-5.321517151768083,0.32137719824178046
B0,16.224926847916667,-5.344833700344688,0.3232932294817703
B0,16.292250195833336,-5.401335836412499,0.3302546522516098
B0,16.35957354375,-5.490136888311501,0.3413448246791887
B0,16.426896891666665,-5.609416800882028,0.3551143996932218
B0,16.494220239583335,-5.744220805679958,0.36976807069984363
B0,16.5615435875,-5.8706542630428755,0.38341073605590326
B0,16.628866935416667,-5.95566580465348,0.3943267012365918
B0,16.696190283333333,-6.002356099617528,0.4012833312686293
B0,16.76351363125,-6.001773842335226,0.40373314169619146
B0,16.83083697916667,-5.941692275898404,0.4016938496062883
B0,16.898160327083335,-5.8027659986266595,0.39564525464072114
B0,16.965483674999998,-5.620675282667355,0.38650268367435725
B0,17.032807022916668,-5.448779961964749,0.37583735332883744
B0,17.100130370833334,-5.317225177577109,0.3658540402557331
B0,17.16745371875,-5.241498198548856,0.35897299434111674
B0,17.234777066666666,-5.217031581953514,0.357349728012677
B0,17.302100414583332,-5.2422213840422565,0.36244391519552904
B0,17.3694237625,-5.311324132934699,0.37470956345749407
B0,17.43674711041667,-5.422355603660528,0.3934578428471151
B0,17.504070458333334,-5.569617535217474,0.4169049824805176
B0,17.57139380625,-5.743454221851661,0.4423967443105649
B0,17.638717154166667,-5.921948594126433,0.46678051554004535
B0,17.706040502083333,-6.063222327360522,0.4868755572767012
B0,17.773363850000003,-6.141882556635045,0.4999794150248433
B0,17.84068719791667,-6.173244253040982,0.5043511389684119
B0,17.908010545833335,-6.151326701017022,0.49941557543542653
B0,17.97533389375,-6.082031455710517,0.4857056567734597
B0,18.042657241666667,-5.950080139181122,0.46497922204531267
B0,18.109980589583337,-5.787200774746605,0.4399927956050479
B0,18.177303937500003,-5.632223913079228,0.4139998204064976
B0,18.244627285416666,-5.505591730726273,0.3902160274476522
B0,18.311950633333332,-5.414868959193584,0.371319438080739
B0,18.379273981249998,-5.365350985853987,0.3590660234087244
B0,18.446597329166668,-5.357866875864564,0.3540770538371632
B0,18.513920677083334,-5.3982210473615355,0.35582604750982866
B0,18.581244025,-5.486869573352199,0.36281503952584837
B0,18.648567372916666,-5.628155438795257,0.372909925503124
B0,18.715890720833332,-5.80303106578342,0.3837676276172502
B0,18.78321406875,-5.981016064343276,0.3932826765496882
B0,18.85053741666667,-6.106064748674062,0.3999455449909595
B0,18.917860764583335,-6.151483899902073,0.40278933441176085
B0,18.9851841125,-6.138290538808038,0.4012112049341687
B0,19.052507460416667,-6.079969990790719,0.39504167158722464
B0,19.119830808333333,-5.983993150455319,0.38470717214068084
B0,19.187154156250003,-5.850816138241492,0.3713666073970856
B0,19.25447750416667,-5.715689061774234,0.356708239860793
B0,19.321800852083335,-5.600535639770693,0.34265053774321913
B0,19.3891242,-5.518945730850411,0.33104889634171597
B0,19.456447547916664,-5.471067285383838,0.3234302471040965
B0,19.523770895833334,-5.456766711649805,0.320791735831265
B0,19.59109424375,-5.473228477712948,0.32347548528436176
B0,19.658417591666666,-5.522644661759765,0.3311332425412192
B0,19.725740939583332,-5.604259561337257,0.3427711327252806
B0,19.7930642875,-5.715267696033248,0.3568774052524664
B0,19.860387635416668,-5.839976939644004,0.37161849310114736
B0,19.927710983333334,-5.952472804619399,0.3850935588301882
B0,19.99503433125,-6.022394855156841,0.39561989826730665
B0,20.062357679166666,-6.054705169400709,0.4020399727568217
B0,20.129681027083333,-6.038231701212485,0.4038919717587062
B0,20.197004375000002,-5.9605532871026865,0.40126591858717237
B0,20.26432772291667,-5.803920732778881,0.3947089936703906
B0,20.331651070833335,-5.611490426463868,0.3852102665588444
B0,20.39897441875,-5.432662717436462,0.37443821587357773
B0,20.466297766666667,-5.297338450131216,0.3646556439089044
B0,20.533621114583337,-5.217153480808973,0.3582806846032712
B0,20.600944462500003,-5.1881972169552615,0.3574039168298197
B0,20.66826781041667,-5.207834532326847,0.3633651672821571
B0,20.73559115833333,-5.271353365396579,0.37646380790383605
B0,20.802914506249998,-5.3759573240589935,0.39584991137080794
B0,20.870237854166668,-5.516417637704852,0.41960663347896243
B0,20.937561202083334,-5.681238167544152,0.4450044532682628
B0,21.00488455,-5.847429841302833,0.4688925038655017
B0,21.072207897916666,-5.970457672310758,0.4881685745234278
B0,21.139531245833332,-6.031888026122485,0.5002678683189389
B0,21.206854593750002,-6.045319847989582,0.503607065278425
B0,21.274177941666668,-6.00547081321484,0.49771982421833727
B0,21.341501289583334,-5.916670942609854,0.48320613990409067
B0,21.4088246375,-5.765134115257293,0.4618524798611434
B0,21.476147985416667,-5.587789822034177,0.43638164785316014
B0,21.543471333333333,-5.4205098921404105,0.4099685331078842
B0,21.610794681250002,-5.282066843985073,0.3857243654321258
B0,21.67811802916667,-5.178266109753785,0.3662103219826698
B0,21.745441377083335,-5.113192763573711,0.3530621678215199
B0,21.812764725,-5.086285489750449,0.3467817491817151
B0,21.880088072916667,-5.101705777392969,0.3467293548235104
B0,21.947411420833337,-5.157766227761178,0.35130671207039965
B0,22.01473476875,-5.255751648744965,0.358302199320895
B0,22.082058116666666,-5.370807869522639,0.3653272413708005
B0,22.149381464583332,-5.471691861250595,0.3702671699645347
B0,22.216704812499998,-5.505006441133971,0.3716187770297527
B0,22.284028160416668,-5.439121875005588,0.36837476838507666
B0,22.351351508333334,-5.281397167690849,0.3598722048903355
B0,22.41867485625,-5.022670637277677,0.3458703904396915
B0,22.485998204166666,-4.664736970508289,0.3265898745861621
B0,22.553321552083332,-4.2088836627206145,0.30269313460583935
B0,22.620644900000002,-3.664654938660747,0.27521242407780117
B0,22.687968247916668,-3.0436217192374704,0.245436891748571
B0,22.755291595833334,-2.3648160667810623,0.21477375499640472
B0,22.82261494375,-1.6506274512530272,0.18460297666460462
B0,22.889938291666667,-0.9299129221326962,0.15614479775998955
B0,22.957261639583336,-0.23323664156846102,0.13034941070953707
B0,23.024584987500003,0.40755067873992584,0.10782491585963298
B0,23.09190833541667,0.9666215748255793,0.08880610831829407
B0,23.159231683333335,1.428131319735906,0.07317267663735565
B0,23.226555031249998,1.793235841828623,0.060517876237439275
B0,23.293878379166667,2.0808088304333943,0.05026285000194131
B0,23.361201727083333,2.312867124761537,0.04180750481937914
B0,23.428525075,2.4836388561405487,0.03472286302874907
B0,23.495848422916666,2.610257466304687,0.028807941765488704
B0,23.563171770833332,2.7105367149237365,0.023903564939908657
B0,23.63049511875,2.799035735086518,0.019848388527219558
B0,23.697818466666668,2.880533713556154,0.01649571408987341
B0,23.765141814583334,2.9486855307314235,0.013720514658244974
B0,23.8324651625,3.0057650955378605,0.011419817753851175
B0,23.899788510416666,3.053252799399533,0.009510022148561023
B0,23.967111858333336,3.0930804022425016,0.007923377519579658
B0,24.034435206250002,3.126250480052692,0.006604679156993926
B0,24.10175855416667,3.154111055229943,0.005508549854286105
B0,24.169081902083335,3.1773305081397787,0.004597362992925018
B0,24.23640525,3.1968703541532113,0.0038397247451078622
B0,24.30372859791667,3.2131578785201573,0.0032093864914950385
B0,24.371051945833337,3.2268955431800292,0.0026844552980850784
B0,24.438375293750003,3.238340223261746,0.002246782870748057
B0,24.505698641666665,3.248019892544988,0.001881436157727812
B0,24.57302198958333,3.256072307289718,0.001576191114084103
B0,24.640345337499998,3.2629071620835126,0.0013210386155424576
B0,24.707668685416667,3.2685786709120634,0.0011077281876639559
B0,24.774992033333334,3.2734155276848793,0.0009293861756241921
B0,24.84231538125,3.277412811259425,0.0007802315594966603
B0,24.909638729166666,3.280843511581945,0.0006553871464634605
B0,24.976962077083332,3.2836608257820954,0.0005507602724796713
B0,25.044285425,3.2860996947335326,0.00046295599243633773
B0,25.111608772916668,3.2880837496627775,0.0003891912004163421
B0,25.178932120833334,3.289822128844086,0.0003271957499737039
B0,25.24625546875,3.2912172469213483,0.00027510576807246494
B0,25.313578816666666,3.2924606287349394,0.00023136513575418887
B0,25.380902164583336,3.2934392565956254,0.00019465025404612546
B0,25.448225512500002,3.2943326492237808,0.000163824100036977
B0,25.51554886041667,3.2950163929664167,0.00013791457173899477
B0,25.582872208333335,3.2956620622222412,0.00011610492812741025
B0,25.65019555625,3.2961368522616454,9.772362665545162e-05
B0,25.71751890416667,3.2966071355118856,8.222625767071779e-05
B0,25.784842252083333,3.296933761613611,6.916988189760585e-05
B0,25.8521656,3.297279955563461,5.818561993058165e-05
B0,25.919488947916665,3.297501630953063,4.895645328104195e-05
B0,25.98681229583333,3.297760100431329,4.1204329336801314e-05
B0,26.05413564375,3.2979074416137304,3.46861614708716e-05
B0,26.121458991666668,3.29810407035886,2.9194768116402323e-05
B0,26.188782339583334,3.298198721788333,2.4559780504570696e-05
B0,26.2561056875,3.2983515605229856,2.0645121697382802e-05
B0,26.323429035416666,3.2984088619865375,1.7342555310475772e-05
B0,26.390752383333336,3.298530824970744,1.4563286660436615e-05
B0,26.458075731250002,3.298561596449911,1.2230503634424217e-05
B0,26.525399079166668,3.29866185846366,1.0274979198810601e-05
B0,26.592722427083334,3.2986738512617864,8.634157900220023e-06
B0,26.660045775,3.298758880403958,7.25350735559966e-06
B0,26.72736912291667,3.2987575977368264,6.088135560226828e-06
B0,26.794692470833336,3.298832038117936,5.1030513067465855e-06
B0,26.862015818750002,3.2988213130370716,4.2715977727527555e-06
B0,26.92933916666667,3.2988883330027376,3.5727192563021664e-06
B0,26.99666251458333,3.2988709041364976,2.9882255905976824e-06
B0,27.0639858625,3.2989327980356147,2.5010444709314762e-06
B0,27.131309210416667,3.298910608538898,2.09487097279855e-06
B0,27.198632558333333,3.2989689741355948,1.7549198379979158e-06
B0,27.26595590625,3.2989433706474003,1.46896595673972e-06
B0,27.333279254166666,3.2989993342280424,1.2278441474480235e-06
B0,27.40060260208333,3.298971328660843,1.0250863357904982e-06
B0,27.46792595,3.2990257146068265,8.559650061457679e-07
B0,27.535249297916668,3.2989959347380147,7.164458868591211e-07
B0,27.602572645833334,3.2990492408714966,6.02448280605431e-07
B0,27.66989599375,3.299018160941846,5.096311818405088e-07
B0,27.737219341666666,3.299070753786499,4.337207127806852e-07
B0,27.804542689583336,3.2990386853782336,3.711087858893915e-07
B0,27.871866037500002,3.29909082574255,3.1926850353161074e-07
B0,27.939189385416668,3.299058008411706,2.767034846640801e-07
B0,28.006512733333334,3.299109856930168,2.4253589876744e-07
B0,28.07383608125,3.299076432246386,2.1603290157709834e-07
B0,28.14115942916667,3.2991280784723314,1.962734179093646e-07
B0,28.208482777083336,3.299094134821171,1.8203109850323136e-07
B0,28.275806125,3.2991456403621346,1.7191341274786405e-07
B0,28.343129472916665,3.2991112299620244,1.6469446083628432e-07
B0,28.41045282083333,3.2991626079792935,1.5960634581055067e-07
B0,28.47777616875,3.2991277633441363,1.5636499312860982e-07
B0,28.545099516666667,3.2991790276983335,1.5495398372849205e-07
B0,28.612422864583333,3.2991437695747834,1.5536967031112369e-07
B0,28.6797462125,3.2991949319193647,1.5745805072494414e-07
B0,28.747069560416666,3.29915928195989,1.6084869927153712e-07
B0,28.814392908333335,3.299210326291529,1.6499869588979812e-07
B0,28.88171625625,3.299174269483532,1.6936860381766936e-07
B0,28.949039604166668,3.299225191576288,1.7363688274321943e-07
B0,29.016362952083334,3.2991887943136806,1.7778238376890682e-07
B0,29.0836863,3.29923958268501,1.8198111558102343e-07
B0,29.15100964791667,3.2992027662523307,1.8642212652381588e-07
B0,29.218332995833336,3.29925337710372,1.9115658739136658e-07
B0,29.285656343750002,3.2992161334429353,1.9602733818407418e-07
B0,29.35297969166667,3.2992665274078155,2.0071295640105616e-07
B0,29.420303039583334,3.2992288443410813,2.0489012593366897e-07
B0,29.487626387500004,3.2992790061218544,2.0840751750911947e-07
B0,29.554949735416667,3.2992408775515685,2.1132774691203863e-07
B0,29.622273083333333,3.2992907926384722,2.1383190726832785e-07
B0,29.68959643125,3.2992522068435024,2.16104147035528e-07
B0,29.756919779166665,3.2993018388919513,2.1825456604429684e-07
B0,29.824243127083335,3.2992627878040377,2.2025272063832778e-07
B0,29.891566475,3.2993121434061012,2.219033427922405e-07
B0,29.958889822916667,3.2992726443883225,2.2294786070488328e-07
B0,30.026213170833334,3.299321717412412,2.2324476957425233e-07
B0,30.09353651875,3.2992817741230547,2.2285376105484866e-07
B0,30.16085986666667,3.299330561230179,2.2195986456239138e-07
B0,30.228183214583336,3.299290176036973,2.207588890815717e-07
B0,30.2955065625,3.2993386553687394,2.193944917857013e-07
B0,30.362829910416668,3.2992978324046525,2.1789976183040878e-07
B0,30.430153258333334,3.299346017532867,2.1613813689636342e-07
B0,30.49747660625,3.299304775740775,2.1386097144269577e-07
B0,30.56479995416667,3.2993526590147546,2.1090118430416926e-07
B0,30.632123302083336,3.299310997025714,2.0731018014466244e-07
B0,30.699446650000002,3.2993585756865973,2.0329186310697915e-07
B0,30.766769997916665,3.2993165089152283,1.9904868552610632e-07
B0,30.83409334583333,3.2993637974205456,1.9471337329999544e-07
B0,30.90141669375,3.2993213453981856,1.9034044527767976e-07
B0,30.968740041666667,3.2993683628909327,1.8586177238535533e-07
B0,31.036063389583333,3.2993255575660623,1.810769069368113e-07
B0,31.1033867375,3.2993723007323914,1.7578996503735904e-07
B0,31.170710085416665,3.2993291439053976,1.6998824587186154e-07
B0,31.238033433333335,3.2993756430034327,1.638552062568682e-07
B0,31.30535678125,3.2993321861933054,1.5762290355448646e-07
B0,31.372680129166667,3.299378454723839,1.5145140304235332e-07
B0,31.440003477083334,3.2993347100070536,1.4540289858856063e-07
B0,31.507326825,3.2993807510447515,1.3942348245224496e-07
B0,31.57465017291667,3.2993367283537807,1.3333212860740257e-07
B0,31.641973520833336,3.299382558050119,1.2692187412018373e-07
B0,31.709296868750002,3.2993382928734625,1.201374669659564e-07
B0,31.776620216666668,3.2993839347830556,1.13133674730408e-07
B0,31.843943564583334,3.299339459393581,1.0614842564833792e-07
B0,31.911266912500004,3.299384927247678,9.93527765769532e-08
B0,31.97859026041667,3.299340255795982,9.280803613770046e-08
B0,32.045913608333336,3.299385564899702,8.647418463164233e-08
B0,32.11323695625,3.34561996072132,8.020909395422365e-08
B0,32.18056030416667,3.4782086028072925,7.382297193508758e-08
B0,32.24788365208334,3.6778202994200613,6.721405741552067e-08
A2,0.0,4.205471634855356,1.3728597762228983e-07
A2,0.06810152314814816,3.7289270627955373,1.1896037432219682e-07
A2,0.13620304629629632,3.32814174830185,1.0097175443882176e-07
A2,0.20430456944444444,3.062239014146907,8.327914232704649e-08
A2,0.27240609259259263,2.969479625115146,6.565922084772637e-08
A2,0.34050761574074073,2.9694609152626272,4.7778482433617375e-08
A2,0.4086091388888889,2.969478635068559,2.9532111499027858e-08
A2,0.47671066203703705,2.96946013852669,1.1185147298824774e-08
A2,0.5448121851851853,2.9694775899176333,-6.909388709722372e-09
A2,0.6129137083333334,2.9694593203741078,-2.4590154872119032e-08
A2,0.6810152314814815,2.9694765462816326,-4.1811100326302974e-08
A2,0.7491167546296297,2.969458543737436,-5.8545311065433655e-08
A2,0.8172182777777778,2.9694756577435593,-7.492988819401212e-08
A2,0.885319800925926,2.9694579575603,-9.130304193676466e-08
A2,0.9534213240740741,2.9694750437975763,-1.0784237040817307e-07
A2,1.0215228472222224,2.969457722036161,-1.2428575307247302e-07
A2,1.0896243703703705,2.9694748478676014,-1.4019094723332391e-07
A2,1.1577258935185186,2.9694578668011795,-1.5537091395662823e-07
A2,1.2258274166666667,2.969475072728669,-1.698994948373046e-07
A2,1.2939289398148148,2.96945849222838,-1.8386732519455188e-07
A2,1.362030462962963,2.9694758777796877,-1.973746701437511e-07
A2,1.4301319861111113,2.9694597375065053,-2.106486546472426e-07
A2,1.4982335092592594,2.9694773984617657,-2.2384373778358912e-07
A2,1.5663350324074075,2.9694617120299105,-2.367428172876249e-07
A2,1.6344365555555556,2.9694796804707266,-2.4889622828299984e-07
A2,1.7025380787037037,2.9694644645303567,-2.6008504787522366e-07
A2,1.770639601851852,2.9694828105294313,-2.7044999945671973e-07
A2,1.838741125,2.9694680889991716,-2.8020726049863237e-07
A2,1.9068426481481482,2.9694868828990435,-2.894651847276643e-07
A2,1.9749441712962963,2.969472630149203,-2.983184678078012e-07
A2,2.043045694444445,2.9694919063441647,-3.0682488959739433e-07
A2,2.1111472175925927,2.9694781441552918,-3.148011544733588e-07
A2,2.179248740740741,2.969497944693399,-3.2185457044786353e-07
A2,2.247350263888889,2.9694846653614477,-3.277609708125288e-07
A2,2.3154517870370372,2.969505067538234,-3.326770267797618e-07
A2,2.3835533101851856,2.9694922866580993,-3.369214156136873e-07
A2,2.4516548333333334,2.9695133210539533,-3.406771512643643e-07
A2,2.5197563564814818,2.9695010121853,-3.43961171924899e-07
A2,2.5878578796296297,2.969522727728475,-3.466796525694207e-07
A2,2.655959402777778,2.969510891132398,-3.485972843830561e-07
A2,2.724060925925926,2.9695333193626587,-3.4939493834066675e-07
A2,2.7921624490740737,2.9695219174272003,-3.489323775685071e-07
A2,2.8602639722222225,2.9695451061876272,-3.4739851452802113e-07
A2,2.928365495370371,2.969534105195344,-3.4512782697171966e-07
A2,2.9964670185185187,2.969558063277327,-3.4230982817529745e-07
A2,3.064568541666667,2.969547429295185,-3.3890470292498026e-07
A2,3.132670064814815,2.969572192629783,-3.3469620245044194e-07
A2,3.2007715879629632,2.969561880425318,-3.293536811509615e-07
A2,3.268873111111111,2.9695874513065688,-3.2257311911736827e-07
A2,3.3369746342592594,2.969577391313457,-3.143203915877271e-07
A2,3.4050761574074073,2.969603776047035,-3.048886585962506e-07
A2,3.473177680555556,2.9695939153806448,-2.946272749702756e-07
A2,3.541279203703704,2.9696211592823016,-2.836152150473709e-07
A2,3.6093807268518523,2.9696114450008926,-2.716062919623324e-07
A2,3.67748225,2.9696395365354604,-2.581661835054194e-07
A2,3.7455837731481485,2.969629873702839,-2.428266231702426e-07
A2,3.8136852962962964,2.9696588047918047,-2.2527485728389068e-07
A2,3.8817868194444447,2.969649085738903,-2.0557315740393185e-07
A2,3.9498883425925926,2.9696788279799757,-1.8410478373970694e-07
A2,4.0179898657407405,2.9696689373470666,-1.6112531902941963e-07
A2,4.08609138888889,2.9696994928595974,-1.3631168144781315e-07
A2,4.154192912037037,2.9696893091702488,-1.0878042973892485e-07
A2,4.222294435185185,2.9697206155889355,-7.746887227464632e-08
A2,4.290395958333334,2.969709978397194,-4.149011773675809e-08
A2,4.358497481481482,2.969742035402837,-3.3040543768564714e-10
A2,4.4265990046296295,2.9697307781988194,4.606334404294947e-08
A2,4.494700527777778,2.969763550586383,9.754050495214035e-08
A2,4.562802050925926,2.969751775072513,1.545076588496617e-07
A2,4.6309035740740745,2.9697853070328124,2.1871185175899808e-07
A2,4.699005097222223,2.969772422425606,2.93223158531356e-07
A2,4.767106620370371,2.969806370979975,3.815220464420617e-07
A2,4.835208143518519,2.9697920620413263,4.864687337832692e-07
A2,4.903309666666667,2.9698262162938454,6.099520178036947e-07
A2,4.971411189814814,2.969810227722767,7.53379485627046e-07
A2,5.0395127129629635,2.9698444222616702,9.188629606003365e-07
A2,5.107614236111112,2.969826042170663,1.1108160251173325e-06
A2,5.175715759259259,2.969859663709279,1.3372480295335242e-06
A2,5.243817282407408,2.969838107144707,1.6096669420087231e-06
A2,5.311918805555556,2.969870466632844,1.9412695184864067e-06
A2,5.380020328703704,2.9698447337900196,2.344614797374835e-06
A2,5.448121851851852,2.969874875920057,2.8307682476279773e-06
A2,5.516223375,2.969843481579975,3.411078270637189e-06
A2,5.5843248981481475,2.9698698791862554,4.101229959695041e-06
A2,5.652426421296297,2.9698307054192603,4.925989871701439e-06
A2,5.720527944444445,2.9698511231260514,5.922466720673603e-06
A2,5.7886294675925924,2.96980118872854,7.139920971362478e-06
A2,5.856730990740742,2.969812414485331,8.635915430586535e-06
A2,5.924832513888889,2.969747438810235,1.0471489253467728e-05
A2,5.992934037037037,2.969744595856443,1.2710004561460917e-05
A2,6.061035560185185,2.969658161832843,1.5423186881692265e-05
A2,6.129137083333334,2.969633852596748,1.8704119358650282e-05
A2,6.1972386064814815,2.9695164865579082,2.2682844349671094e-05
A2,6.26534012962963,2.9694597415293993,2.7538129852506568e-05
A2,6.333441652777778,2.969297618792253,3.350012151964473e-05
A2,6.4015431759259265,2.9691921869993942,4.0843714747781646e-05
A2,6.469644699074075,2.968964738848119,4.987999064032916e-05
A2,6.537746222222222,2.9687859760175392,6.095842864333664e-05
A2,6.605847745370371,2.968462150256186,7.449062953266619e-05
A2,6.673949268518519,2.9681727625518817,9.099652328058894e-05
A2,6.742050791666667,2.967706092699713,0.0001111617189850335
A2,6.810152314814815,2.9672503106386805,0.00013588730472720032
A2,6.878253837962963,2.9665716395368626,0.00016631637981269135
A2,6.946355361111112,2.965865708631791,0.0002038365688396835
A2,7.01445688425926,2.96487078363275,0.00025007987162877225
A2,7.082558407407408,2.963787568729019,0.00030695812127242735
A2,7.150659930555555,2.9623183142039857,0.0003767696328285255
A2,7.218761453703705,2.960665067314254,0.0004623863584991647
A2,7.286862976851852,2.9584830701616704,0.0005674933851135153
A2,7.3549645,2.9559692142729594,0.0006968266394826729
A2,7.423066023148148,2.9527153149197396,0.0008563602700113291
A2,7.491167546296297,2.9489012101692285,0.0010534400626755354
A2,7.559269069444445,2.9440302980272,0.0012969300420605835
A2,7.627370592592593,2.9382459926076856,0.0015974993625554616
A2,7.695472115740741,2.930927071500766,0.001968180118385244
A2,7.763573638888889,2.9221510267521054,0.002425253057662586
A2,7.831675162037038,2.91111925569512,0.002989395568562873
A2,7.899776685185185,2.8977967434674428,0.0036869241503643315
A2,7.9678782083333335,2.881125770200733,0.004550957005432938
A2,8.035979731481481,2.860882009807398,0.0056224530292663605
A2,8.10408125462963,2.835621058723184,0.006951322664134381
A2,8.17218277777778,2.804808776730708,0.008598036622899874
A2,8.240284300925927,2.766422536269674,0.010636208063713277
A2,8.308385824074074,2.719439869877104,0.013156367327738304
A2,8.376487347222222,2.66097433439477,0.01627061436066322
A2,8.44458887037037,2.5892496649595347,0.02011722965188528
A2,8.512690393518518,2.5000778768465883,0.02486395411753075
A2,8.580791916666668,2.3905360337819834,0.030708772326220008
A2,8.648893439814815,2.2544688125974495,0.037877696679783274
A2,8.716994962962964,2.0872817910932238,0.04661992778525568
A2,8.785096486111112,1.8799215898098272,0.057201166992995656
A2,8.853198009259259,1.6254121117523517,0.06989505301958149
A2,8.921299532407408,1.3133802243044157,0.08497049611758455
A2,8.989401055555556,0.9711891639415431,0.10266849315516778
A2,9.057502578703705,0.5451842018500411,0.12308471537016785
A2,9.125604101851852,-0.06527502192852302,0.145921173508078
A2,9.193705625,-0.9024387490991349,0.17044871184267818
A2,9.261807148148149,-1.9597004922808838,0.19559737689578144
A2,9.329908671296296,-3.188628547492437,0.2201015593333224
A2,9.398010194444446,-4.524461127395365,0.2426885745078093
A2,9.466111717592593,-5.896063404825674,0.2622964546056714
A2,9.534213240740742,-7.238521606028767,0.278292366238813
A2,9.60231476388889,-8.496399743714578,0.2906420013350583
A2,9.670416287037037,-9.625206137075578,0.29997341434633484
A2,9.738517810185185,-10.593990440709373,0.3074862274248095
A2,9.806619333333334,-11.35781563454553,0.3147029418035907
A2,9.874720856481483,-11.884717668177853,0.32310739406021893
A2,9.942822379629629,-12.211267854037485,0.3337640713023241
A2,10.010923902777778,-12.382644867760712,0.3470233798494365
A2,10.079025425925927,-12.481159266684989,0.362516833188897
A2,10.147126949074075,-12.538037841335706,0.3800379687652687
A2,10.215228472222224,-12.569062380718103,0.40014237434053784
A2,10.28332999537037,-12.599123933463101,0.4240460801462006
A2,10.351431518518519,-12.647579345922795,0.45334898179033756
A2,10.419533041666668,-12.733798686415723,0.4896508090485505
A2,10.487634564814815,-12.876555399602811,0.5341153517711742
A2,10.555736087962963,-13.095626073151601,0.5870389556499115
A2,10.623837611111112,-13.409708112878421,0.6474860419418702
A2,10.69193913425926,-13.828075382917683,0.713058198572155
A2,10.760040657407409,-14.335623835608152,0.7798568301841717
A2,10.828142180555558,-14.875365907363802,0.8427027064148354
A2,10.896243703703703,-15.340562305479963,0.8956245754172737
A2,10.964345226851853,-15.621023173296772,0.9326067815516438
A2,11.03244675,-15.71684294880585,0.9485835209525316
A2,11.10054827314815,-15.626971103314204,0.9403558001204535
A2,11.168649796296295,-15.336876642589475,0.9071463899254434
A2,11.236751319444444,-14.844243779761868,0.8507609782291452
A2,11.304852842592593,-14.150326343291598,0.7753230836926289
A2,11.37295436574074,-13.266104323389005,0.6866430772011725
A2,11.44105588888889,-12.208284739017472,0.5913657805971528
A2,11.509157412037037,-11.003970251170164,0.49607581009009416
A2,11.577258935185185,-9.68729222783522,0.4065294200148636
A2,11.645360458333334,-8.302582593590277,0.3271155891808953
A2,11.713461981481483,-6.898872025935282,0.26058023454913537
A2,11.781563504629629,-5.529926584796086,0.2079926591243569
A2,11.849665027777778,-4.244824074909207,0.1689119920320582
A2,11.917766550925926,-3.0869577777393955,0.1417120228172648
A2,11.985868074074075,-2.0871014807526618,0.12403446960127637
A2,12.053969597222224,-1.266495898372925,0.11332965208579007
A2,12.12207112037037,-0.6365456528216249,0.10742118227358059
A2,12.190172643518519,-0.20932068283178856,0.10499826198249786
A2,12.258274166666668,0.07397909753607448,0.10564552998565045
A2,12.326375689814816,0.2575534032493513,0.10914537560220278
A2,12.394477212962963,0.3811879619854467,0.11531366853315879
A2,12.46257873611111,0.4386197197276017,0.1240531716372055
A2,12.53068025925926,0.4228968715462022,0.13535855582514647
A2,12.598781782407409,0.3200973752790151,0.14925007874996504
A2,12.666883305555556,0.027550590843613033,0.1655615748016124
A2,12.734984828703704,-0.505692912214758,0.1838087154972788
A2,12.803086351851853,-1.2844194286649955,0.20318603271942304
A2,12.871187875,-2.26164130766957,0.2226350529506859
A2,12.93928939814815,-3.3740840707552437,0.24098769491016445
A2,13.007390921296295,-4.544165198036084,0.2571735547666482
A2,13.075492444444444,-5.703823486334636,0.27045024961411024
A2,13.143593967592594,-6.788589913108598,0.2805902256742108
A2,13.211695490740741,-7.751382451284468,0.28794927857248936
A2,13.27979701388889,-8.55155566508132,0.2933717374797451
A2,13.347898537037038,-9.164294143070041,0.2979378723189116
A2,13.416000060185185,-9.568841398610886,0.3026235805070354
A2,13.484101583333334,-9.759379774164714,0.30797987781428454
A2,13.552203106481484,-9.73361921142491,0.31393971169930923
A2,13.62030462962963,-9.504113720267986,0.31981971761193206
A2,13.688406152777779,-9.08515073173662,0.32451929143617
A2,13.756507675925926,-8.50732083674898,0.3268549700050912
A2,13.824609199074075,-7.775109976600658,0.3259256954465574
A2,13.892710722222224,-6.92589323177963,0.32139867368262504
A2,13.96081224537037,-6.053501667023526,0.3136331202659142
A2,14.02891376851852,-5.268617351382097,0.30360856845834866
A2,14.097015291666667,-4.707495625484442,0.29287316166896776
A2,14.165116814814816,-4.446313939020181,0.28406784359270204
A2,14.233218337962963,-4.534505198019209,0.2808090431726025
A2,14.30131986111111,-4.99820041927255,0.28697277472428073
A2,14.36942138425926,-5.799272527610775,0.30594820578591314
A2,14.43752290740741,-6.839196157151916,0.3399937782827789
A2,14.505624430555557,-7.966535782788212,0.38977350601427774
A2,14.573725953703704,-9.118203126251503,0.4541951387674106
A2,14.641827476851851,-10.263148078287074,0.5304926071407875
A2,14.709929,-11.342496778066506,0.6143342257373576
A2,14.77803052314815,-12.313266969023646,0.7000879563184903
A2,14.846132046296296,-13.137845441300744,0.781301185174441
A2,14.914233569444445,-13.790776609107905,0.8513788833708542
A2,14.982335092592594,-14.253675789928279,0.9043964179397826
A2,15.050436615740741,-14.517416797374903,0.9359094945715101
A2,15.11853813888889,-14.580518138886465,0.9436029703737625
A2,15.186639662037036,-14.448493962956919,0.9276337983346472
A2,15.254741185185186,-14.137430658406346,0.8905873767770834
A2,15.322842708333335,-13.655945749231256,0.8370561196105487
A2,15.390944231481482,-13.004494818900588,0.7729275973613534
A2,15.45904575462963,-12.294634028446483,0.7044363649178977
A2,15.527147277777779,-11.642918525552604,0.6372218719869316
A2,15.595248800925926,-11.115539952887804,0.5757084470736591
A2,15.663350324074075,-10.735836901243115,0.5227549868894615
A2,15.731451847222225,-10.49921403531822,0.47956189820302314
A2,15.79955337037037,-10.387622173013083,0.4458058874705502
A2,15.86765489351852,-10.37678521201826,0.41997163019219663
A2,15.935756416666667,-10.438999562446215,0.3998382099269118
A2,16.003857939814818,-10.545498822049566,0.38306094834595017
A2,16.071959462962962,-10.663911300304832,0.36775650918684705
A2,16.140060986111113,-10.767670193041155,0.35297682972711836
A2,16.20816250925926,-10.826530978485298,0.3389496946221537
A2,16.276264032407408,-10.751775518524012,0.3266117525100091
A2,16.34436555555556,-10.483517933631457,0.3164979555075528
A2,16.412467078703703,-9.97426461194686,0.3084155743048117
A2,16.480568601851854,-9.233658206876147,0.3014945491333218
A2,16.548670125,-8.303943454137343,0.29441600094348463
A2,16.61677164814815,-7.204955266811429,0.28575692336450653
A2,16.684873171296296,-5.971560216411168,0.2743482880618189
A2,16.752974694444443,-4.645551619289099,0.25954263058391924
A2,16.821076217592594,-3.284263043287791,0.24133085763582177
A2,16.88917774074074,-1.951861425932547,0.2203000706261041
A2,16.95727926388889,-0.7214738310879328,0.19747566807458763
A2,17.025380787037037,0.3408128008147768,0.17410623368585537
A2,17.093482310185184,1.1829673558032823,0.15144608471691853
A2,17.161583833333335,1.7941819169209945,0.1305687029198413
A2,17.229685356481482,2.211341679083369,0.11222676638106463
A2,17.29778687962963,2.531208168438244,0.09676766860294042
A2,17.365888402777777,2.8121082730637563,0.08416327903606259
A2,17.43398992592593,3.0252199314149495,0.07424830941480397
A2,17.502091449074076,3.176295306567475,0.06684632202126356
A2,17.570192972222223,3.2705570841027978,0.06179545341671927
A2,17.63829449537037,3.313282600584165,0.05896495339807466
A2,17.706396018518518,3.3059599656150356,0.05827161488665425
A2,17.77449754166667,3.2499140800860564,0.059699297369965605
A2,17.842599064814817,3.143227878343924,0.06331978107768083
A2,17.910700587962964,2.9833542998784095,0.06930799737648777
A2,17.97880211111111,2.768366820959065,0.07793983178481152
A2,18.04690363425926,2.4957717172912752,0.08955806229635682
A2,18.11500515740741,2.1501806441601623,0.10449627226915101
A2,18.183106680555557,1.6777952679057777,0.12321680729834619
A2,18.251208203703705,1.148163370069234,0.14786945707601684
A2,18.319309726851852,0.5980852478986219,0.18289484129813863
A2,18.38741125,0.036064624015220106,0.23387724317515587
A2,18.45551277314815,-0.4948616425063382,0.3059981264301396
A2,18.523614296296298,-1.075813641355629,0.40238754209686967
A2,18.591715819444445,-1.804535849157107,0.5226956460719391
A2,18.659817342592593,-2.723195370444924,0.6623809930632646
A2,18.727918865740744,-3.816904321427489,0.8127645887093609
A2,18.79602038888889,-5.037850266037997,0.9618741101550186
A2,18.86412191203704,-6.317409378742355,1.0960011876097142
A2,18.932223435185186,-7.587108111817106,1.201758363490134
A2,19.000324958333334,-8.779473021788874,1.2682606998522707
A2,19.068426481481485,-9.840211626283182,1.2890036180880589
A2,19.13652800462963,-10.721043301544457,1.2630058888268396
A2,19.20462952777778,-11.3878556408056,1.1949416252036256
A2,19.272731050925927,-11.810146969432173,1.0942183277983495
A2,19.340832574074074,-11.970640097529705,0.9732155465319479
A2,19.408934097222225,-11.855281119661566,0.8450929303857991
A2,19.47703562037037,-11.464504674449767,0.7216667909977057
A2,19.54513714351852,-10.800613788247318,0.6117498064234104
A2,19.613238666666668,-9.881134710531338,0.5202613249305417
A2,19.681340189814815,-8.721494000939614,0.4481339977522559
A2,19.749441712962966,-7.35256636229345,0.3929563574727133
A2,19.81754323611111,-5.809979667596468,0.3501421033687482
A2,19.885644759259257,-4.176530112289965,0.31439688613046285
A2,19.95374628240741,-2.5237406862508918,0.28122875066805114
A2,20.021847805555556,-1.0027737056558317,0.2482357944327599
A2,20.089949328703707,0.2879549818577619,0.2156224339853332
A2,20.158050851851854,1.3478664229617294,0.18458851500416712
A2,20.226152374999998,2.152694997239002,0.1560958608984345
A2,20.29425389814815,2.739362807207646,0.13075439333652922
A2,20.362355421296296,3.1938799314534334,0.10878243381900395
A2,20.430456944444447,3.602445224649663,0.09002404111546511
A2,20.498558467592595,3.9425019249959203,0.07416098601511104
A2,20.56665999074074,4.220551056657269,0.06086077344650888
A2,20.63476151388889,4.446463810875733,0.0497973448909398
A2,20.702863037037037,4.631403525236256,0.04065834293756956
A2,20.770964560185188,4.7811898886012765,0.03315073662273856
A2,20.839066083333336,4.90392083150064,0.027006880623310213
A2,20.90716760648148,5.003107667383865,0.02199008140943758
A2,20.97526912962963,5.084520744884728,0.01789784126595264
A2,21.043370652777778,5.150167628882367,0.014561702291080265
A2,21.111472175925925,5.204198764956408,0.011843955519998225
A2,21.179573699074076,5.247649413439062,0.009632503044017332
A2,21.247675222222224,5.283556371206409,0.007835458605442283
A2,21.31577674537037,5.312329498863902,0.006376691472929159
A2,21.38387826851852,5.336237034750446,0.005192782585322582
A2,21.451979791666666,5.355294507477902,0.00423117337601086
A2,21.520081314814817,5.371240728211001,0.0034489348704318298
A2,21.588182837962965,5.383853598310714,0.0028116182032351684
A2,21.656284361111116,5.394506908438678,0.002291919691658349
A2,21.72438588425926,5.402841623022574,0.0018681947393672162
A2,21.792487407407407,5.4099743219706316,0.0015230359548275133
A2,21.860588930555558,5.415469763088522,0.0012421415076037843
A2,21.928690453703705,5.420258640250988,0.001013580314919971
A2,21.996791976851856,5.423868595385267,0.0008274037254452891
A2,22.0648935,5.427094033038265,0.000675450913184137
A2,22.132995023148148,5.429450738261704,0.000551186908361391
A2,22.2010965462963,5.431631821365689,0.00044947795548918115
A2,22.269198069444446,5.433156684140912,0.00036629659553614005
A2,22.33729959259259,5.434640771534377,0.00029841225851199964
A2,22.40540111574074,5.435615365426943,0.00024313855093029916
A2,22.47350263888889,5.436634478118144,0.00019818008649782122
A2,22.54160416203704,5.437245878042794,0.0001615741067565003
A2,22.609705685185187,5.43795414524327,0.0001316858621398096
A2,22.677807208333334,5.438326212152839,0.00010720841214041238
A2,22.74590873148148,5.4388262962717775,8.713460853323812e-05
A2,22.81401025462963,5.439041602595472,7.069626593435947e-05
A2,22.88211177777778,5.439402455916295,5.7287959981459995e-05
A2,22.950213300925927,5.439516170487563,4.6400805634122974e-05
A2,23.018314824074075,5.4397839582200564,3.75841404341326e-05
A2,23.086416347222226,5.439832564376786,3.0436949162704794e-05
A2,23.15451787037037,5.440037887393368,2.4617171945503823e-05
A2,23.22261939351852,5.440045295966773,1.9852474984027e-05
A2,23.290720916666668,5.4402084449853945,1.5940711016954562e-05
A2,23.358822439814816,5.440190440477008,1.2737071997888622e-05
A2,23.426923962962967,5.440325112761383,1.0133121689883489e-05
A2,23.49502548611111,5.440292184232303,8.03673892874016e-06
A2,23.563127009259258,5.440407592323914,6.360465458005498e-06
A2,23.63122853240741,5.440366535929942,5.020191494155523e-06
A2,23.699330055555556,5.440468716148726,3.940680103301728e-06
A2,23.767431578703707,5.44042381123189,3.062048747805214e-06
A2,23.83553310185185,5.440516714924746,2.342604081798227e-06
A2,23.903634625,5.440470794275447,1.7563947471529762e-06
A2,23.97173614814815,5.440557721763967,1.2869310998041893e-06
A2,24.039837671296297,5.440512854324617,9.202587413560631e-07
A2,24.107939194444448,5.440594981791707,6.405548725367017e-07
A2,24.176040717592596,5.440551682666295,4.295966046497247e-07
A2,24.24414224074074,5.440630144543019,2.6926183105062524e-07
A2,24.31224376388889,5.440588969867698,1.4482276695931087e-07
A2,24.380345287037038,5.440664517866262,4.696722704192226e-08
A2,24.44844681018519,5.4406258261677936,-2.8429825115725262e-08
A2,24.516548333333336,5.440699146588775,-8.237419605220716e-08
A2,24.58464985648148,5.440662928254147,-1.1545441702912154e-07
A2,24.65275137962963,5.440734110583611,-1.2982207558910653e-07
A2,24.72085290277778,5.440700288459726,-1.2968143555381812e-07
A2,24.788954425925926,5.4407695645836105,-1.2029202680676645e-07
A2,24.857055949074077,5.440738017838234,-1.0627563964783792e-07
A2,24.92515747222222,5.440805500144804,-9.026424537360505e-08
A2,24.993258995370372,5.440776065919993,-7.264645812145158e-08
A2,25.06136051851852,5.440841788041422,-5.238395528413052e-08
A2,25.129462041666667,5.440814266449044,-2.8314223685777154e-08
A2,25.197563564814818,5.440878282261034,-1.9899256851555723e-10
A2,25.26566508796296,5.440852505316072,3.090091346256884e-08
A2,25.333766611111113,5.440914838278347,6.302385721098709e-08
A2,25.40186813425926,5.440890621809344,9.418981163608307e-08
A2,25.469969657407407,5.440951224227264,1.232723458843146e-07
A2,25.53807118055556,5.440928339890975,1.5034101818347398e-07
A2,25.606172703703706,5.440987212054784,1.763535024692507e-07
A2,25.674274226851853,5.440965496212116,2.0244061004158116e-07
A2,25.74237575,5.441022647532271,2.2921923994393116e-07
A2,25.810477273148148,5.4410019707676005,2.564242176429649e-07
A2,25.8785787962963,5.441057405818177,2.8303080694630973e-07
A2,25.946680319444447,5.441037596560492,3.07803748735505e-07
A2,26.01478184259259,5.4410912642154665,3.2999673310072913e-07
A2,26.08288336574074,5.441072134926756,3.4973968353600464e-07
A2,26.15098488888889,5.441124006474203,3.678756758962763e-07
A2,26.21908641203704,5.441105428781282,3.853769013394943e-07
A2,26.287187935185187,5.441155525494068,4.027738236664344e-07
A2,26.35528945833333,5.4411374292284105,4.199078563855968e-07
A2,26.423390981481482,5.4411857684914215,4.3608657994962983e-07
A2,26.49149250462963,5.441168015394642,4.5048207552528447e-07
A2,26.55959402777778,5.441214563075097,4.625887712730197e-07
A2,26.627695550925928,5.441197031394452,4.7250501694051983e-07
A2,26.695797074074076,5.4412417899192915,4.808769059271231e-07
A2,26.763898597222223,5.441224398893559,4.884872813236954e-07
A2,26.83200012037037,5.4412674079834815,4.957816816406791e-07
A2,26.90010164351852,5.441250114816421,5.026590892596744e-07
A2,26.96820316666667,5.441291393487819,5.086301077607758e-07
A2,27.036304689814816,5.441274107873404,5.13113372999338e-07
A2,27.104406212962967,5.441313680309057,5.157019534741816e-07
A2,27.17250773611111,5.4412963572915505,5.16376301905201e-07
A2,27.24060925925926,5.441334262195343,5.156194608586632e-07
A2,27.30871078240741,5.4413168628809325,5.141961149443263e-07
A2,27.376812305555557,5.441353144519676,5.126210732305391e-07
A2,27.444913828703708,5.441335626715594,5.107730210934567e-07
A2,27.513015351851852,5.441370298471398,5.080844676854692e-07
A2,27.581116875,5.441352641725828,5.040457006700036e-07
A2,27.64921839814815,5.441385785282779,4.984767961779869e-07
A2,27.717319921296298,5.441367962006346,4.914658464327822e-07
A2,27.78542144444445,5.441399596439062,4.833322948012326e-07
A2,27.853522967592593,5.441381599646459,4.74625722660363e-07
A2,27.92162449074074,5.441411797366614,4.658558586046553e-07
A2,27.98972601388889,5.441393613070185,4.570340526389415e-07
A2,28.05782753703704,5.441422443210429,4.476329581490718e-07
A2,28.12592906018519,5.441404099454018,4.370965920535179e-07
A2,28.194030583333333,5.441431640005135,4.252888403725161e-07
A2,28.26213210648148,5.441413143039862,4.1241233278961424e-07
A2,28.33023362962963,5.441439439453158,3.987681191715187e-07
A2,28.39833515277778,5.441420781995281,3.847407857359055e-07
A2,28.466436675925927,5.441445916265052,3.707571964260396e-07
A2,28.534538199074078,5.441427132426752,3.5692187511855414e-07
A2,28.60263972222222,5.441451150027135,3.427935216392899e-07
A2,28.670741245370372,5.4414322529477035,3.27778627339202e-07
A2,28.73884276851852,5.441455256848309,3.1173137511774786e-07
A2,28.806944291666667,5.441436256586193,2.9498265943301126e-07
A2,28.87504581481482,5.441458328316484,2.779136484585033e-07
A2,28.943147337962962,5.441439297426596,2.607542598664051e-07
A2,29.011248861111113,5.441460523605995,2.437063479098733e-07
A2,29.07935038425926,5.441441452581124,2.2687203896963363e-07
A2,29.147451907407408,5.441461857725861,2.100012892853501e-07
A2,29.21555343055556,5.348665289129783,1.926038724668197e-07
A2,29.283654953703703,5.0828010970027435,1.7446618714009834e-07
A2,29.351756476851854,4.681978167543654,1.5587499859011748e-07
B1,0.0,4.187774451274076,-1.631948285109426e-07
B1,0.06732334791666666,4.172314965292661,-1.6861493454535465e-07
B1,0.13464669583333333,4.159253773531677,-1.7710269506973823e-07
B1,0.20197004375,4.150626545695724,-1.880541702938688e-07
B1,0.26929339166666666,4.147579659926338,-1.9929511399070564e-07
B1,0.3366167395833333,4.147606070988837,-2.082942452359627e-07
B1,0.4039400875,4.147581251820782,-2.136667889815465e-07
B1,0.4712634354166667,4.147607774937124,-2.1595121277393792e-07
B1,0.5385867833333333,4.147583530016881,-2.171821170182295e-07
B1,0.60591013125,4.147610177507758,-2.1971536964922902e-07
B1,0.6732334791666666,4.14758649605639,-2.2500711556071621e-07
B1,0.7405568270833334,4.147613268107746,-2.328574105494687e-07
B1,0.807880175,4.147590167440932,-2.4141826076729887e-07
B1,0.8752035229166667,4.147617102104673,-2.48152445934981e-07
B1,0.9425268708333334,4.147594618608105,-2.513101478414225e-07
B1,1.00985021875,4.147621750116813,-2.509776396548322e-07
B1,1.0771735666666666,4.147599885080227,-2.4894542516623137e-07
B1,1.1444969145833332,4.147627216556994,-2.47622344340774e-07
B1,1.2118202625,4.147605967947877,-2.4873494433203386e-07
B1,1.2791436104166667,4.1476334841214255,-2.5246231575972863e-07
B1,1.3464669583333333,4.147612840702975,-2.5728110836338183e-07
B1,1.4137903062500001,4.147640566116033,-2.607115866621505e-07
B1,1.4811136541666667,4.147620538440138,-2.6070682933248197e-07
B1,1.5484370020833333,4.1476484835718646,-2.56901396146296e-07
B1,1.61576035,4.147629058855052,-2.507954415590083e-07
B1,1.6830836979166668,4.147657210016476,-2.448142290753056e-07
B1,1.7504070458333334,4.14763838636712,-2.409245246634391e-07
B1,1.81773039375,4.147666747107295,-2.396431369939034e-07
B1,1.8850537416666668,4.147648499868739,-2.3976963766529847e-07
B1,1.9523770895833334,4.1476770736287305,-2.3896969263958444e-07
B1,2.0197004375,4.1476594018002455,-2.3500627219391158e-07
B1,2.0870237854166667,4.147688164031049,-2.27062746220895e-07
B1,2.1543471333333333,4.147671034527549,-2.1624490311884024e-07
B1,2.2216704812500003,4.147699975587956,-2.04920029531728e-07
B1,2.2889938291666665,4.147683360247181,-1.9532034796958135e-07
B1,2.3563171770833335,4.147712455222511,-1.883445310422483e-07
B1,2.423640525,4.1476963206792,-1.8309977586855248e-07
B1,2.4909638729166668,4.147725555613315,-1.773758536259056e-07
B1,2.5582872208333334,4.147709889192876,-1.687964578483118e-07
B1,2.62561056875,4.147739228489002,-1.5616795705702634e-07
B1,2.6929339166666666,4.147723968192121,-1.401865307863279e-07
B1,2.760257264583333,4.147753379882657,-1.2305436106825868e-07
B1,2.8275806125000003,4.1477384901446515,-1.0718276195262222e-07
B1,2.894903960416667,4.147767933532581,-9.385670499219022e-08
B1,2.9622273083333335,4.147753356808087,-8.254355855176244e-08
B1,3.02955065625,4.147782802133044,-7.119568996137155e-08
B1,3.0968740041666667,4.14776849150613,-5.7313609255343314e-08
B1,3.1641973520833333,4.147797887139106,-3.932278799732735e-08
B1,3.2315207,4.14778378290381,-1.7460629979610925e-08
B1,3.298844047916667,4.147813080901152,6.331144023233066e-09
B1,3.3661673958333336,4.147799121453828,2.9545191311129372e-08
B1,3.43349074375,4.147828323252599,5.0529541837852214e-08
B1,3.500814091666667,4.1478144801073675,6.943912823264609e-08
B1,3.5681374395833334,4.147843468559405,8.817258926563218e-08
B1,3.6354607875,4.147829618010782,1.0942388070224106e-07
B1,3.7027841354166666,4.147858333784763,1.35253436052298e-07
B1,3.7701074833333337,4.1478443966441665,1.6600101734148693e-07
B1,3.8374308312500003,4.147872759962729,2.0012206933643686e-07
B1,3.904754179166667,4.147858622778979,2.3517477137126667e-07
B1,3.9720775270833335,4.147886521258061,2.693184348933457e-07
B1,4.039400875,4.14787204559004,3.025140269826857e-07
B1,4.106724222916666,4.147899374892182,3.367040893222032e-07
B1,4.174047570833333,4.147884454396447,3.750196800618129e-07
B1,4.2413709187499995,4.147911128827619,4.2037765522724303e-07
B1,4.3086942666666666,4.147895633464336,4.7424647029784273e-07
B1,4.376017614583334,4.147921522642678,5.361531036823956e-07
B1,4.443340962500001,4.147905257025368,6.043814419307718e-07
B1,4.510664310416667,4.147930155488461,6.775034611176691e-07
B1,4.577987658333333,4.1479128840301565,7.559830259403798e-07
B1,4.64531100625,4.147936566809405,8.428238824969114e-07
B1,4.712634354166667,4.147918010608214,9.430211912114585e-07
B1,4.779957702083333,4.147940203152312,1.0621248249036035e-06
B1,4.84728105,4.1479200101060645,1.2048100625575503e-06
B1,4.9146043979166665,4.147940325906459,1.3740866011486048e-06
B1,4.9819277458333335,4.147918004908373,1.57173374126145e-06
B1,5.049251093750001,4.147935941163305,1.7998734467514497e-06
B1,5.116574441666667,4.147910889786264,2.0631317905161176e-06
B1,5.183897789583333,4.147925730375097,2.3701352055842318e-06
B1,5.2512211375,4.147897006840842,2.733627730973009e-06
B1,5.318544485416667,4.147907772824692,3.1692194292147865e-06
B1,5.385867833333333,4.147874201726629,3.6937753895211668e-06
B1,5.45319118125,4.147879431827561,4.324311236293918e-06
B1,5.520514529166666,4.147839178867452,5.078249014080519e-06
B1,5.5878378770833335,4.147836819306232,5.9753023147494775e-06
B1,5.6551612250000005,4.147787402678959,7.040838151455571e-06
B1,5.722484572916667,4.147774570154117,8.30936365955989e-06
B1,5.789807920833334,4.147712392889691,9.826700838240029e-06
B1,5.85713126875,4.1476848561712885,1.1650020105617782e-05
B1,5.924454616666667,4.147604956420785,1.3846568868401847e-05
B1,5.991777964583334,4.147556912191193,1.6492492787207844e-05
B1,6.0591013125,4.147451890189207,1.967350115410056e-05
B1,6.126424660416666,4.1473744549455365,2.3488540987629832e-05
B1,6.193748008333333,4.147233677419337,2.8057018677556686e-05
B1,6.26107135625,4.147114257657293,3.3528109854458214e-05
B1,6.328394704166667,4.146922487199436,4.0089511891504765e-05
B1,6.395718052083334,4.146743003714901,4.797304511887368e-05
B1,6.4630414,4.146478393892239,5.745701879807004e-05
B1,6.530364747916667,4.14621279553757,6.886750885538826e-05
B1,6.597688095833334,4.1458437949619915,8.258258294484869e-05
B1,6.66501144375,4.145454343890766,9.904350953688935e-05
B1,6.732334791666667,4.144935364880396,0.00011877581870190704
B1,6.799658139583333,4.144367611139959,0.00014241907775657464
B1,6.8669814875,4.143633071389048,0.00017076027333928648
B1,6.9343048354166665,4.142808753285612,0.00020476389405445084
B1,7.001628183333334,4.1417644554981825,0.0002455953699430695
B1,7.06895153125,4.140570955575326,0.00029464059348809486
B1,7.136274879166667,4.139081306117916,0.0003535310167637443
B1,7.203598227083334,4.137356293149116,0.00042418727723349926
B1,7.270921575,4.135225704177699,0.0005088932189777249
B1,7.338244922916667,4.132735160542094,0.0006104034708150561
B1,7.405568270833333,4.129682311540398,0.0007320755240899215
B1,7.47289161875,4.1260899361962,0.0008780081793756436
B1,7.540214966666667,4.1217107113696745,0.0010531711904818773
B1,7.6075383145833335,4.116532893821133,0.0012635251645346979
B1,7.674861662500001,4.110245461235207,0.001516151960088488
B1,7.742185010416667,4.102785194635971,0.0018194343712855676
B1,7.809508358333334,4.0937506592280455,0.0021833313846722395
B1,7.87683170625,4.083003313697075,0.0026197806878368625
B1,7.944155054166667,4.070013329581816,0.0031432244582942004
B1,8.011478402083334,4.0545331657793975,0.0037712131592287724
B1,8.07880175,4.035848839494187,0.004525022347485096
B1,8.146125097916668,4.013555616926013,0.005430235380551437
B1,8.213448445833333,3.9866712402183224,0.0065173046053998715
B1,8.28077179375,3.9545681784925217,0.00782219834112143
B1,8.348095141666667,3.91586706945007,0.009387352344185189
B1,8.415418489583335,3.869641957314457,0.01126322174370597
B1,8.482741837499999,3.8138993928124876,0.013510703833769438
B1,8.550065185416667,3.747391731121306,0.016204523957581766
B1,8.617388533333333,3.666972935845501,0.01943732047194927
B1,8.68471188125,3.575574865167364,0.023323562019106868
B1,8.752035229166667,3.4759249169652,0.028001475645558382
B1,8.819358577083333,3.3547606193558237,0.03362998723650998
B1,8.886681925000001,3.1970950638828133,0.0403770262712693
B1,8.954005272916667,2.9809591790688774,0.04841614037224768
B1,9.021328620833334,2.695494949050779,0.05807813867810302
B1,9.088651968750002,2.3504030899237205,0.06994592383162185
B1,9.155975316666666,1.935075634372205,0.08472125502156755
B1,9.223298664583334,1.426754490077708,0.10301546693497671
B1,9.2906220125,0.8193931119894985,0.12519188358797634
B1,9.357945360416666,0.12332964246516569,0.1512697363802364
B1,9.425268708333334,-0.638409347558356,0.1808768953937962
B1,9.49259205625,-1.437166721449422,0.21325045646115673
B1,9.559915404166667,-2.2443614075156137,0.24728177059355438
B1,9.627238752083334,-3.030280498603074,0.2816034989594779
B1,9.6945621,-3.763828249085288,0.3147066165375198
B1,9.761885447916667,-4.447712044825921,0.3450451037664419
B1,9.829208795833333,-5.104170972321351,0.37118103963184884
B1,9.89653214375,-5.71090387904172,0.3923396308771659
B1,9.963855491666667,-6.241722629865385,0.40873837561471765
B1,10.031178839583333,-6.6760641124328455,0.42138581800741626
B1,10.098502187500001,-6.9904679144199084,0.43171710228650056
B1,10.165825535416667,-7.173307803824596,0.44118233179962835
B1,10.233148883333334,-7.216418454129326,0.4508750623951966
B1,10.300472231250001,-7.119978052433989,0.46126762978232655
B1,10.367795579166666,-6.888632340869932,0.47208787417799924
B1,10.435118927083334,-6.536157815970601,0.4823470258856859
B1,10.502442275,-6.081863957279612,0.49050524910213755
B1,10.569765622916666,-5.551317600116702,0.49474800656881196
B1,10.637088970833334,-4.967320731688526,0.49332392841197975
B1,10.70441231875,-4.373378135227061,0.4848940797249272
B1,10.771735666666666,-3.813109181701145,0.4688308945849541
B1,10.839059014583334,-3.3318095422323992,0.44541686740443676
B1,10.9063823625,-2.955491440990187,0.41602881631518307
B1,10.973705710416668,-2.6812356555072556,0.3832239717343356
B1,11.041029058333333,-2.4974180854791097,0.35042866475839013
B1,11.108352406249999,-2.402571300823898,0.32144223430651925
B1,11.175675754166667,-2.3896964460500696,0.29973579655262456
B1,11.242999102083333,-2.4551939181312044,0.2877887434223488
B1,11.310322450000001,-2.6137162753110887,0.28670841254024493
B1,11.377645797916667,-2.906925291033942,0.29607212052715265
B1,11.444969145833333,-3.3541874758433154,0.31401633327733336
B1,11.512292493750001,-3.936420749978777,0.33758267095301797
B1,11.579615841666667,-4.604326747798637,0.3632353941787588
B1,11.646939189583334,-5.299489763476618,0.3874705595001296
B1,11.7142625375,-6.001272201053818,0.40743497643067483
B1,11.781585885416666,-6.657853821260963,0.4211297819319492
B1,11.848909233333334,-7.22886249205481,0.4272906523429498
B1,11.91623258125,-7.685261150401172,0.4255430928424362
B1,11.983555929166668,-8.006009010088766,0.4164614424287139
B1,12.050879277083334,-8.176328896489126,0.40143918496405845
B1,12.118202625,-8.18883626109638,0.38240149954359987
B1,12.185525972916668,-8.043392777845522,0.3614373340862365
B1,12.252849320833333,-7.747301532519349,0.3404495992249283
B1,12.320172668749999,-7.314961830164719,0.3209074944175966
B1,12.387496016666667,-6.753781851975663,0.3037459625782064
B1,12.454819364583333,-6.099314021044931,0.2893832141738335
B1,12.5221427125,-5.420762121533083,0.2777987800375358
B1,12.589466060416667,-4.776187354382153,0.26867776348575484
B1,12.656789408333333,-4.223958416404084,0.26156298447979454
B1,12.724112756250001,-3.8006429857907063,0.256137216090345
B1,12.791436104166667,-3.5306056772639214,0.252431205284824
B1,12.858759452083335,-3.4339210428031146,0.2508071936932294
B1,12.9260828,-3.5232255429124653,0.2519040847401898
B1,12.993406147916666,-3.791738585024167,0.25656451703140537
B1,13.060729495833334,-4.185111853636104,0.26560591189327604
B1,13.12805284375,-4.642340034147344,0.2794607533418333
B1,13.195376191666668,-5.123525299236017,0.2979812072821734
B1,13.262699539583334,-5.608769352884031,0.32037187000405387
B1,13.3300228875,-6.0926372607246275,0.34521202253237193
B1,13.397346235416668,-6.552491602303399,0.3705546772898108
B1,13.464669583333334,-6.961792815683749,0.39411057750355283
B1,13.53199293125,-7.2961490357320615,0.41354617466228555
B1,13.599316279166667,-7.538125316222253,0.4268480167296323
B1,13.666639627083333,-7.67506584172558,0.4326710782525295
B1,13.733962975,-7.710502124613174,0.4305783226153244
B1,13.801286322916667,-7.657772263835114,0.42121771935525054
B1,13.868609670833333,-7.505177432889123,0.4066608046724995
B1,13.935933018750001,-7.263732946841013,0.39018062639043544
B1,14.003256366666667,-6.946547270005267,0.3755778180617289
B1,14.070579714583335,-6.566951291825642,0.3664333054069834
B1,14.1379030625,-6.163101829779771,0.36543374046503085
B1,14.205226410416666,-5.788995448179539,0.3738479586315248
B1,14.272549758333334,-5.484995934916667,0.3913050177227907
B1,14.33987310625,-5.251494689800106,0.41604449867117377
B1,14.407196454166668,-5.099403369218788,0.4452817451794412
B1,14.474519802083334,-5.041569390117729,0.47562093335602795
B1,14.54184315,-5.075479114837716,0.5035425396355339
B1,14.609166497916668,-5.197873598156324,0.5259498202395305
B1,14.676489845833334,-5.401638495964527,0.540692951120144
B1,14.743813193750002,-5.68057855114248,0.546953723388931
B1,14.811136541666666,-6.0162091216723965,0.545361819578875
B1,14.878459889583333,-6.359910294661521,0.5376335413770981
B1,14.9457832375,-6.676938742735977,0.5259649460194596
B1,15.013106585416667,-6.942012714154137,0.512448718188079
B1,15.080429933333335,-7.153772890028278,0.49859704533839255
B1,15.14775328125,-7.317851695383773,0.48508938549926167
B1,15.215076629166667,-7.416409519638169,0.47172680951883633
B1,15.282399977083335,-7.432495182051104,0.45761587994573744
B1,15.349723325000001,-7.349649351280944,0.4415307643391058
B1,15.417046672916666,-7.15869545360069,0.422354940372185
B1,15.484370020833333,-6.86456260641305,0.399495426757805
B1,15.55169336875,-6.477923249716639,0.3731819334838568
B1,15.619016716666668,-6.031893804704363,0.3445929401246294
B1,15.686340064583334,-5.562538388493345,0.31574458664623783
B1,15.7536634125,-5.080053975070642,0.2888476692679478
B1,15.820986760416668,-4.602686014439197,0.26569370921143687
B1,15.888310108333334,-4.151622956052046,0.24744126061598382
B1,15.955633456250002,-3.7572929398488264,0.23450520321466595
B1,16.022956804166668,-3.4204381609646246,0.22658251724183942
B1,16.090280152083334,-3.1582364851815017,0.22281319162890026
B1,16.1576035,-2.993976057492024,0.22204526953025333
B1,16.224926847916667,-2.947770989176157,0.2231351045520789
B1,16.292250195833336,-3.0157422102383324,0.22539158211982022
B1,16.35957354375,-3.1951614824468804,0.22884889471287442
B1,16.426896891666665,-3.4626974168753955,0.23422166594513483
B1,16.494220239583335,-3.8231803789961285,0.24251049120488846
B1,16.5615435875,-4.281971112535406,0.2546280818657828
B1,16.628866935416667,-4.832787699188074,0.27117361205328566
B1,16.696190283333333,-5.456071501200793,0.2922399557519691
B1,16.76351363125,-6.110183027708905,0.3172768898877589
B1,16.83083697916667,-6.731336691111907,0.3450449681051203
B1,16.898160327083335,-7.292438043764775,0.3737106190238404
B1,16.965483674999998,-7.778136157531252,0.401287223501479
B1,17.032807022916668,-8.145573749339281,0.42638143427567887
B1,17.100130370833334,-8.38061101252447,0.44843103454911243
B1,17.16745371875,-8.47389131564795,0.4676290850872313
B1,17.234777066666666,-8.429336628118849,0.4846945806976055
B1,17.302100414583332,-8.260765785020686,0.5005377088061156
B1,17.3694237625,-7.97932777443255,0.5158901535562542
B1,17.43674711041667,-7.615622343581251,0.5309838522779775
B1,17.504070458333334,-7.199135511807928,0.5453616940261382
B1,17.57139380625,-6.778137654322348,0.5578550768870429
B1,17.638717154166667,-6.413255655510475,0.5668228391852845
B1,17.706040502083333,-6.123776735339925,0.5707034332043445
B1,17.773363850000003,-5.907101348217281,0.5684340095476648
B1,17.84068719791667,-5.764449692450249,0.5597410565885694
B1,17.908010545833335,-5.713003262394145,0.5453123442915743
B1,17.97533389375,-5.753696291337192,0.5267409858118967
B1,18.042657241666667,-5.8863323806193915,0.5062708039953056
B1,18.109980589583337,-6.093876179854435,0.48640877375935454
B1,18.177303937500003,-6.376041268701144,0.4694687409286969
B1,18.244627285416666,-6.7304828190400166,0.4571257322661857
B1,18.311950633333332,-7.130899776205683,0.4501243603719525
B1,18.379273981249998,-7.523353167938374,0.44814904651338494
B1,18.446597329166668,-7.8670285269454805,0.4497357136467275
B1,18.513920677083334,-8.128573852614432,0.45248982985101377
B1,18.581244025,-8.27371646158896,0.45360481021817645
B1,18.648567372916666,-8.301864406456714,0.4504959459310175
B1,18.715890720833332,-8.205753124388526,0.44142351087632337
B1,18.78321406875,-8.007159920114931,0.42596646735085913
B1,18.85053741666667,-7.706707675731707,0.40512809062058097
B1,18.917860764583335,-7.301775990849415,0.38073885761284143
B1,18.9851841125,-6.837911882474391,0.35487658253222265
B1,19.052507460416667,-6.354783569541766,0.3295003011806867
B1,19.119830808333333,-5.886348733179839,0.30616484318506126
B1,19.187154156250003,-5.453355916574661,0.2858456346937626
B1,19.25447750416667,-5.070479302580274,0.26889891712757424
B1,19.321800852083335,-4.739328107413214,0.25515158166813545
B1,19.3891242,-4.451040066017252,0.24407917804264287
B1,19.456447547916664,-4.184668988476188,0.23502235506790514
B1,19.523770895833334,-3.93911181385675,0.22740892187277595
B1,19.59109424375,-3.7338727492755734,0.22094805983135118
B1,19.658417591666666,-3.575689909642123,0.21570700731825346
B1,19.725740939583332,-3.4917061213424567,0.21215500892402522
B1,19.7930642875,-3.458872209978079,0.21142252687045804
B1,19.860387635416668,-3.477614260839503,0.21511939108128997
B1,19.927710983333334,-3.561533781556473,0.2249556811164004
B1,19.99503433125,-3.706450379369909,0.24254884536001858
B1,20.062357679166666,-3.917048502298377,0.26918037737508727
B1,20.129681027083333,-4.185273558662643,0.3056531282035241
B1,20.197004375000002,-4.5206183064439,0.35204513945243515
B1,20.26432772291667,-4.942538928305529,0.40741883161122233
B1,20.331651070833335,-5.462914729779867,0.4696927343204222
B1,20.39897441875,-6.074678204582719,0.5357311366445827
B1,20.466297766666667,-6.760911990466261,0.6016289256764378
B1,20.533621114583337,-7.494965809194611,0.6631346266392665
B1,20.600944462500003,-8.247712659381921,0.7161479309619643
B1,20.66826781041667,-8.982207368835425,0.7571958730364989
B1,20.73559115833333,-9.65629739633923,0.7838177903538047
B1,20.802914506249998,-10.21804415309026,0.7947959636140637
B1,20.870237854166668,-10.63171171487525,0.7902202816582901
B1,20.937561202083334,-10.890560468792097,0.7714123575319235
B1,21.00488455,-10.977151289643357,0.7406735883686569
B1,21.072207897916666,-10.901934426025495,0.7008845951086867
B1,21.139531245833332,-10.690828942453988,0.6550536671476213
B1,21.206854593750002,-10.358368269167858,0.6059396773484946
B1,21.274177941666668,-9.912777502357658,0.5557996694358668
B1,21.341501289583334,-9.357326406588879,0.5062915153060046
B1,21.4088246375,-8.704637524292512,0.45854955802795627
B1,21.476147985416667,-7.971990997979779,0.4134017344581594
B1,21.543471333333333,-7.187904097479501,0.371651989432729
B1,21.610794681250002,-6.396036808855783,0.33429905330550713
B1,21.67811802916667,-5.639204738730515,0.3022661185352805
B1,21.745441377083335,-4.9684084556200405,0.2759469526364637
B1,21.812764725,-4.417838608550464,0.2551633948235482
B1,21.880088072916667,-4.001857935445858,0.23922579597959773
B1,21.947411420833337,-3.7116455160626125,0.22707195761411128
B1,22.01473476875,-3.5224843374114143,0.2174976267652122
B1,22.082058116666666,-3.377446666088501,0.20939721837558237
B1,22.149381464583332,-3.229265160550034,0.20184205439958422
B1,22.216704812499998,-3.0470139255676014,0.1941996292753315
B1,22.284028160416668,-2.804138635399078,0.1860830678836206
B1,22.351351508333334,-2.4962835318087313,0.177356058929597
B1,22.41867485625,-2.1253039361715067,0.16811404994696494
B1,22.485998204166666,-1.709388913004497,0.15859393925250215
B1,22.553321552083332,-1.2608573922687258,0.1490564814197635
B1,22.620644900000002,-0.7975405795650536,0.13968861168424654
B1,22.687968247916668,-0.3343918339120186,0.13055478627494485
B1,22.755291595833334,0.1153753789587587,0.12160237163664425
B1,22.82261494375,0.5510057774838368,0.11270484105385306
B1,22.889938291666667,0.9813009608359579,0.10371688353028058
B1,22.957261639583336,1.4236312535938604,0.0945209867098216
B1,23.024584987500003,1.8651571072211879,0.08508607140565562
B1,23.09190833541667,2.284910722234213,0.07551293832457523
B1,23.159231683333335,2.667675485634662,0.06600665785325871
B1,23.226555031249998,2.9976326918652343,0.056825815433571486
B1,23.293878379166667,3.2628543790113516,0.048229868690358925
B1,23.361201727083333,3.4605948234683797,0.04043370395478537
B1,23.428525075,3.600695418670814,0.033573623686273125
B1,23.495848422916666,3.708578595465103,0.027686510493612048
B1,23.563171770833332,3.805553391856851,0.022711897112719925
B1,23.63049511875,3.8862250356644394,0.018548625295159424
B1,23.697818466666668,3.951309212847849,0.01509370857314883
B1,23.765141814583334,4.004135766313919,0.01224838511814088
B1,23.8324651625,4.046761419851382,0.009920451692729296
B1,23.899788510416666,4.0813271022051785,0.008025662953155498
B1,23.967111858333336,4.109186023161693,0.006488856050432233
B1,24.034435206250002,4.131801689376946,0.005244796360060125
B1,24.10175855416667,4.150001893107916,0.004238467820739231
B1,24.169081902083335,4.164810938880794,0.0034246230840929725
B1,24.23640525,4.176702530475191,0.0027666634763338664
B1,24.30372859791667,4.186415073119158,0.0022351356391369995
B1,24.371051945833337,4.194188832460721,0.0018062024719541392
B1,24.438375293750003,4.20057458519014,0.0014603691402690344
B1,24.505698641666665,4.205659175502528,0.0011815816232708355
B1,24.57302198958333,4.209870037050137,0.0009566538211391065
B1,24.640345337499998,4.213194618741219,0.0007748871343420324
B1,24.707668685416667,4.215980000696498,0.0006277452446634889
B1,24.774992033333334,4.218150329969253,0.0005085060334028562
B1,24.84231538125,4.220000189462896,0.00041188527558154176
B1,24.909638729166666,4.221413369036499,0.00033367469784970365
B1,24.976962077083332,4.222649210583743,0.0002704473384628917
B1,25.044285425,4.223565590547856,0.00021935999594061497
B1,25.111608772916668,4.224397839025544,0.00017804619798537978
B1,25.178932120833334,4.224987650967381,0.00014456485955062032
B1,25.24625546875,4.225553945817055,0.00011736410749438794
B1,25.313578816666666,4.225928836730297,9.523286911898754e-05
B1,25.380902164583336,4.2263196849695035,7.723395350633765e-05
B1,25.448225512500002,4.226553261129704,6.262896338637744e-05
B1,25.51554886041667,4.226828648993018,5.081259748431139e-05
B1,25.582872208333335,4.226969577085912,4.126959271200075e-05
B1,25.65019555625,4.227168630895041,3.355678799397969e-05
B1,25.71751890416667,4.227248578125357,2.7301840949703606e-05
B1,25.784842252083333,4.227396991031944,2.220616056420188e-05
B1,25.8521656,4.227436804701139,1.8042164038026822e-05
B1,25.919488947916665,4.227551548940396,1.4641547486744472e-05
B1,25.98681229583333,4.227565092004339,1.1877112788056208e-05
B1,26.05413564375,4.227657468335308,9.644561887441314e-06
B1,26.121458991666668,4.227653919565132,7.850256185580099e-06
B1,26.188782339583334,4.227731401178719,6.407555743560941e-06
B1,26.2561056875,4.227716752142017,5.239592065330476e-06
B1,26.323429035416666,4.227784106028927,4.284111929029392e-06
B1,26.390752383333336,4.227762204680981,3.4961837208886023e-06
B1,26.458075731250002,4.227822624809468,2.8467806018049187e-06
B1,26.525399079166668,4.227796090110527,2.317437308340987e-06
B1,26.592722427083334,4.227851729574554,1.8935091203552302e-06
B1,26.660045775,4.227822293513989,1.5591435078199107e-06
B1,26.72736912291667,4.2278745826203386,1.2960316483179654e-06
B1,26.794692470833336,4.227843362503479,1.0854215737609482e-06
B1,26.862015818750002,4.227893189739612,9.114920707321197e-07
B1,26.92933916666667,4.227860884452994,7.639357031184514e-07
B1,26.99666251458333,4.227908867872451,6.385432631275379e-07
B1,27.0639858625,4.227875974837856,5.35340938351053e-07
B1,27.131309210416667,4.227922491713622,4.5522850793241976e-07
B1,27.198632558333333,4.2278892862989474,3.9689688304558793e-07
B1,27.26595590625,4.22793461661286,3.5579815447784154e-07
B1,27.333279254166666,4.227901313114384,3.253379659436963e-07
B1,27.40060260208333,4.227945625740499,2.9928518207951524e-07
B1,27.46792595,4.227912306758107,2.739235944079264e-07
B1,27.535249297916668,4.227955719399693,2.490430364531645e-07
B1,27.602572645833334,4.22792257058621,2.2721996593595775e-07
B1,27.66989599375,4.227965236913689,2.1172243628709164e-07
B1,27.737219341666666,4.2279322683404255,2.0411352494906637e-07
B1,27.804542689583336,4.227974159486995,2.0307256652558513e-07
B1,27.871866037500002,4.2279412956505436,2.0498631200813067e-07
B1,27.939189385416668,4.227982392477212,2.0581213857441956e-07
B1,28.006512733333334,4.227949614619713,2.0301241003571522e-07
B1,28.07383608125,4.2279899315012175,1.9668333073605161e-07
B1,28.14115942916667,4.227957262211545,1.893010923339863e-07
B1,28.208482777083336,4.227996831107471,1.8422301236653991e-07
B1,28.275806125,4.227964279362331,1.8367428256513495e-07
B1,28.343129472916665,4.228003118724713,1.874681566483493e-07
B1,28.41045282083333,4.227970654514862,1.931324455178508e-07
B1,28.47777616875,4.2280087535423,1.9730445998594161e-07
B1,28.545099516666667,4.227976364826916,1.975012749001535e-07
B1,28.612422864583333,4.228013723914283,1.9342034846831135e-07
B1,28.6797462125,4.227981411201092,1.8706416523588825e-07
B1,28.747069560416666,4.228018070554276,1.8160603711417477e-07
B1,28.814392908333335,4.2279858391625105,1.7954666904708704e-07
B1,28.88171625625,4.2280218100621125,1.8131667458627832e-07
B1,28.949039604166668,4.227989654315655,1.850949535842417e-07
B1,29.016362952083334,4.228024941003958,1.8788172698061033e-07
B1,29.0836863,4.227992859705158,1.8711306540523778e-07
B1,29.15100964791667,4.228027477084802,1.8203924066123733e-07
B1,29.218332995833336,4.227995459330973,1.74134916210946e-07
B1,29.285656343750002,4.228029413498988,1.6629235055931366e-07
B1,29.35297969166667,4.227997456382501,1.6115754755994893e-07
B1,29.420303039583334,4.228030764532272,1.596493372480877e-07
B1,29.487626387500004,4.227998878314164,1.6050605155322384e-07
B1,29.554949735416667,4.228031568829414,1.6105130651515364e-07
B1,29.622273083333333,4.227999768351993,1.5863618431470146e-07
B1,29.68959643125,4.228031857067637,1.5207085384091825e-07
B1,29.756919779166665,4.228000143135941,1.4231130829861566e-07
B1,29.824243127083335,4.228031656265971,1.3197260878723917e-07
B1,29.891566475,4.228000042390972,1.2381428587340352e-07
B1,29.958889822916667,4.22803100927744,1.1915290967517873e-07
B1,30.026213170833334,4.227999513156835,1.1718264836004265e-07
B1,30.09353651875,4.228029949805514,1.1553306783679508e-07
B1,30.16085986666667,4.227998577113464,1.1157386078064899e-07
B1,30.228183214583336,4.228028500431836,1.0379823386816655e-07
B1,30.2955065625,4.2279972491902775,9.264948908537177e-08
B1,30.362829910416668,4.228026686496509,8.034929752770835e-08
B1,30.430153258333334,4.227995595013581,6.966316795519689e-08
B1,30.49747660625,4.228024597287934,6.230242682378845e-08
B1,30.56479995416667,4.22799370466996,5.797051870141192e-08
B1,30.632123302083336,4.2280223069827,5.461888435526641e-08
B1,30.699446650000002,4.227991608865024,4.961768790426702e-08
B1,30.766769997916665,4.228019822250861,4.116627912840058e-08
B1,30.83409334583333,4.2279893348989,2.926706230382547e-08
B1,30.90141669375,4.228017194160535,1.5780092777667238e-08
B1,30.968740041666667,4.227986956833297,3.4081766285771164e-09
B1,31.036063389583333,4.2280145167250405,-5.854785796481901e-09
B1,31.1033867375,4.227984553082252,-1.1847350489991228e-08
B1,31.170710085416665,4.228011838025377,-1.6253668152437546e-08
B1,31.238033433333335,4.227982166539136,-2.1620692123542432e-08
B1,31.30535678125,4.228009193606728,-2.998447343984043e-08
B1,31.372680129166667,4.2279798223366125,-4.1770414158195886e-08
B1,31.440003477083334,4.228006631754067,-5.5504647233518854e-08
B1,31.507326825,4.22797761339137,-6.859847413138737e-08
B1,31.57465017291667,4.228004261589462,-7.883670328748583e-08
B1,31.641973520833336,4.227975625371547,-8.563787483870461e-08
B1,31.709296868750002,4.228002133189346,-9.030265400885499e-08
B1,31.776620216666668,4.227973894215047,-9.52209355014407e-08
B1,31.843943564583334,4.2280002906362215,-1.02586621885476e-07
B1,31.911266912500004,4.22797245894983,-1.1323448037417837e-07
B1,31.97859026041667,4.227998768091012,-1.2612854604050678e-07
B1,32.045913608333336,4.227971375946234,-1.3886506994483016e-07
B1,32.11323695625,4.2249761384690085,-1.4904497309942116e-07
B1,32.18056030416667,4.216295658122283,-1.5566946841298883e-07
B1,32.24788365208334,4.2032866476749415,-1.5964824091038143e-07
